"rodne_nid","rodne_pid","trid","rodne_uid","site_name","uid","stid","multistem","rcdm","conifer","rodne_site_ab","plot_type","plot_size","rodne_sid","corvallis_core","spcd","diam_cm","capo_num","cond","con_numeric","inner_ring","outer_ring","pith","d2pith_cm","metlen_age","harvest_date","plantassoc","pvt","bps","insol","insol_value","tpi","true_age","year_sampled","spcd_mod","aet","pet","deficit","elevation","diam_in","inddensity","tree_area","tpa","sdi_acre","basal_area_acre","biostrat","x","y","snag_spcd_group","snag_slope","snag_dbh","snagfall_rogers","snagfall_mellen","decay_25_rogers","decay_50_rogers","decay_75_rogers","decay_25_mellen","decay_50_mellen","decay_75_mellen","endyear_rogers","endyear_mellen","deathyear_rogers","deathyear_mellen","end_year","ci_age_lower","predicted_age","ci_age_upper","pred_pith","diam_cm_1911","live_in_1911","age_in_1911","ci_1911_diam_lower","predicted_1911_diam","ci_1911_diam_upper"
1,"A01",2,"A010016_new","Ashland","AW14_002_08_new","7_new",1,NA,"Hardwood","A","density",0.1,NA,"NO","ARME",36.3230488515146,3,"LIVE",1,NA,NA,NA,NA,NA,NA,"PSME/HODI/WHMO-SWO","Douglas-fir - Dry","Mediterranean California Dry-Mesic Mixed Conifer Forest and Woodland","Cool",970818,"Mid Slope",NA,2011,6,571,788,217,1261,7.44094488188976,0.623167707417467,0.301983743424545,494,299,147,"Douglas-fir - Dry,Cool,Mid Slope",-122.7419046,42.17883426,NA,NA,NA,NA,NA,NA,NA,NA,NA,NA,NA,NA,NA,NA,NA,1943,64,70,95,1873,NA,"Yes",38,9.9051386464999,10.6169494695103,16.2434544026375
2,"A01",6,"A010029_new","Ashland","AW14_006_02_new","1_new",1,115,"Hardwood","A","density",0.1,NA,"NO","ARME",37.6764449248657,3,"LIVE",1,NA,NA,NA,NA,NA,NA,"PSME/HODI/WHMO-SWO","Douglas-fir - Dry","Mediterranean California Dry-Mesic Mixed Conifer Forest and Woodland","Cool",970818,"Mid Slope",NA,2011,6,571,788,217,1261,8.26771653543307,0.737593235249194,0.372819436326599,494,299,147,"Douglas-fir - Dry,Cool,Mid Slope",-122.7419046,42.17883426,NA,NA,NA,NA,NA,NA,NA,NA,NA,NA,NA,NA,NA,NA,NA,1962,64,70,95,1892,NA,"Yes",19,4.81511912893246,8.58637199315348,18.4408454730933
3,"A01",14,"A010055_new","Ashland","AW14_014_06_new","5_new",1,NA,"Hardwood","A","density",0.1,NA,"NO","ARME",32.7521151429182,3,"LIVE",1,NA,NA,NA,NA,NA,NA,"PSME/HODI/WHMO-SWO","Douglas-fir - Dry","Mediterranean California Dry-Mesic Mixed Conifer Forest and Woodland","Cool",970818,"Mid Slope",NA,2011,6,571,788,217,1261,6.69291338582677,0.525998284346066,0.24431931314827,494,299,147,"Douglas-fir - Dry,Cool,Mid Slope",-122.7419046,42.17883426,NA,NA,NA,NA,NA,NA,NA,NA,NA,NA,NA,NA,NA,NA,NA,1962,36,73,95,1889,NA,"Yes",22,4.81511912893246,8.64985785824526,18.4408454730933
4,"A02",15,"A020041_new","Ashland","AW15_015_06_new","5_new",1,NA,"Hardwood","A","density",0.1,NA,"NO","ARME",24.3796361897565,3,"LIVE",1,NA,NA,NA,NA,NA,NA,"PSME-ABCO/SYMO","White fir - Intermediate","Mediterranean California Dry-Mesic Mixed Conifer Forest and Woodland","Warm",1307130.625,"Mid Slope",NA,2011,6,565,761,197,1290,8.22834645669291,0.731981510597834,0.369277228983723,368,319,177,"White fir - Intermediate,Warm,Mid Slope",-122.73659309,42.17301727,NA,NA,NA,NA,NA,NA,NA,NA,NA,NA,NA,NA,NA,NA,NA,1967,31,36,46,1931,NA,"No",0,0,0,0
5,"A02",35,"A020067_new","Ashland","AW15_035_03_new","2_new",1,NA,"Hardwood","A","density",0.1,NA,"NO","ARME",36.0921749930884,2,"LIVE",1,NA,NA,NA,NA,NA,NA,"PSME-ABCO/SYMO","White fir - Intermediate","Mediterranean California Dry-Mesic Mixed Conifer Forest and Woodland","Warm",1307130.625,"Mid Slope",NA,2011,6,565,761,197,1290,3.93700787401575,0.225043282266502,0.0845395547225848,368,319,177,"White fir - Intermediate,Warm,Mid Slope",-122.73659309,42.17301727,NA,NA,NA,NA,NA,NA,NA,NA,NA,NA,NA,NA,NA,NA,NA,1967,41,54,106,1913,NA,"No",0,0,0,0
6,"A02",46,"A020094_new","Ashland","AW15_046_04_new","3_new",1,NA,"Hardwood","A","density",0.1,NA,"NO","ARME",15.5864284988686,0,"OLDER DEAD",4,NA,NA,NA,NA,NA,NA,"PSME-ABCO/SYMO","White fir - Intermediate","Mediterranean California Dry-Mesic Mixed Conifer Forest and Woodland","Warm",1307130.625,"Mid Slope",NA,2011,6,565,761,197,1290,4.33070866141732,0.262116493604645,0.102292861214328,368,319,177,"White fir - Intermediate,Warm,Mid Slope",-122.73659309,42.17301727,"Pacific madrone","Other","Small",0.0497322111706197,0.0850555555555556,-7.60356803384786,-3.80178401692393,-1.57788293118239,-7.60356803384786,-3.80178401692393,-1.57788293118239,2007,2007,2007,2007,1963,31,44,46,1919,NA,"No",0,0,0,0
7,"A02",47,"A020096_new","Ashland","AW15_047_03_new","2_new",1,NA,"Hardwood","A","density",0.1,NA,"NO","ARME",35.5289677103979,2,"LIVE",1,NA,NA,NA,NA,NA,NA,"PSME-ABCO/SYMO","White fir - Intermediate","Mediterranean California Dry-Mesic Mixed Conifer Forest and Woodland","Warm",1307130.625,"Mid Slope",NA,2011,6,565,761,197,1290,4.7244094488189,0.301270110735157,0.121736958800522,368,319,177,"White fir - Intermediate,Warm,Mid Slope",-122.73659309,42.17301727,NA,NA,NA,NA,NA,NA,NA,NA,NA,NA,NA,NA,NA,NA,NA,1966,41,54,106,1912,NA,"No",0,0,0,0
8,"A02",49,"A020108_new","Ashland","AW15_049_07_new","6_new",1,NA,"Hardwood","A","density",0.1,NA,"NO","ARME",40.2079473523629,0,"RECENT DEAD",3,NA,NA,NA,NA,NA,NA,"PSME-ABCO/SYMO","White fir - Intermediate","Mediterranean California Dry-Mesic Mixed Conifer Forest and Woodland","Warm",1307130.625,"Mid Slope",NA,2011,6,565,761,197,1290,4.68503937007874,0.297263229453207,0.119716463442652,368,319,177,"White fir - Intermediate,Warm,Mid Slope",-122.73659309,42.17301727,"Pacific madrone","Other","Small",0.0497322111706197,0.0850555555555556,NA,NA,NA,NA,NA,NA,NA,NA,2011,2011,1966,41,86,106,1880,NA,"Yes",31,10.8934135169514,14.9716824822574,16.1409813874788
9,"A03",20,"A030031_new","Ashland","AW27_020_03_new","2_new",1,NA,"Hardwood","A","density",0.1,NA,"NO","ARME",11.9656284884429,0,"BROKEN TOPPED SNAG",6,NA,NA,NA,NA,NA,NA,"PSME-PIPO/RHDI6","Douglas-fir - Dry","Mediterranean California Dry-Mesic Mixed Conifer Forest and Woodland","Warm",1377170.5,"Bottom Slope",NA,2011,6,517,645,128,998,4.33070866141732,0.262116493604645,0.102292861214328,328,260,149,"Douglas-fir - Dry,Warm,Bottom Slope",-122.72518208,42.16986597,"Pacific madrone","Other","Small",0.0497322111706197,0.0850555555555556,-46.0852578110958,-23.0426289055479,-9.56355507776901,-34.504947450749,-17.2524737253745,-7.16042355135339,1988,1994,1988,1994,1967,21,27,33,1940,NA,"No",0,0,0,0
10,"A03",54,"A030067_new","Ashland","AW27_054_03_new","2_new",1,NA,"Hardwood","A","density",0.1,NA,"NO","ARME",11.2402462130433,0,"BROKEN TOPPED SNAG",6,NA,NA,NA,NA,NA,NA,"PSME-PIPO/RHDI6","Douglas-fir - Dry","Mediterranean California Dry-Mesic Mixed Conifer Forest and Woodland","Warm",1377170.5,"Bottom Slope",NA,2011,6,517,645,128,998,8.07086614173228,0.709695793509139,0.355277478721663,328,260,149,"Douglas-fir - Dry,Warm,Bottom Slope",-122.72518208,42.16986597,"Pacific madrone","Other","Medium",0.0497322111706197,0.0831666666666667,-46.0852578110958,-23.0426289055479,-9.56355507776901,-34.8753260570119,-17.4376630285059,-7.23728405661826,1988,1994,1988,1994,1960,21,27,33,1933,NA,"No",0,0,0,0
11,"A05",8,"A050015_new","Ashland","AW31_008_03_new","2_new",1,NA,"Hardwood","A","density",0.1,NA,"NO","ARME",10.9835621657599,0,"CUT STUMP",2,NA,NA,NA,NA,NA,2005,"PIPO-PSME","Ponderosa pine - Dry","Northern Rocky Mountain Ponderosa Pine Woodland and Savanna - Mesic","Warm",1433473.375,"Ridge Top",NA,2011,6,570,781,212,1248,2.99212598425197,0.145066723146496,0.048830046807765,154,285,206,"Ponderosa pine - Dry,Warm,Ridge Top",-122.73195903,42.16751545,"Pacific madrone","Ridgetop","Small",0.0497322111706197,0.143888888888889,NA,NA,NA,NA,NA,NA,NA,NA,2005,2005,1956,36,49,76,1907,NA,"Yes",4,3.22875608676405,4.8483693228387,5.48651685393258
12,"A05",43,"A050053_new","Ashland","AW31_043_03_new","2_new",1,NA,"Hardwood","A","density",0.1,NA,"NO","ARME",15.2654495538167,0,"CUT STUMP",2,NA,NA,NA,NA,NA,2005,"PIPO-PSME","Ponderosa pine - Dry","Northern Rocky Mountain Ponderosa Pine Woodland and Savanna - Mesic","Warm",1433473.375,"Ridge Top",NA,2011,6,570,781,212,1248,2.99212598425197,0.145066723146496,0.048830046807765,154,285,206,"Ponderosa pine - Dry,Warm,Ridge Top",-122.73195903,42.16751545,"Pacific madrone","Ridgetop","Small",0.0497322111706197,0.143888888888889,NA,NA,NA,NA,NA,NA,NA,NA,2005,2005,1956,36,48,75,1908,NA,"Yes",3,3.22875608676405,4.42894958787701,5.48651685393258
13,"A07",7,"A070025_new","Ashland","AW69_007_02_new","2_new",1,NA,"Hardwood","A","density",0.1,NA,"NO","ARME",13.3079492363691,4,"LIVE",1,NA,NA,NA,NA,NA,NA,"PSME/DRY SHRUB","Douglas-fir - Dry","Mediterranean California Dry-Mesic Mixed Conifer Forest and Woodland","Cool",916706.0625,"Mid Slope",NA,2012,6,534,738,204,923,2.79527559055118,0.130100633523509,0.042616389535655,255,267,168,"Douglas-fir - Dry,Cool,Mid Slope",-122.70899549,42.16578451,NA,NA,NA,NA,NA,NA,NA,NA,NA,NA,NA,NA,NA,NA,NA,1963,40,49,109,1914,NA,"No",0,0,0,0
14,"A07",11,"A070030_002_new","Ashland","AW69_011_02_002_new","2_new",1,NA,"Hardwood","A","density",0.1,NA,"NO","ARME",21.7908748645965,0,"OLDER DEAD",4,NA,NA,NA,NA,NA,NA,"PSME/DRY SHRUB","Douglas-fir - Dry","Mediterranean California Dry-Mesic Mixed Conifer Forest and Woodland","Cool",916706.0625,"Mid Slope",NA,2012,6,534,738,204,923,0.984251968503937,0.024488944517889,0.00528372217016155,255,267,168,"Douglas-fir - Dry,Cool,Mid Slope",-122.70899549,42.16578451,"Pacific madrone","Other","Small",0.0497322111706197,0.0850555555555556,-7.60356803384786,-3.80178401692393,-1.57788293118239,-7.60356803384786,-3.80178401692393,-1.57788293118239,2008,2008,2008,2008,1959,40,86,109,1873,NA,"Yes",38,4.16469270973809,5.17372981670159,10.0547731729638
15,"A07",22,"A070039_004_new","Ashland","AW69_022_02_004_new","2_new",1,NA,"Hardwood","A","density",0.1,NA,"NO","ARME",20.6789318715663,0,"OLDER DEAD",4,NA,NA,NA,NA,NA,NA,"PSME/DRY SHRUB","Douglas-fir - Dry","Mediterranean California Dry-Mesic Mixed Conifer Forest and Woodland","Cool",916706.0625,"Mid Slope",NA,2012,6,534,738,204,923,0.984251968503937,0.024488944517889,0.00528372217016155,255,267,168,"Douglas-fir - Dry,Cool,Mid Slope",-122.70899549,42.16578451,"Pacific madrone","Other","Small",0.0497322111706197,0.0850555555555556,-7.60356803384786,-3.80178401692393,-1.57788293118239,-7.60356803384786,-3.80178401692393,-1.57788293118239,2008,2008,2008,2008,1959,40,86,109,1873,NA,"Yes",38,4.16469270973809,5.14263217703611,10.0547731729638
16,"A07",74,"A070096_new","Ashland","AW69_074_02_new","2_new",1,NA,"Hardwood","A","density",0.1,NA,"NO","QUKE",19.8217775316906,0,"OLDER DEAD",4,NA,NA,NA,NA,NA,NA,"PSME/DRY SHRUB","Douglas-fir - Dry","Mediterranean California Dry-Mesic Mixed Conifer Forest and Woodland","Cool",916706.0625,"Mid Slope",NA,2012,3,534,738,204,923,0.984251968503937,0.024488944517889,0.00528372217016155,255,267,168,"Douglas-fir - Dry,Cool,Mid Slope",-122.70899549,42.16578451,"Misc hardwoods","Other","Small",0.0716364450414148,0.133833333333333,-7.60356803384786,-3.80178401692393,-1.57788293118239,-7.60356803384786,-3.80178401692393,-1.57788293118239,2008,2008,2008,2008,1959,40,86,109,1873,NA,"Yes",38,4.16469270973809,5.17589228934272,10.0547731729638
17,"A07",75,"A070101_001_new","Ashland","AW69_075_05_001_new","5_new",1,NA,"Hardwood","A","density",0.1,NA,"NO","ARME",31.860737972656,4,"LIVE",1,NA,NA,NA,NA,NA,NA,"PSME/DRY SHRUB","Douglas-fir - Dry","Mediterranean California Dry-Mesic Mixed Conifer Forest and Woodland","Cool",916706.0625,"Mid Slope",NA,2012,6,534,738,204,923,2.95275590551181,0.14202476352394,0.0475534995314539,255,267,168,"Douglas-fir - Dry,Cool,Mid Slope",-122.70899549,42.16578451,NA,NA,NA,NA,NA,NA,NA,NA,NA,NA,NA,NA,NA,NA,NA,1926,40,98,109,1828,NA,"Yes",83,21.4586833795809,25.1167978655621,37.3730747477743
18,"A07",82,"A070112_new","Ashland","AW69_082_02_new","2_new",1,NA,"Hardwood","A","density",0.1,NA,"NO","ARME",19.9354961958759,0,"OLDER DEAD",4,NA,NA,NA,NA,NA,NA,"PSME/DRY SHRUB","Douglas-fir - Dry","Mediterranean California Dry-Mesic Mixed Conifer Forest and Woodland","Cool",916706.0625,"Mid Slope",NA,2012,6,534,738,204,923,0.984251968503937,0.024488944517889,0.00528372217016155,255,267,168,"Douglas-fir - Dry,Cool,Mid Slope",-122.70899549,42.16578451,"Pacific madrone","Other","Small",0.0497322111706197,0.0850555555555556,-7.60356803384786,-3.80178401692393,-1.57788293118239,-7.60356803384786,-3.80178401692393,-1.57788293118239,2008,2008,2008,2008,1927,40,86,109,1841,NA,"Yes",70,12.1156591639871,14.1316878636609,21.4586833795809
19,"A09",31,"A090035_new","Ashland","AW21_031_04_new","3_new",1,NA,"Hardwood","A","density",0.1,NA,"NO","ACMA",20.3245047090546,4,"LIVE",1,NA,NA,NA,NA,NA,NA,"ABCO-PSME/ROGY","White fir - Intermediate","Mediterranean California Mesic Mixed Conifer Forest and Woodland","Cool",1007686.938,"Bottom Slope",NA,2011,6,571,821,250,946,7.83464566929134,0.676754224839765,0.334785090656908,101,216,152,"White fir - Intermediate,Cool,Bottom Slope",-122.71158292,42.16080867,NA,NA,NA,NA,NA,NA,NA,NA,NA,NA,NA,NA,NA,NA,NA,1921,52,90,105,1831,NA,"Yes",80,14.2192334541851,23.1849077443901,32
20,"AB",1087,"A0B0091_new","Ashland","MPR108198_new","1_new",1,60,"Hardwood","A","stem",3,NA,"NO","ARME",13.3789987109798,2,"LIVE",1,NA,NA,NA,NA,NA,NA,"PSME-ABCO/SYMO","White fir - Intermediate","Mediterranean California Dry-Mesic Mixed Conifer Forest and Woodland","Warm",1273804.375,"Ridge Top",NA,2011,6,589,834,245,1209,8.38582677165354,0.754524626285682,0.383547505820895,175,284,190,"White fir - Intermediate,Warm,Ridge Top",-122.6952722,42.14464037,NA,NA,NA,NA,NA,NA,NA,NA,NA,NA,NA,NA,NA,NA,NA,1921,48,73,100,1848,NA,"Yes",63,12.1156591639871,14.5989496592562,16.6726262515128
21,"AB",1108,"A0B0121_new","Ashland","MPR110858_new","2_new",1,NA,"Hardwood","A","stem",3,NA,"NO","ARME",15.9817878004244,3,"LIVE",1,NA,NA,NA,NA,NA,NA,"PSME-ABCO/SYMO","White fir - Intermediate","Mediterranean California Dry-Mesic Mixed Conifer Forest and Woodland","Warm",1273804.375,"Ridge Top",NA,2011,6,589,834,245,1209,5.31496062992126,0.363747555160172,0.154073338481911,175,284,190,"White fir - Intermediate,Warm,Ridge Top",-122.6950582,42.14424364,NA,NA,NA,NA,NA,NA,NA,NA,NA,NA,NA,NA,NA,NA,NA,1918,48,72,100,1846,NA,"Yes",65,12.1156591639871,14.7603035385465,16.6726262515128
22,"AB",1183,"A0B0201_new","Ashland","MPR118377_new","1_new",1,75,"Hardwood","A","stem",3,NA,"NO","ARME",14.0968796983109,3,"LIVE",1,NA,NA,NA,NA,NA,NA,"PSME-ABCO/SYMO","White fir - Intermediate","Mediterranean California Dry-Mesic Mixed Conifer Forest and Woodland","Warm",1273804.375,"Ridge Top",NA,2011,6,589,834,245,1209,11.3779527559055,1.22942659006973,0.7060828149985,175,284,190,"White fir - Intermediate,Warm,Ridge Top",-122.6947575,42.14444365,NA,NA,NA,NA,NA,NA,NA,NA,NA,NA,NA,NA,NA,NA,NA,1918,48,73,100,1845,NA,"Yes",66,12.1156591639871,14.5989496592562,16.6726262515128
23,"AB",1186,"A0B0206_new","Ashland","MPR118664_new","2_new",1,NA,"Hardwood","A","stem",3,NA,"NO","ARME",19.1087742307032,0,"CLEAN SNAG",5,NA,NA,NA,NA,NA,NA,"PSME-ABCO/SYMO","White fir - Intermediate","Mediterranean California Dry-Mesic Mixed Conifer Forest and Woodland","Warm",1273804.375,"Ridge Top",NA,2011,6,589,834,245,1209,4.60629921259843,0.289309991277284,0.115726196459746,175,284,190,"White fir - Intermediate,Warm,Ridge Top",-122.6948738,42.14439697,"Pacific madrone","Ridgetop","Small",0.0497322111706197,0.143888888888889,-17.5225369431286,-8.76126847156432,-3.63625495694863,-17.5225369431286,-8.76126847156432,-3.63625495694863,2002,2002,2002,2002,1921,48,90,100,1831,NA,"Yes",80,14.2192334541851,23.1849077443901,32
24,"AB",1189,"A0B0209_new","Ashland","MPR118933_new","2_new",1,NA,"Hardwood","A","stem",3,NA,"NO","ARME",17.0156074966077,3,"LIVE",1,NA,NA,NA,NA,NA,NA,"PSME-ABCO/SYMO","White fir - Intermediate","Mediterranean California Dry-Mesic Mixed Conifer Forest and Woodland","Warm",1273804.375,"Ridge Top",NA,2011,6,589,834,245,1209,5.86614173228346,0.425955355407758,0.18768626543961,175,284,190,"White fir - Intermediate,Warm,Ridge Top",-122.6947728,42.14462874,NA,NA,NA,NA,NA,NA,NA,NA,NA,NA,NA,NA,NA,NA,NA,1929,48,75,100,1854,NA,"Yes",57,12.1156591639871,13.7396037239034,14.9969784370279
25,"AB",1191,"A0B0211_new","Ashland","MPR119149_new","2_new",1,NA,"Hardwood","A","stem",3,NA,"NO","ARME",18.535461012026,0,"OLDER DEAD",4,NA,NA,NA,NA,NA,NA,"PSME-ABCO/SYMO","White fir - Intermediate","Mediterranean California Dry-Mesic Mixed Conifer Forest and Woodland","Warm",1273804.375,"Ridge Top",NA,2011,6,589,834,245,1209,4.76377952755905,0.305297076756247,0.123774362069336,175,284,190,"White fir - Intermediate,Warm,Ridge Top",-122.6947668,42.14463933,"Pacific madrone","Ridgetop","Small",0.0497322111706197,0.143888888888889,-7.60356803384786,-3.80178401692393,-1.57788293118239,-7.60356803384786,-3.80178401692393,-1.57788293118239,2007,2007,2007,2007,1921,48,90,100,1831,NA,"Yes",80,14.2192334541851,23.0548779261318,32
26,"AB",120,"A0B0228_new","Ashland","MPR12062_new","2_new",1,NA,"Hardwood","A","stem",3,NA,"NO","ARME",18.4961125525577,3,"LIVE",1,NA,NA,NA,NA,NA,NA,"PSME-ABCO/SYMO","White fir - Intermediate","Mediterranean California Dry-Mesic Mixed Conifer Forest and Woodland","Warm",1273804.375,"Ridge Top",NA,2011,6,589,834,245,1209,5.35433070866142,0.368068208040462,0.156364360414893,175,284,190,"White fir - Intermediate,Warm,Ridge Top",-122.6940316,42.14449715,NA,NA,NA,NA,NA,NA,NA,NA,NA,NA,NA,NA,NA,NA,NA,1937,48,90,100,1847,NA,"Yes",64,12.1156591639871,14.761524185165,16.6726262515128
27,"AB",1210,"A0B0234_new","Ashland","MPR121069_new","2_new",1,NA,"Hardwood","A","stem",3,NA,"NO","ARME",18.1606525725559,3,"LIVE",1,NA,NA,NA,NA,NA,NA,"PSME-ABCO/SYMO","White fir - Intermediate","Mediterranean California Dry-Mesic Mixed Conifer Forest and Woodland","Warm",1273804.375,"Ridge Top",NA,2011,6,589,834,245,1209,6.10236220472441,0.45372924288435,0.20310628022101,175,284,190,"White fir - Intermediate,Warm,Ridge Top",-122.6948053,42.14467606,NA,NA,NA,NA,NA,NA,NA,NA,NA,NA,NA,NA,NA,NA,NA,1939,48,75,100,1864,NA,"Yes",47,9.79140682433679,10.1324664641772,12.3272667020148
28,"AB",1279,"A0B0312_new","Ashland","MPR127926_new","3_new",1,NA,"Hardwood","A","stem",3,NA,"NO","ARME",41.228571219904,0,"OLDER DEAD",4,NA,NA,NA,NA,NA,NA,"PSME-ABCO/SYMO","White fir - Intermediate","Mediterranean California Dry-Mesic Mixed Conifer Forest and Woodland","Warm",1273804.375,"Ridge Top",NA,2011,6,589,834,245,1209,7.20472440944882,0.591817491696152,0.283114514810464,175,284,190,"White fir - Intermediate,Warm,Ridge Top",-122.6949414,42.14493288,"Pacific madrone","Ridgetop","Small",0.0497322111706197,0.143888888888889,-7.60356803384786,-3.80178401692393,-1.57788293118239,-7.60356803384786,-3.80178401692393,-1.57788293118239,2007,2007,2007,2007,1918,74,97,103,1821,NA,"Yes",90,19.986387921351,28.5288111055449,32
29,"AB",1338,"A0B0384_new","Ashland","MPR133857_new","2_new",1,NA,"Hardwood","A","stem",3,NA,"NO","ARME",26.1307127108009,3,"LIVE",1,NA,NA,NA,NA,NA,NA,"PSME-ABCO/SYMO","White fir - Intermediate","Mediterranean California Dry-Mesic Mixed Conifer Forest and Woodland","Warm",1273804.375,"Ridge Top",NA,2011,6,589,834,245,1209,6.61417322834646,0.516132140427898,0.238604439249023,175,284,190,"White fir - Intermediate,Warm,Ridge Top",-122.6953544,42.14503138,NA,NA,NA,NA,NA,NA,NA,NA,NA,NA,NA,NA,NA,NA,NA,1921,64,90,100.075,1831,NA,"Yes",80,16.6726262515128,23.5005359239639,32
30,"AB",1344,"A0B0390_new","Ashland","MPR134449_new","1_new",1,60,"Hardwood","A","stem",3,NA,"NO","ARME",13.8820914321088,3,"LIVE",1,NA,NA,NA,NA,NA,NA,"PSME-ABCO/SYMO","White fir - Intermediate","Mediterranean California Dry-Mesic Mixed Conifer Forest and Woodland","Warm",1273804.375,"Ridge Top",NA,2011,6,589,834,245,1209,7.08661417322835,0.576370920806797,0.273908157301175,175,284,190,"White fir - Intermediate,Warm,Ridge Top",-122.6952808,42.14512154,NA,NA,NA,NA,NA,NA,NA,NA,NA,NA,NA,NA,NA,NA,NA,1937,48,73,100,1864,NA,"Yes",47,4.16469270973809,10.2333811228577,12.3272667020148
31,"AB",1474,"A0B0547_new","Ashland","MPR147417_new","2_new",1,NA,"Hardwood","A","stem",3,NA,"NO","ARME",19.9961383073148,0,"BROKEN TOPPED SNAG",6,NA,NA,NA,NA,NA,NA,"PSME-ABCO/SYMO","White fir - Intermediate","Mediterranean California Dry-Mesic Mixed Conifer Forest and Woodland","Warm",1273804.375,"Ridge Top",NA,2011,6,589,834,245,1209,6.41732283464567,0.491774743404415,0.224613142942436,175,284,190,"White fir - Intermediate,Warm,Ridge Top",-122.6947469,42.14510439,"Pacific madrone","Ridgetop","Small",0.0497322111706197,0.143888888888889,-46.0852578110958,-23.0426289055479,-9.56355507776901,-27.8346365876187,-13.9173182938093,-5.77620898133034,1988,1997,1988,1997,1921,48,90,100,1831,NA,"Yes",80,14.2192334541851,23.1849077443901,32
32,"AB",153,"A0B0621_new","Ashland","MPR15357_new","2_new",1,NA,"Hardwood","A","stem",3,NA,"NO","ARME",30.0698555784353,4,"LIVE",1,NA,NA,NA,NA,NA,NA,"PSME-ABCO/SYMO","White fir - Intermediate","Mediterranean California Dry-Mesic Mixed Conifer Forest and Woodland","Warm",1273804.375,"Ridge Top",NA,2011,6,589,834,245,1209,3.34645669291339,0.173514724311901,0.0610798282870675,175,284,190,"White fir - Intermediate,Warm,Ridge Top",-122.6942772,42.14432546,NA,NA,NA,NA,NA,NA,NA,NA,NA,NA,NA,NA,NA,NA,NA,1921,86,93,103,1828,NA,"Yes",83,21.4586833795809,29.3461772274646,32
33,"AB",1546,"A0B0635_new","Ashland","MPR154657_new","2_new",1,NA,"Hardwood","A","stem",3,NA,"NO","ARME",24.2525103882305,0,"OLDER DEAD",4,NA,NA,NA,NA,NA,NA,"PSME-ABCO/SYMO","White fir - Intermediate","Mediterranean California Dry-Mesic Mixed Conifer Forest and Woodland","Warm",1273804.375,"Ridge Top",NA,2011,6,589,834,245,1209,6.45669291338583,0.496610857382383,0.227377586381864,175,284,190,"White fir - Intermediate,Warm,Ridge Top",-122.6940617,42.1451813,"Pacific madrone","Ridgetop","Small",0.0497322111706197,0.143888888888889,-7.60356803384786,-3.80178401692393,-1.57788293118239,-7.60356803384786,-3.80178401692393,-1.57788293118239,2007,2007,2007,2007,1914,48,94,100,1820,NA,"Yes",91,21.4586833795809,29.2150477583593,32
34,"AB",1549,"A0B0639_new","Ashland","MPR154939_new","2_new",1,NA,"Hardwood","A","stem",3,NA,"NO","ARME",10.1765753296837,3,"LIVE",1,NA,NA,NA,NA,NA,NA,"PSME-ABCO/SYMO","White fir - Intermediate","Mediterranean California Dry-Mesic Mixed Conifer Forest and Woodland","Warm",1273804.375,"Ridge Top",NA,2011,6,589,834,245,1209,7.59842519685039,0.644403288186643,0.314901387386156,175,284,190,"White fir - Intermediate,Warm,Ridge Top",-122.69409,42.14515824,NA,NA,NA,NA,NA,NA,NA,NA,NA,NA,NA,NA,NA,NA,NA,1918,48,73,100,1845,NA,"Yes",66,12.1156591639871,14.5561971533293,16.6726262515128
35,"AB",1622,"A0B0729_new","Ashland","MPR162251_new","1_new",1,90,"Hardwood","A","stem",3,NA,"NO","ARME",26.4283548907039,3,"LIVE",1,NA,NA,NA,NA,NA,NA,"PSME-ABCO/SYMO","White fir - Intermediate","Mediterranean California Dry-Mesic Mixed Conifer Forest and Woodland","Warm",1273804.375,"Ridge Top",NA,2011,6,589,834,245,1209,8.62204724409449,0.788817682073436,0.405460158404989,175,284,190,"White fir - Intermediate,Warm,Ridge Top",-122.6933257,42.14523044,NA,NA,NA,NA,NA,NA,NA,NA,NA,NA,NA,NA,NA,NA,NA,1921,64,90,100.075,1831,NA,"Yes",80,16.6726262515128,23.5005359239639,32
36,"AB",410,"A0B1039_new","Ashland","MPR41030_new","2_new",1,NA,"Hardwood","A","stem",3,NA,"NO","ARME",19.2676593439956,0,"BROKEN TOPPED SNAG",6,NA,NA,NA,NA,NA,NA,"PSME-ABCO/SYMO","White fir - Intermediate","Mediterranean California Dry-Mesic Mixed Conifer Forest and Woodland","Warm",1273804.375,"Ridge Top",NA,2011,6,589,834,245,1209,5.11811023622047,0.342432847395884,0.142871847481168,175,284,190,"White fir - Intermediate,Warm,Ridge Top",-122.6942213,42.14501687,"Pacific madrone","Ridgetop","Small",0.0497322111706197,0.143888888888889,-46.0852578110958,-23.0426289055479,-9.56355507776901,-27.8346365876187,-13.9173182938093,-5.77620898133034,1988,1997,1988,1997,1925,48,90,100,1835,NA,"Yes",76,14.2192334541851,16.6518604265015,32
37,"AB",436,"A0B1068_new","Ashland","MPR43630_new","1_new",1,70,"Hardwood","A","stem",3,NA,"NO","ARME",13.8169944368989,3,"LIVE",1,NA,NA,NA,NA,NA,NA,"PSME-ABCO/SYMO","White fir - Intermediate","Mediterranean California Dry-Mesic Mixed Conifer Forest and Woodland","Warm",1273804.375,"Ridge Top",NA,2011,6,589,834,245,1209,9.13385826771654,0.865061191820305,0.45502569933884,175,284,190,"White fir - Intermediate,Warm,Ridge Top",-122.6941063,42.1449353,NA,NA,NA,NA,NA,NA,NA,NA,NA,NA,NA,NA,NA,NA,NA,1918,48,73,100,1845,NA,"Yes",66,12.1156591639871,14.5989496592562,16.6726262515128
38,"AB",471,"A0B1108_new","Ashland","MPR47161_new","2_new",1,NA,"Hardwood","A","stem",3,NA,"NO","ARME",26.5779053864556,4,"LIVE",1,NA,NA,NA,NA,NA,NA,"PSME-ABCO/SYMO","White fir - Intermediate","Mediterranean California Dry-Mesic Mixed Conifer Forest and Woodland","Warm",1273804.375,"Ridge Top",NA,2011,6,589,834,245,1209,7.04724409448819,0.571256168898805,0.270873187286634,175,284,190,"White fir - Intermediate,Warm,Ridge Top",-122.6939693,42.1449071,NA,NA,NA,NA,NA,NA,NA,NA,NA,NA,NA,NA,NA,NA,NA,1918,64,90,100.075,1828,NA,"Yes",83,21.4586833795809,29.1944634954513,32
39,"AB",561,"A0B1206_new","Ashland","MPR56120_new","1_new",1,40,"Hardwood","A","stem",3,NA,"NO","ARME",14.3359399309278,4,"LIVE",1,NA,NA,NA,NA,NA,NA,"PSME-ABCO/SYMO","White fir - Intermediate","Mediterranean California Dry-Mesic Mixed Conifer Forest and Woodland","Warm",1273804.375,"Ridge Top",NA,2011,6,589,834,245,1209,5.43307086614173,0.376766769703107,0.16099712801369,175,284,190,"White fir - Intermediate,Warm,Ridge Top",-122.6939124,42.14483465,NA,NA,NA,NA,NA,NA,NA,NA,NA,NA,NA,NA,NA,NA,NA,1939,48,73,100,1866,NA,"Yes",45,4.16469270973809,8.72183037214667,10.0547731729638
40,"AB",663,"A0B1321_new","Ashland","MPR66339_new","1_new",1,35,"Hardwood","A","stem",3,NA,"NO","ARME",11.8057326511014,3,"LIVE",1,NA,NA,NA,NA,NA,NA,"PSME-ABCO/SYMO","White fir - Intermediate","Mediterranean California Dry-Mesic Mixed Conifer Forest and Woodland","Warm",1273804.375,"Ridge Top",NA,2011,6,589,834,245,1209,5.03937007874016,0.334042715000915,0.138509606457483,175,284,190,"White fir - Intermediate,Warm,Ridge Top",-122.6933277,42.14492155,NA,NA,NA,NA,NA,NA,NA,NA,NA,NA,NA,NA,NA,NA,NA,1939,48,73,100,1866,NA,"Yes",45,4.16469270973809,8.72630155703588,12.3272667020148
41,"AC",669,"A0C0574_new","Ashland","AC066902_new","2_new",1,NA,"Hardwood","A","stem",3,NA,"NO","ARME",50.2083104644024,3,"LIVE",1,NA,NA,NA,NA,NA,NA,"PSME-PIPO/RHDI6","Douglas-fir - Dry","Mediterranean California Dry-Mesic Mixed Conifer Forest and Woodland","Warm",1344412.5,"Ridge Top",NA,2011,6,584,812,227,1418,11.7716535433071,1.2981950676,0.75579207317538,88,233,178,"Douglas-fir - Dry,Warm,Ridge Top",-122.7096307,42.12326638,NA,NA,NA,NA,NA,NA,NA,NA,NA,NA,NA,NA,NA,NA,NA,1932,48,103,193,1829,NA,"Yes",82,30.3907074246862,35.8244104411863,49.7
42,"AC",674,"A0C0578_new","Ashland","AC067401_new","1_new",1,110,"Hardwood","A","stem",3,NA,"NO","ARME",23.2183767166634,3,"LIVE",1,NA,NA,NA,NA,NA,NA,"PSME-PIPO/RHDI6","Douglas-fir - Dry","Mediterranean California Dry-Mesic Mixed Conifer Forest and Woodland","Warm",1344412.5,"Ridge Top",NA,2011,6,584,812,227,1418,11.3385826771654,1.22262714492546,0.701204882691007,88,233,178,"Douglas-fir - Dry,Warm,Ridge Top",-122.709706,42.12338646,NA,NA,NA,NA,NA,NA,NA,NA,NA,NA,NA,NA,NA,NA,NA,1933,33,67,76,1866,NA,"Yes",45,9.91378163169715,10.1189292579789,12.3272667020148
43,"AC",712,"A0C0616_new","Ashland","AC071201_new","1_new",1,80,"Hardwood","A","stem",3,NA,"NO","ARME",15.8977098326901,3,"LIVE",1,NA,NA,NA,NA,NA,NA,"PSME-PIPO/RHDI6","Douglas-fir - Dry","Mediterranean California Dry-Mesic Mixed Conifer Forest and Woodland","Warm",1344412.5,"Ridge Top",NA,2011,6,584,812,227,1418,11.7322834645669,1.29125517757073,0.750745061758442,88,233,178,"Douglas-fir - Dry,Warm,Ridge Top",-122.7095333,42.12340975,NA,NA,NA,NA,NA,NA,NA,NA,NA,NA,NA,NA,NA,NA,NA,1932,33,67,76,1865,NA,"Yes",46,4.16469270973809,6.67698703845618,12.3272667020148
44,"AC",797,"A0C0701_new","Ashland","AC079702_new","2_new",1,NA,"Hardwood","A","stem",3,NA,"NO","ARME",10.8157659280724,3,"LIVE",1,NA,NA,NA,NA,NA,NA,"PSME-PIPO/RHDI6","Douglas-fir - Dry","Mediterranean California Dry-Mesic Mixed Conifer Forest and Woodland","Warm",1344412.5,"Ridge Top",NA,2011,6,584,812,227,1418,7.00787401574803,0.566158532771247,0.267855125183038,88,233,178,"Douglas-fir - Dry,Warm,Ridge Top",-122.7089231,42.12398264,NA,NA,NA,NA,NA,NA,NA,NA,NA,NA,NA,NA,NA,NA,NA,1950,27,67,76,1883,NA,"Yes",28,6.23673416238036,7.77973067689358,10.3102569415665
45,"AC",28,"A0C0824_new","Ashland","AC02801_new","1_new",1,115,"Hardwood","A","stem",3,NA,"NO","ARME",13.2207702683844,3,"LIVE",1,NA,NA,NA,NA,NA,NA,"PSME-PIPO/RHDI6","Douglas-fir - Dry","Mediterranean California Dry-Mesic Mixed Conifer Forest and Woodland","Warm",1344412.5,"Ridge Top",NA,2011,6,584,812,227,1418,10.9448818897638,1.15541426963668,0.653355494718024,88,233,178,"Douglas-fir - Dry,Warm,Ridge Top",-122.7098423,42.12247834,NA,NA,NA,NA,NA,NA,NA,NA,NA,NA,NA,NA,NA,NA,NA,1939,27,67,76,1872,NA,"Yes",39,4.16469270973809,9.17964356793138,10.3102569415665
46,"A12",3,"A120023_002_new","Ashland","AW73_003_03_002_new","3_new",1,NA,"Hardwood","A","density",0.1,NA,"NO","ARME",22.7283760432986,0,"OLDER DEAD",4,NA,NA,NA,NA,NA,NA,"PSME-PIPO/RHDI6","Douglas-fir - Dry","Mediterranean California Dry-Mesic Mixed Conifer Forest and Woodland","Warm",1284636.75,"Mid Slope",NA,2012,6,540,725,185,1032,2.95275590551181,0.14202476352394,0.0475534995314539,231,325,211,"Douglas-fir - Dry,Warm,Mid Slope",-122.70004468,42.15691476,"Pacific madrone","Other","Small",0.0497322111706197,0.0850555555555556,-7.60356803384786,-3.80178401692393,-1.57788293118239,-7.60356803384786,-3.80178401692393,-1.57788293118239,2008,2008,2008,2008,1940,48,89,107,1851,NA,"Yes",60,12.1156591639871,14.1720089880342,14.9969784370279
47,"A12",66,"A120093_new","Ashland","AW73_066_01_new","1_new",1,54,"Hardwood","A","density",0.1,NA,"NO","ARME",18.2347064892637,3,"LIVE",1,NA,NA,NA,NA,NA,NA,"PSME-PIPO/RHDI6","Douglas-fir - Dry","Mediterranean California Dry-Mesic Mixed Conifer Forest and Woodland","Warm",1284636.75,"Mid Slope",NA,2012,6,540,725,185,1032,4.25196850393701,0.254532980033102,0.0986069366284229,231,325,211,"Douglas-fir - Dry,Warm,Mid Slope",-122.70004468,42.15691476,NA,NA,NA,NA,NA,NA,NA,NA,NA,NA,NA,NA,NA,NA,NA,1932,48,66,107,1866,NA,"Yes",45,4.16469270973809,9.54340198558506,12.3272667020148
48,"A12",78,"A120128_new","Ashland","AW73_078_02_new","2_new",1,NA,"Hardwood","A","density",0.1,NA,"NO","ARME",17.3085814030032,4,"LIVE",1,NA,NA,NA,NA,NA,NA,"PSME-PIPO/RHDI6","Douglas-fir - Dry","Mediterranean California Dry-Mesic Mixed Conifer Forest and Woodland","Warm",1284636.75,"Mid Slope",NA,2012,6,540,725,185,1032,4.17322834645669,0.247033264668595,0.0949886436862962,231,325,211,"Douglas-fir - Dry,Warm,Mid Slope",-122.70004468,42.15691476,NA,NA,NA,NA,NA,NA,NA,NA,NA,NA,NA,NA,NA,NA,NA,1944,48,66,107,1878,NA,"Yes",33,5.01878933728249,9.3949612551642,10.3102569415665
49,"A12",79,"A120131_new","Ashland","AW73_079_03_new","3_new",1,NA,"Hardwood","A","density",0.1,NA,"NO","ARME",27.0443869964398,0,"OLDER DEAD",4,NA,NA,NA,NA,NA,NA,"PSME-PIPO/RHDI6","Douglas-fir - Dry","Mediterranean California Dry-Mesic Mixed Conifer Forest and Woodland","Warm",1284636.75,"Mid Slope",NA,2012,6,540,725,185,1032,2.95275590551181,0.14202476352394,0.0475534995314539,231,325,211,"Douglas-fir - Dry,Warm,Mid Slope",-122.70004468,42.15691476,"Pacific madrone","Other","Small",0.0497322111706197,0.0850555555555556,-7.60356803384786,-3.80178401692393,-1.57788293118239,-7.60356803384786,-3.80178401692393,-1.57788293118239,2008,2008,2008,2008,1940,48,95,107,1845,NA,"Yes",66,12.7341489081821,16.0060713244845,16.6726262515128
50,"A12",80,"A120135_new","Ashland","AW73_080_04_new","4_new",1,NA,"Hardwood","A","density",0.1,NA,"NO","ARME",22.4166122759242,0,"CUT STUMP",2,NA,NA,NA,NA,NA,1999,"PSME-PIPO/RHDI6","Douglas-fir - Dry","Mediterranean California Dry-Mesic Mixed Conifer Forest and Woodland","Warm",1284636.75,"Mid Slope",NA,2012,6,540,725,185,1032,4.50751692913386,0.279447215420213,0.110815911306506,231,325,211,"Douglas-fir - Dry,Warm,Mid Slope",-122.70004468,42.15691476,"Pacific madrone","Other","Small",0.0497322111706197,0.0850555555555556,NA,NA,NA,NA,NA,NA,NA,NA,1999,1999,1932,48,89,107,1843,NA,"Yes",68,12.1156591639871,15.7861430659477,16.6726262515128
51,"A15",2,"A150014_new","Ashland","AW20_002_03_new","2_new",1,NA,"Hardwood","A","density",0.1,NA,"NO","ARME",17.4629686308453,4,"LIVE",1,NA,NA,NA,NA,NA,NA,"PSME/HODI/WHMO-SWO","Douglas-fir - Dry","Mediterranean California Dry-Mesic Mixed Conifer Forest and Woodland","Cool",1069840.625,"Ridge Top",NA,2011,6,564,800,236,991,4.25196850393701,0.254532980033102,0.0986069366284229,214,192,111,"Douglas-fir - Dry,Cool,Ridge Top",-122.7219972,42.15413176,NA,NA,NA,NA,NA,NA,NA,NA,NA,NA,NA,NA,NA,NA,NA,1965,38,44,93,1921,NA,"No",0,0,0,0
52,"A15",40,"A150049_new","Ashland","AW20_040_03_new","2_new",1,NA,"Hardwood","A","density",0.1,NA,"NO","ARME",15.4485965973303,0,"OLDER DEAD",4,NA,NA,NA,NA,NA,NA,"PSME/HODI/WHMO-SWO","Douglas-fir - Dry","Mediterranean California Dry-Mesic Mixed Conifer Forest and Woodland","Cool",1069840.625,"Ridge Top",NA,2011,6,564,800,236,991,2.95275590551181,0.14202476352394,0.0475534995314539,214,192,111,"Douglas-fir - Dry,Cool,Ridge Top",-122.7219972,42.15413176,"Pacific madrone","Ridgetop","Small",0.0497322111706197,0.143888888888889,-7.60356803384786,-3.80178401692393,-1.57788293118239,-7.60356803384786,-3.80178401692393,-1.57788293118239,2007,2007,2007,2007,1941,38,44,93,1897,NA,"Yes",14,0.537006033420728,2.21638184174655,10.2078618225134
53,"A17",86,"A170004_new","Ashland","AW22_086_02_new","1_new",1,120,"Hardwood","A","density",0.1,"A1704","YES","ARME",49.6650396036935,3,"LIVE",1,NA,NA,NA,NA,45,NA,"PSME-PIPO/RHDI6","Douglas-fir - Dry","Mediterranean California Dry-Mesic Mixed Conifer Forest and Woodland","Warm",1405492.5,"Ridge Top",NA,2012,6,544,700,156,1103,5.74803149606299,0.412316412659158,0.180204514846662,437,361,205,"Douglas-fir - Dry,Warm,Ridge Top",-122.72987228,42.15189564,NA,NA,NA,NA,NA,NA,NA,NA,NA,NA,NA,NA,NA,NA,NA,1960,46,93,101,1867,NA,"Yes",44,20.8800625300625,21.7997616954466,27.5099583460868
54,"A17",2,"A170011_new","Ashland","AW22_002_02_new","1_new",1,37,"Hardwood","A","density",0.1,NA,"NO","ARME",12.7173684630262,3,"LIVE",1,NA,NA,NA,NA,NA,NA,"PSME-PIPO/RHDI6","Douglas-fir - Dry","Mediterranean California Dry-Mesic Mixed Conifer Forest and Woodland","Warm",1405492.5,"Ridge Top",NA,2012,6,544,700,156,1103,5.23622047244095,0.355163787710378,0.14954201834878,437,361,205,"Douglas-fir - Dry,Warm,Ridge Top",-122.72987228,42.15189564,NA,NA,NA,NA,NA,NA,NA,NA,NA,NA,NA,NA,NA,NA,NA,1960,44,52,55,1908,NA,"Yes",3,3.22875608676405,4.85044626069416,5.48651685393258
55,"A17",26,"A170031_new","Ashland","AW22_026_02_new","1_new",1,35,"Hardwood","A","density",0.1,NA,"NO","ARME",12.0166482753371,4,"LIVE",1,NA,NA,NA,NA,NA,NA,"PSME-PIPO/RHDI6","Douglas-fir - Dry","Mediterranean California Dry-Mesic Mixed Conifer Forest and Woodland","Warm",1405492.5,"Ridge Top",NA,2012,6,544,700,156,1103,3.89763779527559,0.22145340628121,0.0828572175836054,437,361,205,"Douglas-fir - Dry,Warm,Ridge Top",-122.72987228,42.15189564,NA,NA,NA,NA,NA,NA,NA,NA,NA,NA,NA,NA,NA,NA,NA,1960,44,47,55,1913,NA,"No",0,0,0,0
56,"A17",103,"A170119_new","Ashland","AW22_103_03_new","2_new",1,NA,"Hardwood","A","density",0.1,NA,"NO","ARME",16.5418557513383,0,"RECENT DEAD",3,NA,NA,NA,NA,NA,NA,"PSME-PIPO/RHDI6","Douglas-fir - Dry","Mediterranean California Dry-Mesic Mixed Conifer Forest and Woodland","Warm",1405492.5,"Ridge Top",NA,2012,6,544,700,156,1103,2.95275590551181,0.14202476352394,0.0475534995314539,437,361,205,"Douglas-fir - Dry,Warm,Ridge Top",-122.72987228,42.15189564,"Pacific madrone","Ridgetop","Small",0.0497322111706197,0.143888888888889,NA,NA,NA,NA,NA,NA,NA,NA,2012,2012,1964,44,50,55,1914,NA,"No",0,0,0,0
57,"A19",1,"A190011_new","Ashland","AW26_001_03_new","2_new",1,NA,"Hardwood","A","density",0.1,NA,"NO","ARME",26.2983331447567,0,"CUT STUMP",2,NA,NA,NA,NA,NA,2005,"PSME/HODI/WHMO-SWO","Douglas-fir - Dry","Mediterranean California Dry-Mesic Mixed Conifer Forest and Woodland","Cool",981117.9375,"Ridge Top",NA,2011,6,564,792,228,1019,6.5748031496063,0.511225380971867,0.235772364165817,105,193,127,"Douglas-fir - Dry,Cool,Ridge Top",-122.71329838,42.14932894,"Pacific madrone","Ridgetop","Small",0.0497322111706197,0.143888888888889,NA,NA,NA,NA,NA,NA,NA,NA,2005,2005,1928,50,81,114,1847,NA,"Yes",64,12.6218392188629,15.8077246416193,16.6726262515128
58,"A19",59,"A190103_new","Ashland","AW26_059_02_new","1_new",1,90,"Hardwood","A","density",0.1,NA,"NO","ARME",14.7728916150174,0,"OLDER DEAD",4,NA,NA,NA,NA,NA,NA,"PSME/HODI/WHMO-SWO","Douglas-fir - Dry","Mediterranean California Dry-Mesic Mixed Conifer Forest and Woodland","Cool",981117.9375,"Ridge Top",NA,2011,6,564,792,228,1019,14.0157480314961,1.7162717347852,1.07142050073215,105,193,127,"Douglas-fir - Dry,Cool,Ridge Top",-122.71329838,42.14932894,"Pacific madrone","Ridgetop","Medium",0.0497322111706197,0.140333333333333,-7.60356803384786,-3.80178401692393,-1.57788293118239,-7.60356803384786,-3.80178401692393,-1.57788293118239,2007,2007,2007,2007,1916,50,77,114,1839,NA,"Yes",72,12.6218392188629,14.7894778886557,16.6726262515128
59,"A19",78,"A190165_new","Ashland","AW26_078_03_new","2_new",1,NA,"Hardwood","A","density",0.1,NA,"NO","ARME",10.9373538483468,0,"BROKEN TOPPED SNAG",6,NA,NA,NA,NA,NA,NA,"PSME/HODI/WHMO-SWO","Douglas-fir - Dry","Mediterranean California Dry-Mesic Mixed Conifer Forest and Woodland","Cool",981117.9375,"Ridge Top",NA,2011,6,564,792,228,1019,0.984251968503937,0.024488944517889,0.00528372217016155,105,193,127,"Douglas-fir - Dry,Cool,Ridge Top",-122.71329838,42.14932894,"Pacific madrone","Ridgetop","Small",0.0497322111706197,0.143888888888889,-46.0852578110958,-23.0426289055479,-9.56355507776901,-27.8346365876187,-13.9173182938093,-5.77620898133034,1988,1997,1988,1997,1921,50,77,114,1844,NA,"Yes",67,12.1156591639871,14.5840370563474,16.6726262515128
60,"A20",29,"A200036_new","Ashland","AW74_029_02_new","2_new",1,NA,"Hardwood","A","density",0.1,NA,"NO","ARME",32.7682425885271,3,"LIVE",1,NA,NA,NA,NA,NA,NA,"PSME-PIPO/RHDI6","Douglas-fir - Dry","Mediterranean California Dry-Mesic Mixed Conifer Forest and Woodland","Warm",1302599.125,"Ridge Top",NA,2012,6,520,661,141,1153,10.3937007874016,1.06373227477399,0.589206880594527,251,380,245,"Douglas-fir - Dry,Warm,Ridge Top",-122.68582036,42.14811934,NA,NA,NA,NA,NA,NA,NA,NA,NA,NA,NA,NA,NA,NA,NA,1942,68,76,96,1866,NA,"Yes",45,9.91378163169715,13.712014205909,22.2816694332464
61,"A20",31,"A200038_new","Ashland","AW74_031_01_new","1_new",1,30,"Hardwood","A","density",0.1,NA,"NO","ARME",13.2235188302616,0,"CUT STUMP",2,NA,NA,NA,NA,NA,2005,"PSME-PIPO/RHDI6","Douglas-fir - Dry","Mediterranean California Dry-Mesic Mixed Conifer Forest and Woodland","Warm",1302599.125,"Ridge Top",NA,2012,6,520,661,141,1153,4.50751692913386,0.279447215420213,0.110815911306506,251,380,245,"Douglas-fir - Dry,Warm,Ridge Top",-122.68582036,42.14811934,"Pacific madrone","Ridgetop","Small",0.0497322111706197,0.143888888888889,NA,NA,NA,NA,NA,NA,NA,NA,2005,2005,1932,53,74,103,1858,NA,"Yes",53,4.16469270973809,12.0665237083621,14.9969784370279
62,"A21",109,"A210111_new","Ashland","AW06_109_03_new","2_new",1,75,"Hardwood","A","density",0.1,NA,"NO","ARME",15.4992797099686,3,"LIVE",1,NA,NA,NA,NA,NA,NA,"ABCO/BENE2","White fir - Intermediate","Mediterranean California Mesic Mixed Conifer Forest and Woodland","Warm",1423627.25,"Mid Slope",NA,2011,6,565,750,185,1456,4.37007874015748,0.26593948259393,0.104161185373697,352,428,263,"White fir - Intermediate,Warm,Mid Slope",-122.74340448,42.1477074,NA,NA,NA,NA,NA,NA,NA,NA,NA,NA,NA,NA,NA,NA,NA,1961,42,49,65,1912,NA,"No",0,0,0,0
63,"A28",20,"A280024_new","Ashland","AW04_020_03_new","2_new",1,95,"Hardwood","A","density",0.1,NA,"NO","ARME",25.6600192813537,3,"LIVE",1,NA,NA,NA,NA,NA,NA,"ABCO-PSME/ROGY","White fir - Intermediate","Mediterranean California Mesic Mixed Conifer Forest and Woodland","Cool",1119313.5,"Ridge Top",NA,2011,6,582,825,243,1228,11.496062992126,1.24990963462325,0.720818059386647,348,353,217,"White fir - Intermediate,Cool,Ridge Top",-122.67312056,42.13829521,NA,NA,NA,NA,NA,NA,NA,NA,NA,NA,NA,NA,NA,NA,NA,1949,48,62,97,1887,NA,"Yes",24,5.61789322417697,10.4148598876554,12.5123341763166
64,"A28",24,"A280028_new","Ashland","AW04_024_02_new","1_new",1,NA,"Hardwood","A","density",0.1,NA,"NO","ARME",35.7274372860263,3,"LIVE",1,NA,NA,NA,NA,NA,NA,"ABCO-PSME/ROGY","White fir - Intermediate","Mediterranean California Mesic Mixed Conifer Forest and Woodland","Cool",1119313.5,"Ridge Top",NA,2011,6,582,825,243,1228,10.8267716535433,1.13552934904981,0.639330382589547,348,353,217,"White fir - Intermediate,Cool,Ridge Top",-122.67312056,42.13829521,NA,NA,NA,NA,NA,NA,NA,NA,NA,NA,NA,NA,NA,NA,NA,1949,74,81,97,1868,NA,"Yes",43,9.91378163169715,20.0260107188723,30.1255422903937
65,"A28",66,"A280077_new","Ashland","AW04_066_03_new","2_new",1,NA,"Hardwood","A","density",0.1,NA,"NO","ARME",28.560265560461,0,"OLDER DEAD",4,NA,NA,NA,NA,NA,NA,"ABCO-PSME/ROGY","White fir - Intermediate","Mediterranean California Mesic Mixed Conifer Forest and Woodland","Cool",1119313.5,"Ridge Top",NA,2011,6,582,825,243,1228,5.70866141732283,0.407807169792628,0.177744413804234,348,353,217,"White fir - Intermediate,Cool,Ridge Top",-122.67312056,42.13829521,"Pacific madrone","Ridgetop","Small",0.0497322111706197,0.143888888888889,-7.60356803384786,-3.80178401692393,-1.57788293118239,-7.60356803384786,-3.80178401692393,-1.57788293118239,2007,2007,2007,2007,1923,48,62,97,1861,NA,"Yes",50,9.91378163169715,11.3212512772539,14.9969784370279
66,"A38",25,"A380006_new","Ashland","AW48_025_02_new","1_new",1,50,"Hardwood","A","density",0.1,"A3806","YES","ARME",20.6485047807132,3,"LIVE",1,NA,NA,NA,NA,72,NA,"PSME-ABCO","White fir - Intermediate","Mediterranean California Dry-Mesic Mixed Conifer Forest and Woodland","Warm",1181808.5,"Ridge Top",NA,2011,6,562,757,194,1258,5.35433070866142,0.368068208040462,0.156364360414893,591,438,229,"White fir - Intermediate,Warm,Ridge Top",-122.72745247,42.12662687,NA,NA,NA,NA,NA,NA,NA,NA,NA,NA,NA,NA,NA,NA,NA,1937,50,88,98,1849,NA,"Yes",62,12.1156591639871,14.761524185165,16.6726262515128
67,"A38",2,"A380014_new","Ashland","AW48_002_04_new","3_new",1,NA,"Hardwood","A","density",0.1,NA,"NO","ARME",14.1069725923304,0,"CLEAN SNAG",5,NA,NA,NA,NA,NA,NA,"PSME-ABCO","White fir - Intermediate","Mediterranean California Dry-Mesic Mixed Conifer Forest and Woodland","Warm",1181808.5,"Ridge Top",NA,2011,6,562,757,194,1258,3.74015748031496,0.207311704254486,0.0762969481371328,591,438,229,"White fir - Intermediate,Warm,Ridge Top",-122.72745247,42.12662687,"Pacific madrone","Ridgetop","Small",0.0497322111706197,0.143888888888889,-17.5225369431286,-8.76126847156432,-3.63625495694863,-17.5225369431286,-8.76126847156432,-3.63625495694863,2002,2002,2002,2002,1920,50,60,98,1860,NA,"Yes",51,9.91378163169715,12.0398251055103,12.3272667020148
68,"A38",7,"A380024_new","Ashland","AW48_007_03_new","2_new",1,NA,"Hardwood","A","density",0.1,NA,"NO","ARME",26.2211210251215,0,"OLDER DEAD",4,NA,NA,NA,NA,NA,NA,"PSME-ABCO","White fir - Intermediate","Mediterranean California Dry-Mesic Mixed Conifer Forest and Woodland","Warm",1181808.5,"Ridge Top",NA,2011,6,562,757,194,1258,3.97637795275591,0.228654762507714,0.0862387997725087,591,438,229,"White fir - Intermediate,Warm,Ridge Top",-122.72745247,42.12662687,"Pacific madrone","Ridgetop","Small",0.0497322111706197,0.143888888888889,-7.60356803384786,-3.80178401692393,-1.57788293118239,-7.60356803384786,-3.80178401692393,-1.57788293118239,2007,2007,2007,2007,1931,50,91,98,1840,NA,"Yes",71,14.2192334541851,16.7361414442131,21.4586833795809
69,"A38",14,"A380033_new","Ashland","AW48_014_05_new","4_new",1,NA,"Hardwood","A","density",0.1,NA,"NO","ARME",35.1568262380153,0,"CLEAN SNAG",5,NA,NA,NA,NA,NA,NA,"PSME-ABCO","White fir - Intermediate","Mediterranean California Dry-Mesic Mixed Conifer Forest and Woodland","Warm",1181808.5,"Ridge Top",NA,2011,6,562,757,194,1258,1.96850393700787,0.0742365978042368,0.0211348886806462,591,438,229,"White fir - Intermediate,Warm,Ridge Top",-122.72745247,42.12662687,"Pacific madrone","Ridgetop","Small",0.0497322111706197,0.143888888888889,-17.5225369431286,-8.76126847156432,-3.63625495694863,-17.5225369431286,-8.76126847156432,-3.63625495694863,2002,2002,2002,2002,1942,50,91,98,1851,NA,"Yes",60,12.7341489081821,15.947473232158,23.7664804469274
70,"A38",32,"A380061_new","Ashland","AW48_032_05_new","4_new",1,NA,"Hardwood","A","density",0.1,NA,"NO","ARME",30.211659678832,2,"LIVE",1,NA,NA,NA,NA,NA,NA,"PSME-ABCO","White fir - Intermediate","Mediterranean California Dry-Mesic Mixed Conifer Forest and Woodland","Warm",1181808.5,"Ridge Top",NA,2011,6,562,757,194,1258,7.28346456692913,0.602200093840932,0.289336626038046,591,438,229,"White fir - Intermediate,Warm,Ridge Top",-122.72745247,42.12662687,NA,NA,NA,NA,NA,NA,NA,NA,NA,NA,NA,NA,NA,NA,NA,1937,50,91,98,1846,NA,"Yes",65,12.7341489081821,15.9750479175946,16.6726262515128
71,"A38",43,"A380078_new","Ashland","AW48_043_03_new","2_new",1,NA,"Hardwood","A","density",0.1,NA,"NO","ARME",20.0440600642963,0,"RECENT DEAD",3,NA,NA,NA,NA,NA,NA,"PSME-ABCO","White fir - Intermediate","Mediterranean California Dry-Mesic Mixed Conifer Forest and Woodland","Warm",1181808.5,"Ridge Top",NA,2011,6,562,757,194,1258,6.10236220472441,0.45372924288435,0.20310628022101,591,438,229,"White fir - Intermediate,Warm,Ridge Top",-122.72745247,42.12662687,"Pacific madrone","Ridgetop","Small",0.0497322111706197,0.143888888888889,NA,NA,NA,NA,NA,NA,NA,NA,2011,2011,1954,50,88,98,1866,NA,"Yes",45,5.01878933728249,10.0331564251217,12.3272667020148
72,"A38",44,"A380079_new","Ashland","AW48_044_02_new","1_new",1,90,"Hardwood","A","density",0.1,NA,"NO","ARME",32.9147320878248,3,"LIVE",1,NA,NA,NA,NA,NA,NA,"PSME-ABCO","White fir - Intermediate","Mediterranean California Dry-Mesic Mixed Conifer Forest and Woodland","Warm",1181808.5,"Ridge Top",NA,2011,6,562,757,194,1258,7.8740157480315,0.682203662226427,0.338158218890339,591,438,229,"White fir - Intermediate,Warm,Ridge Top",-122.72745247,42.12662687,NA,NA,NA,NA,NA,NA,NA,NA,NA,NA,NA,NA,NA,NA,NA,1923,50,91,98,1832,NA,"Yes",79,21.4586833795809,29.7515914123822,33.0389726392328
73,"A38",45,"A380084_new","Ashland","AW48_045_03_new","2_new",1,NA,"Hardwood","A","density",0.1,NA,"NO","ARME",21.3694472166404,0,"OLDER DEAD",4,NA,NA,NA,NA,NA,NA,"PSME-ABCO","White fir - Intermediate","Mediterranean California Dry-Mesic Mixed Conifer Forest and Woodland","Warm",1181808.5,"Ridge Top",NA,2011,6,562,757,194,1258,2.95275590551181,0.14202476352394,0.0475534995314539,591,438,229,"White fir - Intermediate,Warm,Ridge Top",-122.72745247,42.12662687,"Pacific madrone","Ridgetop","Small",0.0497322111706197,0.143888888888889,-7.60356803384786,-3.80178401692393,-1.57788293118239,-7.60356803384786,-3.80178401692393,-1.57788293118239,2007,2007,2007,2007,1920,50,88,98,1832,NA,"Yes",79,14.2192334541851,23.1849077443901,32
74,"A38",54,"A380104_new","Ashland","AW48_054_03_new","2_new",1,NA,"Hardwood","A","density",0.1,NA,"NO","ARME",11.0255547329642,0,"BROKEN TOPPED SNAG",6,NA,NA,NA,NA,NA,NA,"PSME-ABCO","White fir - Intermediate","Mediterranean California Dry-Mesic Mixed Conifer Forest and Woodland","Warm",1181808.5,"Ridge Top",NA,2011,6,562,757,194,1258,2.75590551181102,0.127181199719041,0.0414243818140665,591,438,229,"White fir - Intermediate,Warm,Ridge Top",-122.72745247,42.12662687,"Pacific madrone","Ridgetop","Small",0.0497322111706197,0.143888888888889,-46.0852578110958,-23.0426289055479,-9.56355507776901,-27.8346365876187,-13.9173182938093,-5.77620898133034,1988,1997,1988,1997,1937,50,60,98,1877,NA,"Yes",34,7.98392220421394,9.13870805448239,10.3102569415665
75,"A38",58,"A380110_new","Ashland","AW48_058_02_new","1_new",1,45,"Hardwood","A","density",0.1,NA,"NO","ARME",16.9738438711524,3,"LIVE",1,NA,NA,NA,NA,NA,NA,"PSME-ABCO","White fir - Intermediate","Mediterranean California Dry-Mesic Mixed Conifer Forest and Woodland","Warm",1181808.5,"Ridge Top",NA,2011,6,562,757,194,1258,5.62992125984252,0.398844597139188,0.172874935452214,591,438,229,"White fir - Intermediate,Warm,Ridge Top",-122.72745247,42.12662687,NA,NA,NA,NA,NA,NA,NA,NA,NA,NA,NA,NA,NA,NA,NA,1937,50,64,98,1873,NA,"Yes",38,5.01878933728249,8.50050836042832,10.3102569415665
76,"A38",61,"A380116_new","Ashland","AW48_061_02_new","1_new",1,90,"Hardwood","A","density",0.1,NA,"NO","ARME",14.02083266354,2,"LIVE",1,NA,NA,NA,NA,NA,NA,"PSME-ABCO","White fir - Intermediate","Mediterranean California Dry-Mesic Mixed Conifer Forest and Woodland","Warm",1181808.5,"Ridge Top",NA,2011,6,562,757,194,1258,11.0236220472441,1.1687426792305,0.662790109025065,591,438,229,"White fir - Intermediate,Warm,Ridge Top",-122.72745247,42.12662687,NA,NA,NA,NA,NA,NA,NA,NA,NA,NA,NA,NA,NA,NA,NA,1920,50,60,98,1860,NA,"Yes",51,9.91378163169715,12.0398251055103,12.3272667020148
77,"A38",87,"A380158_new","Ashland","AW48_087_03_new","2_new",1,NA,"Hardwood","A","density",0.1,NA,"NO","ARME",18.299603847441,3,"LIVE",1,NA,NA,NA,NA,NA,NA,"PSME-ABCO","White fir - Intermediate","Mediterranean California Dry-Mesic Mixed Conifer Forest and Woodland","Warm",1181808.5,"Ridge Top",NA,2011,6,562,757,194,1258,6.22047244094488,0.467861590132522,0.211044544409461,591,438,229,"White fir - Intermediate,Warm,Ridge Top",-122.72745247,42.12662687,NA,NA,NA,NA,NA,NA,NA,NA,NA,NA,NA,NA,NA,NA,NA,1949,50,64,98,1885,NA,"Yes",26,7.37581164390767,7.9780432671777,12.5123341763166
78,"A38",97,"A380187_new","Ashland","AW48_097_02_new","1_new",1,80,"Hardwood","A","density",0.1,NA,"NO","ARME",23.3104434306083,2,"LIVE",1,NA,NA,NA,NA,NA,NA,"PSME-ABCO","White fir - Intermediate","Mediterranean California Dry-Mesic Mixed Conifer Forest and Woodland","Warm",1181808.5,"Ridge Top",NA,2011,6,562,757,194,1258,10.4724409448819,1.0766552737144,0.598168073395121,591,438,229,"White fir - Intermediate,Warm,Ridge Top",-122.72745247,42.12662687,NA,NA,NA,NA,NA,NA,NA,NA,NA,NA,NA,NA,NA,NA,NA,1920,50,91,98,1829,NA,"Yes",82,16.6726262515128,24.2723176074947,32
79,"A38",98,"A380191_new","Ashland","AW48_098_04_new","3_new",1,NA,"Hardwood","A","density",0.1,NA,"NO","ARME",34.1638742456615,0,"BROKEN TOPPED SNAG",6,NA,NA,NA,NA,NA,NA,"PSME-ABCO","White fir - Intermediate","Mediterranean California Dry-Mesic Mixed Conifer Forest and Woodland","Warm",1181808.5,"Ridge Top",NA,2011,6,562,757,194,1258,0.984251968503937,0.024488944517889,0.00528372217016155,591,438,229,"White fir - Intermediate,Warm,Ridge Top",-122.72745247,42.12662687,"Pacific madrone","Ridgetop","Small",0.0497322111706197,0.143888888888889,-46.0852578110958,-23.0426289055479,-9.56355507776901,-27.8346365876187,-13.9173182938093,-5.77620898133034,1988,1997,1988,1997,1923,50,91,98,1832,NA,"Yes",79,21.4586833795809,29.7917425103264,33.0389726392328
80,"A38",99,"A380196_new","Ashland","AW48_099_05_new","4_new",1,NA,"Hardwood","A","density",0.1,NA,"NO","ARME",30.1754962344118,0,"BROKEN BUTT SNAG",7,NA,NA,NA,NA,NA,NA,"PSME-ABCO","White fir - Intermediate","Mediterranean California Dry-Mesic Mixed Conifer Forest and Woodland","Warm",1181808.5,"Ridge Top",NA,2011,6,562,757,194,1258,0.984251968503937,0.024488944517889,0.00528372217016155,591,438,229,"White fir - Intermediate,Warm,Ridge Top",-122.72745247,42.12662687,"Pacific madrone","Ridgetop","Small",0.0497322111706197,0.143888888888889,-74.647978679063,-37.3239893395315,-15.4908551985894,-38.1467362321087,-19.0733681160544,-7.91616300571204,1974,1992,1974,1992,1931,50,91,98,1840,NA,"Yes",71,14.2192334541851,20.6843135812211,33.0389726392328
81,"A38",105,"A380206_new","Ashland","AW48_105_02_new","1_new",1,80,"Hardwood","A","density",0.1,NA,"NO","ARME",27.5763394458438,3,"LIVE",1,NA,NA,NA,NA,NA,NA,"PSME-ABCO","White fir - Intermediate","Mediterranean California Dry-Mesic Mixed Conifer Forest and Woodland","Warm",1181808.5,"Ridge Top",NA,2011,6,562,757,194,1258,6.37795275590551,0.486956398427271,0.221865607413951,591,438,229,"White fir - Intermediate,Warm,Ridge Top",-122.72745247,42.12662687,NA,NA,NA,NA,NA,NA,NA,NA,NA,NA,NA,NA,NA,NA,NA,1928,50,91,98,1837,NA,"Yes",74,16.6112914315796,23.2157449858003,32
82,"A38",107,"A380214_new","Ashland","AW48_107_02_new","1_new",1,75,"Hardwood","A","density",0.1,NA,"NO","ARME",24.6619875750752,2,"LIVE",1,NA,NA,NA,NA,NA,NA,"PSME-ABCO","White fir - Intermediate","Mediterranean California Dry-Mesic Mixed Conifer Forest and Woodland","Warm",1181808.5,"Ridge Top",NA,2011,6,562,757,194,1258,8.85826771653543,0.823679168340479,0.427981495783085,591,438,229,"White fir - Intermediate,Warm,Ridge Top",-122.72745247,42.12662687,NA,NA,NA,NA,NA,NA,NA,NA,NA,NA,NA,NA,NA,NA,NA,1920,50,91,98,1829,NA,"Yes",82,16.6726262515128,24.2723176074947,32
83,"A38",112,"A380224_new","Ashland","AW48_112_04_new","3_new",1,NA,"Hardwood","A","density",0.1,NA,"NO","ARME",32.3629974861518,0,"BROKEN BUTT SNAG",7,NA,NA,NA,NA,NA,NA,"PSME-ABCO","White fir - Intermediate","Mediterranean California Dry-Mesic Mixed Conifer Forest and Woodland","Warm",1181808.5,"Ridge Top",NA,2011,6,562,757,194,1258,2.95275590551181,0.14202476352394,0.0475534995314539,591,438,229,"White fir - Intermediate,Warm,Ridge Top",-122.72745247,42.12662687,"Pacific madrone","Ridgetop","Small",0.0497322111706197,0.143888888888889,-74.647978679063,-37.3239893395315,-15.4908551985894,-38.1467362321087,-19.0733681160544,-7.91616300571204,1974,1992,1974,1992,1920,50,91,98,1829,NA,"Yes",82,21.4586833795809,29.5696830076122,32.057784683191
84,"A38",117,"A380232_new","Ashland","AW48_117_03_new","2_new",1,NA,"Hardwood","A","density",0.1,NA,"NO","ARME",36.418093551823,0,"BROKEN TOPPED SNAG",6,NA,NA,NA,NA,NA,NA,"PSME-ABCO","White fir - Intermediate","Mediterranean California Dry-Mesic Mixed Conifer Forest and Woodland","Warm",1181808.5,"Ridge Top",NA,2011,6,562,757,194,1258,2.95275590551181,0.14202476352394,0.0475534995314539,591,438,229,"White fir - Intermediate,Warm,Ridge Top",-122.72745247,42.12662687,"Pacific madrone","Ridgetop","Small",0.0497322111706197,0.143888888888889,-46.0852578110958,-23.0426289055479,-9.56355507776901,-27.8346365876187,-13.9173182938093,-5.77620898133034,1988,1997,1988,1997,1920,50,93,98,1827,NA,"Yes",84,21.4586833795809,29.6183779041922,32.057784683191
85,"A38",118,"A380234_new","Ashland","AW48_118_03_new","2_new",1,NA,"Hardwood","A","density",0.1,NA,"NO","ARME",19.7704238548332,0,"BROKEN BUTT SNAG",7,NA,NA,NA,NA,NA,NA,"PSME-ABCO","White fir - Intermediate","Mediterranean California Dry-Mesic Mixed Conifer Forest and Woodland","Warm",1181808.5,"Ridge Top",NA,2011,6,562,757,194,1258,0.984251968503937,0.024488944517889,0.00528372217016155,591,438,229,"White fir - Intermediate,Warm,Ridge Top",-122.72745247,42.12662687,"Pacific madrone","Ridgetop","Small",0.0497322111706197,0.143888888888889,-74.647978679063,-37.3239893395315,-15.4908551985894,-38.1467362321087,-19.0733681160544,-7.91616300571204,1974,1992,1974,1992,1920,50,88,98,1832,NA,"Yes",79,14.2192334541851,23.1849077443901,32
86,"A38",119,"A380236_new","Ashland","AW48_119_03_new","2_new",1,NA,"Hardwood","A","density",0.1,NA,"NO","ARME",48.230787157393,3,"LIVE",1,NA,NA,NA,NA,NA,NA,"PSME-ABCO","White fir - Intermediate","Mediterranean California Dry-Mesic Mixed Conifer Forest and Woodland","Warm",1181808.5,"Ridge Top",NA,2011,6,562,757,194,1258,7.91338582677165,0.687669472520084,0.341548255034715,591,438,229,"White fir - Intermediate,Warm,Ridge Top",-122.72745247,42.12662687,NA,NA,NA,NA,NA,NA,NA,NA,NA,NA,NA,NA,NA,NA,NA,1920,66,83,84,1837,NA,"Yes",74,29.2441402722808,36.1794043062529,49.7
87,"A42",30,"A420040_new","Ashland","AW44_030_03_new","2_new",1,NA,"Hardwood","A","density",0.1,NA,"NO","ARME",25.2031655256817,0,"BROKEN TOPPED SNAG",6,NA,NA,NA,NA,NA,NA,"PSME-ABCO","White fir - Intermediate","Mediterranean California Dry-Mesic Mixed Conifer Forest and Woodland","Cool",1107916.75,"Mid Slope",NA,2011,6,577,786,208,1252,2.95275590551181,0.14202476352394,0.0475534995314539,348,306,174,"White fir - Intermediate,Cool,Mid Slope",-122.73211391,42.12217268,"Pacific madrone","Other","Small",0.0497322111706197,0.0850555555555556,-46.0852578110958,-23.0426289055479,-9.56355507776901,-34.504947450749,-17.2524737253745,-7.16042355135339,1988,1994,1988,1994,1922,58,70,96,1852,NA,"Yes",59,12.6218392188629,15.2630627777578,16.6726262515128
88,"A44",4,"A440003_new","Ashland","AW24_004_02_new","1_new",1,110,"Hardwood","A","density",0.1,"A4403","YES","ARME",19.0463616290942,3,"LIVE",1,NA,NA,NA,NA,112,NA,"PSME-ABCO/SYMO","White fir - Intermediate","Mediterranean California Dry-Mesic Mixed Conifer Forest and Woodland","Warm",1266438.5,"Bottom Slope",NA,2011,6,586,804,218,1236,14.0944881889764,1.73172487784236,1.08349274914654,227,326,234,"White fir - Intermediate,Warm,Bottom Slope",-122.71355818,42.12156888,NA,NA,NA,NA,NA,NA,NA,NA,NA,NA,NA,NA,NA,NA,NA,1928,67,71,80,1857,NA,"Yes",54,9.91378163169715,14.1039788791055,14.9969784370279
89,"A44",46,"A440051_new","Ashland","AW24_046_04_new","3_new",1,NA,"Hardwood","A","density",0.1,NA,"NO","ACMA",21.0871402466448,0,"BROKEN TOPPED SNAG",6,NA,NA,NA,NA,NA,NA,"PSME-ABCO/SYMO","White fir - Intermediate","Mediterranean California Dry-Mesic Mixed Conifer Forest and Woodland","Warm",1266438.5,"Bottom Slope",NA,2011,6,586,804,218,1236,2.95275590551181,0.14202476352394,0.0475534995314539,227,326,234,"White fir - Intermediate,Warm,Bottom Slope",-122.71355818,42.12156888,"Alder","Other","Small",0.0497322111706197,0.154055555555556,-46.0852578110958,-23.0426289055479,-9.56355507776901,-27.1978023273882,-13.5989011636941,-5.64405393191975,1988,1997,1988,1997,1921,67,71,80,1850,NA,"Yes",61,12.6218392188629,14.6466117099348,16.6726262515128
90,"B01",3,"B010010_new","Big Butte","BB01_003_02_new","2_new",1,NA,"Hardwood","B","density",0.1,NA,"NO","QUKE",26.6249449711734,4,"LIVE",1,NA,NA,NA,NA,NA,NA,"PSME/HODI/WHMO-SWO","Douglas-fir - Dry","Mediterranean California Dry-Mesic Mixed Conifer Forest and Woodland","Warm",1170325.875,"Mid Slope",NA,2012,3,564,780,216,671,4.60629921259843,0.289309991277284,0.115726196459746,202,254,160,"Douglas-fir - Dry,Warm,Mid Slope",-122.68636196,42.5600495,NA,NA,NA,NA,NA,NA,NA,NA,NA,NA,NA,NA,NA,NA,NA,1916,63,79,93,1837,NA,"Yes",74,14.2192334541851,23.2097540566733,32
91,"B01",55,"B010068_new","Big Butte","BB01_055_01_new","1_new",1,55,"Hardwood","B","density",0.1,NA,"NO","QUKE",21.6934008750424,4,"LIVE",1,NA,NA,NA,NA,NA,NA,"PSME/HODI/WHMO-SWO","Douglas-fir - Dry","Mediterranean California Dry-Mesic Mixed Conifer Forest and Woodland","Warm",1170325.875,"Mid Slope",NA,2012,3,564,780,216,671,5.31496062992126,0.363747555160172,0.154073338481911,202,254,160,"Douglas-fir - Dry,Warm,Mid Slope",-122.68636196,42.5600495,NA,NA,NA,NA,NA,NA,NA,NA,NA,NA,NA,NA,NA,NA,NA,1922,63,87,93,1835,NA,"Yes",76,14.2192334541851,23.1508777956304,32
92,"B03",36,"B030044_new","Big Butte","BB03_036_02_new","2_new",1,NA,"Hardwood","B","density",0.1,NA,"NO","ARME",26.9222027586248,4,"LIVE",1,NA,NA,NA,NA,NA,NA,"PSME-PIPO/RHDI6","Douglas-fir - Dry","Mediterranean California Dry-Mesic Mixed Conifer Forest and Woodland","Warm",1187062.75,"Mid Slope",NA,2012,6,566,781,214,693,7.16535433070866,0.586651619863571,0.28002882106309,328,336,207,"Douglas-fir - Dry,Warm,Mid Slope",-122.68467677,42.55834966,NA,NA,NA,NA,NA,NA,NA,NA,NA,NA,NA,NA,NA,NA,NA,1926,56,94,106,1832,NA,"Yes",79,16.6112914315796,23.2290322505093,32
93,"B03",49,"B030059_new","Big Butte","BB03_049_03_new","3_new",1,NA,"Hardwood","B","density",0.1,NA,"NO","QUKE",40.5877152281199,0,"BROKEN TOPPED SNAG",6,NA,NA,NA,NA,NA,NA,"PSME-PIPO/RHDI6","Douglas-fir - Dry","Mediterranean California Dry-Mesic Mixed Conifer Forest and Woodland","Warm",1187062.75,"Mid Slope",NA,2012,3,566,781,214,693,5.90551181102362,0.430538573855914,0.190213998125816,328,336,207,"Douglas-fir - Dry,Warm,Mid Slope",-122.68467677,42.55834966,"Misc hardwoods","Other","Small",0.0716364450414148,0.133833333333333,-37.5594948281219,-18.779747414061,-7.7942994038202,-28.5595414128617,-14.2797707064309,-5.92664032427235,1993,1998,1993,1998,1915,92,107,132,1808,NA,"Yes",103,17.6677397165605,22.3010639374607,41.366233
94,"B03",55,"B030069_new","Big Butte","BB03_055_02_new","2_new",1,NA,"Hardwood","B","density",0.1,NA,"NO","ARME",25.4293375543141,0,"OLDER DEAD",4,NA,NA,NA,NA,NA,NA,"PSME-PIPO/RHDI6","Douglas-fir - Dry","Mediterranean California Dry-Mesic Mixed Conifer Forest and Woodland","Warm",1187062.75,"Mid Slope",NA,2012,6,566,781,214,693,2.75590551181102,0.127181199719041,0.0414243818140665,328,336,207,"Douglas-fir - Dry,Warm,Mid Slope",-122.68467677,42.55834966,"Pacific madrone","Other","Small",0.0497322111706197,0.0850555555555556,-7.60356803384786,-3.80178401692393,-1.57788293118239,-7.60356803384786,-3.80178401692393,-1.57788293118239,2008,2008,2008,2008,1918,56,94,106,1824,NA,"Yes",87,21.4586833795809,24.510077576822,32
95,"B03",83,"B030097_new","Big Butte","BB03_083_02_new","2_new",1,NA,"Hardwood","B","density",0.1,NA,"NO","QUKE",18.101338880943,4,"LIVE",1,NA,NA,NA,NA,NA,NA,"PSME-PIPO/RHDI6","Douglas-fir - Dry","Mediterranean California Dry-Mesic Mixed Conifer Forest and Woodland","Warm",1187062.75,"Mid Slope",NA,2012,3,566,781,214,693,3.1496062992126,0.15747442548858,0.0541053150224543,328,336,207,"Douglas-fir - Dry,Warm,Mid Slope",-122.68467677,42.55834966,NA,NA,NA,NA,NA,NA,NA,NA,NA,NA,NA,NA,NA,NA,NA,1928,56,72,106,1856,NA,"Yes",55,12.1156591639871,12.3901677574382,14.9969784370279
96,"B08",10,"B080006_new","Big Butte","BB08_010_01_new","1_new",1,35,"Hardwood","B","density",0.1,"B0806","YES","QUKE",10.5045398522877,3,"LIVE",1,1907,2012,1906,0.2,102,NA,"PSME/DRY SHRUB","Douglas-fir - Dry","Mediterranean California Dry-Mesic Mixed Conifer Forest and Woodland","Warm",1154701.75,"Mid Slope",106,2012,3,573,782,209,747,5.11811023622047,0.342432847395884,0.142871847481168,146,272,216,"Douglas-fir - Dry,Warm,Mid Slope",-122.68342427,42.55516765,NA,NA,NA,NA,NA,NA,NA,NA,NA,NA,NA,NA,NA,NA,NA,1912,76,91,143,1821,0,"Yes",90,8.729353,14.6506104983812,32
97,"C10",48,"C100053_new","Trail Creek","TL11_048_02_new","2_new",1,NA,"Hardwood","C","density",0.1,NA,"NO","ARME",34.9257324450416,0,"OLDER DEAD",4,NA,NA,NA,NA,NA,NA,"PSME/DRY SHRUB","Douglas-fir - Dry","Mediterranean California Dry-Mesic Mixed Conifer Forest and Woodland","Cool",1086468.625,"Bottom Slope",NA,2012,6,536,731,194,649,2.95275590551181,0.14202476352394,0.0475534995314539,202,268,174,"Douglas-fir - Dry,Cool,Bottom Slope",-122.85432378,42.69575777,"Pacific madrone","Other","Small",0.0497322111706197,0.0850555555555556,-7.60356803384786,-3.80178401692393,-1.57788293118239,-7.60356803384786,-3.80178401692393,-1.57788293118239,2008,2008,2008,2008,1915,63,113,157,1802,NA,"Yes",109,17.6677397165605,25.3912142390554,41.366233
98,"C11",34,"C110042_new","Trail Creek","TL10_034_01_new","1_new",1,38,"Hardwood","C","density",0.1,NA,"NO","QUKE",12.2470125815685,0,"CUT STUMP",2,NA,NA,NA,NA,NA,2004,"PSME/DRY SHRUB","Douglas-fir - Dry","Mediterranean California Dry-Mesic Mixed Conifer Forest and Woodland","Warm",1163660.25,"Mid Slope",NA,2012,3,555,765,210,624,6.29212322834646,0.476513875397793,0.215934397007251,219,296,191,"Douglas-fir - Dry,Warm,Mid Slope",-122.84961148,42.69487001,"Misc hardwoods","Other","Small",0.0716364450414148,0.133833333333333,NA,NA,NA,NA,NA,NA,NA,NA,2004,2004,1923,53,65,103,1858,NA,"Yes",53,4.16469270973809,12.1003458081921,14.9969784370279
99,"C11",35,"C110044_new","Trail Creek","TL10_035_01_new","1_new",1,45,"Hardwood","C","density",0.1,NA,"NO","QUKE",17.323281812747,0,"CUT STUMP",2,NA,NA,NA,NA,NA,2004,"PSME/DRY SHRUB","Douglas-fir - Dry","Mediterranean California Dry-Mesic Mixed Conifer Forest and Woodland","Warm",1163660.25,"Mid Slope",NA,2012,3,555,765,210,624,6.29212322834646,0.476513875397793,0.215934397007251,219,296,191,"Douglas-fir - Dry,Warm,Mid Slope",-122.84961148,42.69487001,"Misc hardwoods","Other","Small",0.0716364450414148,0.133833333333333,NA,NA,NA,NA,NA,NA,NA,NA,2004,2004,1923,53,81,103,1842,NA,"Yes",69,12.1156591639871,14.761524185165,16.6726262515128
100,"E03",56,"E030013_new","Elder Creek","ED03_056_01_new","1_new",1,45,"Hardwood","E","density",0.1,"E0313","YES","QUCH",19.6870618777063,4,"LIVE",1,NA,NA,NA,NA,NA,NA,"PSME-CADE27-PIJE","Jeffrey pine","Mediterranean California Dry-Mesic Mixed Conifer Forest and Woodland","Warm",1382142.5,"Mid Slope",NA,2014,3,607,823,216,895,5.31496062992126,0.363747555160172,0.154073338481911,129,484,404,"Jeffrey pine,Warm,Mid Slope",-123.56438933,42.0536577,NA,NA,NA,NA,NA,NA,NA,NA,NA,NA,NA,NA,NA,NA,NA,1926,70,114,128,1812,NA,"Yes",99,8.729353,27.6506962629449,32
101,"E03",9,"E030021_new","Elder Creek","ED03_009_01_new","1_new",1,50,"Hardwood","E","density",0.1,NA,"NO","QUCH",22.6532608685757,4,"LIVE",1,NA,NA,NA,NA,NA,NA,"PSME-CADE27-PIJE","Jeffrey pine","Mediterranean California Dry-Mesic Mixed Conifer Forest and Woodland","Warm",1382142.5,"Mid Slope",NA,2014,3,607,823,216,895,5.03937007874016,0.334042715000915,0.138509606457483,129,484,404,"Jeffrey pine,Warm,Mid Slope",-123.56438933,42.0536577,NA,NA,NA,NA,NA,NA,NA,NA,NA,NA,NA,NA,NA,NA,NA,1927,70,123,128,1804,NA,"Yes",107,8.729353,20.992224101303,31.393853
102,"E03",34,"E030046_new","Elder Creek","ED03_034_01_new","1_new",1,51,"Hardwood","E","density",0.1,NA,"NO","QUCH",22.6925394618648,3,"LIVE",1,NA,NA,NA,NA,NA,NA,"PSME-CADE27-PIJE","Jeffrey pine","Mediterranean California Dry-Mesic Mixed Conifer Forest and Woodland","Warm",1382142.5,"Mid Slope",NA,2014,3,607,823,216,895,5.31496062992126,0.363747555160172,0.154073338481911,129,484,404,"Jeffrey pine,Warm,Mid Slope",-123.56438933,42.0536577,NA,NA,NA,NA,NA,NA,NA,NA,NA,NA,NA,NA,NA,NA,NA,1926,70,123,128,1803,NA,"Yes",108,8.729353,22.513761446303,31.393853
103,"E04",12,"E040015_new","Elder Creek","ED04_012_02_new","2_new",1,NA,"Hardwood","E","density",0.1,NA,"NO","QUKE",19.0269064008457,0,"DOWN DEAD",8,NA,NA,NA,NA,NA,NA,"PSME-CADE27-PIJE","Jeffrey pine","Mediterranean California Dry-Mesic Mixed Conifer Forest and Woodland","Warm",1352875,"Ridge Top",NA,2014,3,629,859,231,995,4.96062992125984,0.325730874759323,0.134214997077576,158,508,449,"Jeffrey pine,Warm,Ridge Top",-123.56500208,42.05665793,"Misc hardwoods","Ridgetop","Small",0.0716364450414148,0.226333333333333,-77.6334105981085,-38.8167052990543,-16.1103882975633,-37.9063522548189,-18.9531761274095,-7.86627882331151,1975,1995,1975,1995,1926,51,92,113,1834,NA,"Yes",77,14.2192334541851,16.7124702512823,32
104,"E06",33,"E060048_new","Elder Creek","ED06_033_02_new","2_new",1,NA,"Hardwood","E","density",0.1,NA,"NO","QUGA",14.5970297581333,3,"LIVE",1,NA,NA,NA,NA,NA,NA,"PSME-CADE27-PIJE","Jeffrey pine","Mediterranean California Dry-Mesic Mixed Conifer Forest and Woodland","Warm",1394763.125,"Mid Slope",NA,2014,3,624,851,227,996,5.31496062992126,0.363747555160172,0.154073338481911,271,360,237,"Jeffrey pine,Warm,Mid Slope",-123.56601234,42.05887349,NA,NA,NA,NA,NA,NA,NA,NA,NA,NA,NA,NA,NA,NA,NA,1957,41,57,113,1900,NA,"Yes",11,0.537006033420728,6.00329842014039,7.95040478447961
105,"G01",6,"G010011_new","Grayback Creek","GB01_006_01_new","1_new",1,93,"Hardwood","G","density",0.1,NA,"NO","ARME",31.2425696548816,2,"LIVE",1,NA,NA,NA,NA,NA,NA,"LIDE3-PSME-QUCH2/RHDI6","Tan oak - Douglas-fir - Dry","Mediterranean California Mixed-Evergreen Forest -- Interior","Warm",1374851.125,"Mid Slope",NA,2014,6,568,776,208,784,9.17322834645669,0.871034841223869,0.458956788633441,158,338,274,"Tan oak - Douglas-fir - Dry,Warm,Mid Slope",-123.45100927,42.14707493,NA,NA,NA,NA,NA,NA,NA,NA,NA,NA,NA,NA,NA,NA,NA,1927,45,98,177,1829,NA,"Yes",82,21.4586833795809,30.5620077764913,32
106,"G01",9,"G010017_new","Grayback Creek","GB01_009_02_new","2_new",1,NA,"Hardwood","G","density",0.1,NA,"NO","LIDE",51.9777185927814,3,"LIVE",1,NA,NA,NA,NA,NA,NA,"LIDE3-PSME-QUCH2/RHDI6","Tan oak - Douglas-fir - Dry","Mediterranean California Mixed-Evergreen Forest -- Interior","Warm",1374851.125,"Mid Slope",NA,2014,3,568,776,208,784,4.80314960629921,0.309344060954229,0.125828673249095,158,338,274,"Tan oak - Douglas-fir - Dry,Warm,Mid Slope",-123.45100927,42.14707493,NA,NA,NA,NA,NA,NA,NA,NA,NA,NA,NA,NA,NA,NA,NA,1928,79,99,160,1829,NA,"Yes",82,23.1844917698597,32.8952136755889,49.7
107,"G01",50,"G010080_new","Grayback Creek","GB01_050_01_new","1_new",1,72,"Hardwood","G","density",0.1,NA,"NO","LIDE",22.1716450346903,3,"LIVE",1,NA,NA,NA,NA,NA,NA,"LIDE3-PSME-QUCH2/RHDI6","Tan oak - Douglas-fir - Dry","Mediterranean California Mixed-Evergreen Forest -- Interior","Warm",1374851.125,"Mid Slope",NA,2014,3,568,776,208,784,8.50393700787402,0.771599709118868,0.394427746513692,158,338,274,"Tan oak - Douglas-fir - Dry,Warm,Mid Slope",-123.45100927,42.14707493,NA,NA,NA,NA,NA,NA,NA,NA,NA,NA,NA,NA,NA,NA,NA,1922,45,86,177,1836,NA,"Yes",75,12.6218392188629,16.3006303826126,32
108,"G01",52,"G010087_new","Grayback Creek","GB01_052_02_new","2_new",1,NA,"Hardwood","G","density",0.1,NA,"NO","ARME",19.8369425085818,0,"CLEAN SNAG",5,NA,NA,NA,NA,NA,NA,"LIDE3-PSME-QUCH2/RHDI6","Tan oak - Douglas-fir - Dry","Mediterranean California Mixed-Evergreen Forest -- Interior","Warm",1374851.125,"Mid Slope",NA,2014,6,568,776,208,784,2.95275590551181,0.14202476352394,0.0475534995314539,158,338,274,"Tan oak - Douglas-fir - Dry,Warm,Mid Slope",-123.45100927,42.14707493,"Pacific madrone","Other","Small",0.0497322111706197,0.0850555555555556,-17.5225369431286,-8.76126847156432,-3.63625495694863,-17.5225369431286,-8.76126847156432,-3.63625495694863,2005,2005,2005,2005,1935,45,86,177,1849,NA,"Yes",62,12.6218392188629,14.0965212283298,16.6726262515128
109,"G01",53,"G010088_002_new","Grayback Creek","GB01_053_01_002_new","1_new",1,61,"Hardwood","G","density",0.1,NA,"NO","CHCH",21.7891750062141,0,"OLDER DEAD",4,NA,NA,NA,NA,NA,NA,"LIDE3-PSME-QUCH2/RHDI6","Tan oak - Douglas-fir - Dry","Mediterranean California Mixed-Evergreen Forest -- Interior","Warm",1374851.125,"Mid Slope",NA,2014,7,568,776,208,784,5.77206988188976,0.415078777207308,0.18171490446458,158,338,274,"Tan oak - Douglas-fir - Dry,Warm,Mid Slope",-123.45100927,42.14707493,"Western redcedar","Other","Small",0.0363667850030306,0.0452777777777778,-7.60356803384786,-3.80178401692393,-1.57788293118239,-7.60356803384786,-3.80178401692393,-1.57788293118239,2010,2010,2010,2010,1940,45,71,177,1869,NA,"Yes",42,5.01878933728249,9.12767296874278,10.0547731729638
110,"G01",57,"G010097_new","Grayback Creek","GB01_057_06_new","6_new",1,NA,"Hardwood","G","density",0.1,NA,"NO","LIDE",33.0397247500615,0,"CLEAN SNAG",5,NA,NA,NA,NA,NA,NA,"LIDE3-PSME-QUCH2/RHDI6","Tan oak - Douglas-fir - Dry","Mediterranean California Mixed-Evergreen Forest -- Interior","Warm",1374851.125,"Mid Slope",NA,2014,3,568,776,208,784,2.95275590551181,0.14202476352394,0.0475534995314539,158,338,274,"Tan oak - Douglas-fir - Dry,Warm,Mid Slope",-123.45100927,42.14707493,"Misc hardwoods","Other","Small",0.0716364450414148,0.133833333333333,-17.5225369431286,-8.76126847156432,-3.63625495694863,-17.5225369431286,-8.76126847156432,-3.63625495694863,2005,2005,2005,2005,1922,45,97,177,1825,NA,"Yes",86,21.4586833795809,30.4852156419292,32
111,"G01",67,"G010108_new","Grayback Creek","GB01_067_02_new","2_new",1,NA,"Hardwood","G","density",0.1,NA,"NO","ARME",41.1016088700338,0,"BROKEN BUTT SNAG",7,NA,NA,NA,NA,NA,NA,"LIDE3-PSME-QUCH2/RHDI6","Tan oak - Douglas-fir - Dry","Mediterranean California Mixed-Evergreen Forest -- Interior","Warm",1374851.125,"Mid Slope",NA,2014,6,568,776,208,784,4.68503937007874,0.297263229453207,0.119716463442652,158,338,274,"Tan oak - Douglas-fir - Dry,Warm,Mid Slope",-123.45100927,42.14707493,"Pacific madrone","Other","Small",0.0497322111706197,0.0850555555555556,-74.647978679063,-37.3239893395315,-15.4908551985894,-51.4873579583693,-25.7436789791847,-10.6845921457581,1977,1988,1977,1988,1918,100,117,160,1801,NA,"Yes",110,17.6677397165605,35.2148141088088,41.366233
112,"G01",70,"G010112_new","Grayback Creek","GB01_070_01_new","1_new",1,104,"Hardwood","G","density",0.1,NA,"NO","ARME",39.7936278957018,2,"LIVE",1,NA,NA,NA,NA,NA,NA,"LIDE3-PSME-QUCH2/RHDI6","Tan oak - Douglas-fir - Dry","Mediterranean California Mixed-Evergreen Forest -- Interior","Warm",1374851.125,"Mid Slope",NA,2014,6,568,776,208,784,9.64566929133858,0.94391261086494,0.507448677222315,158,338,274,"Tan oak - Douglas-fir - Dry,Warm,Mid Slope",-123.45100927,42.14707493,NA,NA,NA,NA,NA,NA,NA,NA,NA,NA,NA,NA,NA,NA,NA,1918,45,116,160,1802,NA,"Yes",109,17.6677397165605,35.0013818145227,41.366233
113,"G01",71,"G010114_new","Grayback Creek","GB01_071_01_new","1_new",1,70,"Hardwood","G","density",0.1,NA,"NO","ARME",21.2045516315819,2,"LIVE",1,NA,NA,NA,NA,NA,NA,"LIDE3-PSME-QUCH2/RHDI6","Tan oak - Douglas-fir - Dry","Mediterranean California Mixed-Evergreen Forest -- Interior","Warm",1374851.125,"Mid Slope",NA,2014,6,568,776,208,784,7.32283464566929,0.607416750550542,0.292473043518254,158,338,274,"Tan oak - Douglas-fir - Dry,Warm,Mid Slope",-123.45100927,42.14707493,NA,NA,NA,NA,NA,NA,NA,NA,NA,NA,NA,NA,NA,NA,NA,1944,45,86,177,1858,NA,"Yes",53,9.91378163169715,13.0234850985643,14.9969784370279
114,"G01",72,"G010116_new","Grayback Creek","GB01_072_01_new","1_new",1,67,"Hardwood","G","density",0.1,NA,"NO","ARME",26.2780905259581,2,"LIVE",1,NA,NA,NA,NA,NA,NA,"LIDE3-PSME-QUCH2/RHDI6","Tan oak - Douglas-fir - Dry","Mediterranean California Mixed-Evergreen Forest -- Interior","Warm",1374851.125,"Mid Slope",NA,2014,6,568,776,208,784,7.71653543307087,0.660504479895363,0.324767153422282,158,338,274,"Tan oak - Douglas-fir - Dry,Warm,Mid Slope",-123.45100927,42.14707493,NA,NA,NA,NA,NA,NA,NA,NA,NA,NA,NA,NA,NA,NA,NA,1944,45,75,177,1869,NA,"Yes",42,5.01878933728249,7.87218868894516,10.0547731729638
115,"G01",74,"G010120_new","Grayback Creek","GB01_074_02_new","2_new",1,NA,"Hardwood","G","density",0.1,NA,"NO","ARME",42.6267099835551,0,"BROKEN TOPPED SNAG",6,NA,NA,NA,NA,NA,NA,"LIDE3-PSME-QUCH2/RHDI6","Tan oak - Douglas-fir - Dry","Mediterranean California Mixed-Evergreen Forest -- Interior","Warm",1374851.125,"Mid Slope",NA,2014,6,568,776,208,784,5.5511811023622,0.389956921900511,0.168073088743971,158,338,274,"Tan oak - Douglas-fir - Dry,Warm,Mid Slope",-123.45100927,42.14707493,"Pacific madrone","Other","Small",0.0497322111706197,0.0850555555555556,-46.0852578110958,-23.0426289055479,-9.56355507776901,-34.504947450749,-17.2524737253745,-7.16042355135339,1991,1997,1991,1997,1927,100,106,160,1821,NA,"Yes",90,19.986387921351,22.3888460432392,32.6663942798774
116,"G01",77,"G010123_new","Grayback Creek","GB01_077_01_new","1_new",1,116,"Hardwood","G","density",0.1,NA,"NO","ARME",38.8807496093701,2,"LIVE",1,NA,NA,NA,NA,NA,NA,"LIDE3-PSME-QUCH2/RHDI6","Tan oak - Douglas-fir - Dry","Mediterranean California Mixed-Evergreen Forest -- Interior","Warm",1374851.125,"Mid Slope",NA,2014,6,568,776,208,784,12.7952755905512,1.48347226437119,0.892949046757302,158,338,274,"Tan oak - Douglas-fir - Dry,Warm,Mid Slope",-123.45100927,42.14707493,NA,NA,NA,NA,NA,NA,NA,NA,NA,NA,NA,NA,NA,NA,NA,1917,45,111,160,1806,NA,"Yes",105,17.6677397165605,34.3996386490974,41.366233
117,"G01",81,"G010134_new","Grayback Creek","GB01_081_01_new","1_new",1,174,"Hardwood","G","density",0.1,NA,"NO","ARME",73.1974590154567,0,"BROKEN TOPPED SNAG",6,NA,NA,NA,NA,NA,NA,"LIDE3-PSME-QUCH2/RHDI6","Tan oak - Douglas-fir - Dry","Mediterranean California Mixed-Evergreen Forest -- Interior","Warm",1374851.125,"Mid Slope",NA,2014,6,568,776,208,784,6.2992125984252,0.477373191029495,0.216421260089817,158,338,274,"Tan oak - Douglas-fir - Dry,Warm,Mid Slope",-123.45100927,42.14707493,"Pacific madrone","Other","Small",0.0497322111706197,0.0850555555555556,-46.0852578110958,-23.0426289055479,-9.56355507776901,-34.504947450749,-17.2524737253745,-7.16042355135339,1991,1997,1991,1997,1927,79,92,140,1835,NA,"Yes",76,35.3859928736336,58.4576473449253,67.6021648529752
118,"G01",92,"G010158_new","Grayback Creek","GB01_092_04_new","4_new",1,NA,"Hardwood","G","density",0.1,NA,"NO","LIDE",18.9565957768512,0,"OLDER DEAD",4,NA,NA,NA,NA,NA,NA,"LIDE3-PSME-QUCH2/RHDI6","Tan oak - Douglas-fir - Dry","Mediterranean California Mixed-Evergreen Forest -- Interior","Warm",1374851.125,"Mid Slope",NA,2014,3,568,776,208,784,0.984251968503937,0.024488944517889,0.00528372217016155,158,338,274,"Tan oak - Douglas-fir - Dry,Warm,Mid Slope",-123.45100927,42.14707493,"Misc hardwoods","Other","Small",0.0716364450414148,0.133833333333333,-7.60356803384786,-3.80178401692393,-1.57788293118239,-7.60356803384786,-3.80178401692393,-1.57788293118239,2010,2010,2010,2010,1929,45,86,177,1843,NA,"Yes",68,12.6218392188629,14.7009545935071,16.6726262515128
119,"G02",2,"G020010_new","Grayback Creek","GB02_002_01_new","1_new",1,32,"Hardwood","G","density",0.1,NA,"NO","LIDE",12.5206412852484,3,"LIVE",1,NA,NA,NA,NA,NA,NA,"LIDE3-PSME-QUCH2/RHDI6","Tan oak - Douglas-fir - Dry","Mediterranean California Mixed-Evergreen Forest -- Interior","Warm",1365469.25,"Mid Slope",NA,2014,3,568,783,215,738,5.11811023622047,0.342432847395884,0.142871847481168,57,317,297,"Tan oak - Douglas-fir - Dry,Warm,Mid Slope",-123.45257044,42.14538389,NA,NA,NA,NA,NA,NA,NA,NA,NA,NA,NA,NA,NA,NA,NA,1917,80,97,106,1820,NA,"Yes",91,8.729353,25.5354347204284,32
120,"G02",50,"G020069_new","Grayback Creek","GB02_050_01_new","1_new",1,70,"Hardwood","G","density",0.1,NA,"NO","LIDE",25.2676419413054,3,"LIVE",1,NA,NA,NA,NA,NA,NA,"LIDE3-PSME-QUCH2/RHDI6","Tan oak - Douglas-fir - Dry","Mediterranean California Mixed-Evergreen Forest -- Interior","Warm",1365469.25,"Mid Slope",NA,2014,3,568,783,215,738,8.85826771653543,0.823679168340479,0.427981495783085,57,317,297,"Tan oak - Douglas-fir - Dry,Warm,Mid Slope",-123.45257044,42.14538389,NA,NA,NA,NA,NA,NA,NA,NA,NA,NA,NA,NA,NA,NA,NA,1916,80,101,170,1815,NA,"Yes",96,24.5956385001941,29.8988923752804,41.366233
121,"G03",10,"G030015_new","Grayback Creek","GB03_010_01_new","1_new",1,86,"Hardwood","G","density",0.1,NA,"NO","LIDE",19.3886595509547,3,"LIVE",1,NA,NA,NA,NA,NA,NA,"LIDE3-PSME-QUCH2/RHDI6","Tan oak - Douglas-fir - Dry","Mediterranean California Mixed-Evergreen Forest -- Interior","Warm",1368490.75,"Ridge Top",NA,2014,3,568,803,235,675,9.52755905511811,0.92548767389328,0.495097448277345,158,336,285,"Tan oak - Douglas-fir - Dry,Warm,Ridge Top",-123.45766626,42.14301422,NA,NA,NA,NA,NA,NA,NA,NA,NA,NA,NA,NA,NA,NA,NA,1915,85,105,112,1810,NA,"Yes",101,8.729353,27.6015399251857,31.393853
122,"G04",5,"G040014_new","Grayback Creek","GB04_005_01_new","1_new",1,51,"Hardwood","G","density",0.1,NA,"NO","ARME",17.8889646505493,0,"RECENT DEAD",3,NA,NA,NA,NA,NA,NA,"LIDE3-PSME-QUCH2/RHDI6","Tan oak - Douglas-fir - Dry","Mediterranean California Mixed-Evergreen Forest -- Interior","Warm",1377836.875,"Mid Slope",NA,2014,6,567,776,210,768,6.73228346456693,0.530957585899779,0.24720211196431,158,488,397,"Tan oak - Douglas-fir - Dry,Warm,Mid Slope",-123.45195001,42.14631724,"Pacific madrone","Other","Small",0.0497322111706197,0.0850555555555556,NA,NA,NA,NA,NA,NA,NA,NA,2014,2014,1935,45,80,143,1855,NA,"Yes",56,12.6218392188629,13.3553881228343,16.6726262515128
123,"G04",13,"G040035_new","Grayback Creek","GB04_013_03_new","3_new",1,NA,"Hardwood","G","density",0.1,NA,"NO","ARME",28.9650500771343,0,"BROKEN BUTT SNAG",7,NA,NA,NA,NA,NA,NA,"LIDE3-PSME-QUCH2/RHDI6","Tan oak - Douglas-fir - Dry","Mediterranean California Mixed-Evergreen Forest -- Interior","Warm",1377836.875,"Mid Slope",NA,2014,6,567,776,210,768,3.93700787401575,0.225043282266502,0.0845395547225848,158,488,397,"Tan oak - Douglas-fir - Dry,Warm,Mid Slope",-123.45195001,42.14631724,"Pacific madrone","Other","Small",0.0497322111706197,0.0850555555555556,-74.647978679063,-37.3239893395315,-15.4908551985894,-51.4873579583693,-25.7436789791847,-10.6845921457581,1977,1988,1977,1988,1924,45,67,110,1857,NA,"Yes",54,12.6218392188629,16.432264578397,18.1065882909894
124,"G04",17,"G040047_003_new","Grayback Creek","GB04_017_06_003_new","6_new",1,NA,"Hardwood","G","density",0.1,NA,"NO","ARME",57.9376202292372,0,"OLDER DEAD",4,NA,NA,NA,NA,NA,NA,"LIDE3-PSME-QUCH2/RHDI6","Tan oak - Douglas-fir - Dry","Mediterranean California Mixed-Evergreen Forest -- Interior","Warm",1377836.875,"Mid Slope",NA,2014,6,567,776,210,768,2.95275590551181,0.14202476352394,0.0475534995314539,158,488,397,"Tan oak - Douglas-fir - Dry,Warm,Mid Slope",-123.45195001,42.14631724,"Pacific madrone","Other","Small",0.0497322111706197,0.0850555555555556,-7.60356803384786,-3.80178401692393,-1.57788293118239,-7.60356803384786,-3.80178401692393,-1.57788293118239,2010,2010,2010,2010,1934,79,103,263,1831,NA,"Yes",80,28.1724805411793,34.6877641034744,45.9056185357705
125,"G04",18,"G040048_new","Grayback Creek","GB04_018_01_new","1_new",1,50,"Hardwood","G","density",0.1,NA,"NO","ARME",21.0952255990044,0,"OLDER DEAD",4,NA,NA,NA,NA,NA,NA,"LIDE3-PSME-QUCH2/RHDI6","Tan oak - Douglas-fir - Dry","Mediterranean California Mixed-Evergreen Forest -- Interior","Warm",1377836.875,"Mid Slope",NA,2014,6,567,776,210,768,5.90551181102362,0.430538573855914,0.190213998125816,158,488,397,"Tan oak - Douglas-fir - Dry,Warm,Mid Slope",-123.45195001,42.14631724,"Pacific madrone","Other","Small",0.0497322111706197,0.0850555555555556,-7.60356803384786,-3.80178401692393,-1.57788293118239,-7.60356803384786,-3.80178401692393,-1.57788293118239,2010,2010,2010,2010,1934,45,78,143,1856,NA,"Yes",55,12.6218392188629,13.4379346791714,16.6726262515128
126,"G04",19,"G040051_new","Grayback Creek","GB04_019_02_new","2_new",1,NA,"Hardwood","G","density",0.1,NA,"NO","ARME",12.1690380233149,0,"DOWN DEAD",8,NA,NA,NA,NA,NA,NA,"LIDE3-PSME-QUCH2/RHDI6","Tan oak - Douglas-fir - Dry","Mediterranean California Mixed-Evergreen Forest -- Interior","Warm",1377836.875,"Mid Slope",NA,2014,6,567,776,210,768,3.4367531496063,0.181066181539767,0.0644204965428123,158,488,397,"Tan oak - Douglas-fir - Dry,Warm,Mid Slope",-123.45195001,42.14631724,"Pacific madrone","Other","Small",0.0497322111706197,0.0850555555555556,-103.21069954703,-51.6053497735151,-21.4181553194097,-68.4697684659897,-34.2348842329948,-14.2087607401629,1962,1980,1962,1980,1916,45,65,143,1851,NA,"Yes",60,12.6218392188629,14.0302304585964,16.6726262515128
127,"G04",20,"G040053_new","Grayback Creek","GB04_020_02_new","2_new",1,NA,"Hardwood","G","density",0.1,NA,"NO","LIDE",11.9177029052906,0,"CLEAN SNAG",5,NA,NA,NA,NA,NA,NA,"LIDE3-PSME-QUCH2/RHDI6","Tan oak - Douglas-fir - Dry","Mediterranean California Mixed-Evergreen Forest -- Interior","Warm",1377836.875,"Mid Slope",NA,2014,3,567,776,210,768,2.95275590551181,0.14202476352394,0.0475534995314539,158,488,397,"Tan oak - Douglas-fir - Dry,Warm,Mid Slope",-123.45195001,42.14631724,"Misc hardwoods","Other","Small",0.0716364450414148,0.133833333333333,-17.5225369431286,-8.76126847156432,-3.63625495694863,-17.5225369431286,-8.76126847156432,-3.63625495694863,2005,2005,2005,2005,1938,45,65,143,1873,NA,"Yes",38,8.51973197531512,8.92977297114336,10.3102569415665
128,"G04",22,"G040056_new","Grayback Creek","GB04_022_01_new","1_new",1,92,"Hardwood","G","density",0.1,NA,"NO","ARME",17.4482446489389,2,"LIVE",1,NA,NA,NA,NA,NA,NA,"LIDE3-PSME-QUCH2/RHDI6","Tan oak - Douglas-fir - Dry","Mediterranean California Mixed-Evergreen Forest -- Interior","Warm",1377836.875,"Mid Slope",NA,2014,6,567,776,210,768,13.9763779527559,1.7085646566002,1.06540973839137,158,488,397,"Tan oak - Douglas-fir - Dry,Warm,Mid Slope",-123.45195001,42.14631724,NA,NA,NA,NA,NA,NA,NA,NA,NA,NA,NA,NA,NA,NA,NA,1917,45,80,143,1837,NA,"Yes",74,12.6218392188629,15.2640024510437,32
129,"G04",35,"G040079_new","Grayback Creek","GB04_035_01_new","1_new",1,73,"Hardwood","G","density",0.1,NA,"NO","ARME",27.249548681107,2,"LIVE",1,NA,NA,NA,NA,NA,NA,"LIDE3-PSME-QUCH2/RHDI6","Tan oak - Douglas-fir - Dry","Mediterranean California Mixed-Evergreen Forest -- Interior","Warm",1377836.875,"Mid Slope",NA,2014,6,567,776,210,768,8.30708661417323,0.743221016368925,0.37637855158042,158,488,397,"Tan oak - Douglas-fir - Dry,Warm,Mid Slope",-123.45195001,42.14631724,NA,NA,NA,NA,NA,NA,NA,NA,NA,NA,NA,NA,NA,NA,NA,1941,45,67,110,1874,NA,"Yes",37,5.01878933728249,7.96286736172699,11.5654617205998
130,"G04",38,"G040087_new","Grayback Creek","GB04_038_02_new","2_new",1,NA,"Hardwood","G","density",0.1,NA,"NO","ARME",56.6120148705891,0,"OLDER DEAD",4,NA,NA,NA,NA,NA,NA,"LIDE3-PSME-QUCH2/RHDI6","Tan oak - Douglas-fir - Dry","Mediterranean California Mixed-Evergreen Forest -- Interior","Warm",1377836.875,"Mid Slope",NA,2014,6,567,776,210,768,5.74803149606299,0.412316412659158,0.180204514846662,158,488,397,"Tan oak - Douglas-fir - Dry,Warm,Mid Slope",-123.45195001,42.14631724,"Pacific madrone","Other","Small",0.0497322111706197,0.0850555555555556,-7.60356803384786,-3.80178401692393,-1.57788293118239,-7.60356803384786,-3.80178401692393,-1.57788293118239,2010,2010,2010,2010,1930,79,103,159,1827,NA,"Yes",84,30.3907074246862,38.1088198163722,45.9056185357705
131,"G04",40,"G040090_new","Grayback Creek","GB04_040_01_new","1_new",1,108,"Hardwood","G","density",0.1,NA,"NO","LIDE",44.1292534848258,3,"LIVE",1,NA,NA,NA,NA,NA,NA,"LIDE3-PSME-QUCH2/RHDI6","Tan oak - Douglas-fir - Dry","Mediterranean California Mixed-Evergreen Forest -- Interior","Warm",1377836.875,"Mid Slope",NA,2014,3,567,776,210,768,6.65354330708661,0.521056455427938,0.241453422243174,158,488,397,"Tan oak - Douglas-fir - Dry,Warm,Mid Slope",-123.45195001,42.14631724,NA,NA,NA,NA,NA,NA,NA,NA,NA,NA,NA,NA,NA,NA,NA,1935,79,101,159,1834,NA,"Yes",77,30.3907074246862,43.2782529311188,49.7
132,"G04",41,"G040093_new","Grayback Creek","GB04_041_01_new","1_new",1,102,"Hardwood","G","density",0.1,NA,"NO","LIDE",24.4261045925414,3,"LIVE",1,NA,NA,NA,NA,NA,NA,"LIDE3-PSME-QUCH2/RHDI6","Tan oak - Douglas-fir - Dry","Mediterranean California Mixed-Evergreen Forest -- Interior","Warm",1377836.875,"Mid Slope",NA,2014,3,567,776,210,768,10.2755905511811,1.04445772207784,0.57589190072572,158,488,397,"Tan oak - Douglas-fir - Dry,Warm,Mid Slope",-123.45195001,42.14631724,NA,NA,NA,NA,NA,NA,NA,NA,NA,NA,NA,NA,NA,NA,NA,1934,45,69,141,1865,NA,"Yes",46,6.89998724055801,10.0357840856436,18.1065882909894
133,"G04",47,"G040101_new","Grayback Creek","GB04_047_01_new","1_new",1,62,"Hardwood","G","density",0.1,NA,"NO","ARME",23.646366598463,0,"RECENT DEAD",3,NA,NA,NA,NA,NA,NA,"LIDE3-PSME-QUCH2/RHDI6","Tan oak - Douglas-fir - Dry","Mediterranean California Mixed-Evergreen Forest -- Interior","Warm",1377836.875,"Mid Slope",NA,2014,6,567,776,210,768,7.67716535433071,0.655120865081644,0.321461656832629,158,488,397,"Tan oak - Douglas-fir - Dry,Warm,Mid Slope",-123.45195001,42.14631724,"Pacific madrone","Other","Small",0.0497322111706197,0.0850555555555556,NA,NA,NA,NA,NA,NA,NA,NA,2014,2014,1934,45,69,141,1865,NA,"Yes",46,6.89998724055801,9.86960094489744,12.6218392188629
134,"G04",49,"G040104_new","Grayback Creek","GB04_049_02_new","2_new",1,NA,"Hardwood","G","density",0.1,NA,"NO","ARME",25.9451886741639,0,"OLDER DEAD",4,NA,NA,NA,NA,NA,NA,"LIDE3-PSME-QUCH2/RHDI6","Tan oak - Douglas-fir - Dry","Mediterranean California Mixed-Evergreen Forest -- Interior","Warm",1377836.875,"Mid Slope",NA,2014,6,567,776,210,768,7.08661417322835,0.576370920806797,0.273908157301175,158,488,397,"Tan oak - Douglas-fir - Dry,Warm,Mid Slope",-123.45195001,42.14631724,"Pacific madrone","Other","Small",0.0497322111706197,0.0850555555555556,-7.60356803384786,-3.80178401692393,-1.57788293118239,-7.60356803384786,-3.80178401692393,-1.57788293118239,2010,2010,2010,2010,1925,45,68,141,1857,NA,"Yes",54,12.6218392188629,14.1475061782513,18.1065882909894
135,"G04",70,"G040133_new","Grayback Creek","GB04_070_01_new","1_new",1,90,"Hardwood","G","density",0.1,NA,"NO","LIDE",23.9674999061413,3,"LIVE",1,NA,NA,NA,NA,NA,NA,"LIDE3-PSME-QUCH2/RHDI6","Tan oak - Douglas-fir - Dry","Mediterranean California Mixed-Evergreen Forest -- Interior","Warm",1377836.875,"Mid Slope",NA,2014,3,567,776,210,768,10.3937007874016,1.06373227477399,0.589206880594527,158,488,397,"Tan oak - Douglas-fir - Dry,Warm,Mid Slope",-123.45195001,42.14631724,NA,NA,NA,NA,NA,NA,NA,NA,NA,NA,NA,NA,NA,NA,NA,1930,45,69,141,1861,NA,"Yes",50,9.91378163169715,11.4140386516003,18.1065882909894
136,"G04",75,"G040141_new","Grayback Creek","GB04_075_01_new","1_new",1,52,"Hardwood","G","density",0.1,NA,"NO","LIDE",18.3182141557207,3,"LIVE",1,NA,NA,NA,NA,NA,NA,"LIDE3-PSME-QUCH2/RHDI6","Tan oak - Douglas-fir - Dry","Mediterranean California Mixed-Evergreen Forest -- Interior","Warm",1377836.875,"Mid Slope",NA,2014,3,567,776,210,768,6.81102362204724,0.540928443472128,0.253018433329224,158,488,397,"Tan oak - Douglas-fir - Dry,Warm,Mid Slope",-123.45195001,42.14631724,NA,NA,NA,NA,NA,NA,NA,NA,NA,NA,NA,NA,NA,NA,NA,1934,45,80,143,1854,NA,"Yes",57,12.6218392188629,14.085858248968,16.6726262515128
137,"G04",92,"G040162_new","Grayback Creek","GB04_092_02_new","2_new",1,NA,"Hardwood","G","density",0.1,NA,"NO","LIDE",26.5487362279952,0,"OLDER DEAD",4,NA,NA,NA,NA,NA,NA,"LIDE3-PSME-QUCH2/RHDI6","Tan oak - Douglas-fir - Dry","Mediterranean California Mixed-Evergreen Forest -- Interior","Warm",1377836.875,"Mid Slope",NA,2014,3,567,776,210,768,4.88188976377953,0.317497821445598,0.129988019341446,158,488,397,"Tan oak - Douglas-fir - Dry,Warm,Mid Slope",-123.45195001,42.14631724,"Misc hardwoods","Other","Small",0.0716364450414148,0.133833333333333,-7.60356803384786,-3.80178401692393,-1.57788293118239,-7.60356803384786,-3.80178401692393,-1.57788293118239,2010,2010,2010,2010,1941,45,68,141,1873,NA,"Yes",38,5.01878933728249,7.63135015800957,10.3102569415665
138,"G04",95,"G040169_new","Grayback Creek","GB04_095_03_new","3_new",1,NA,"Hardwood","G","density",0.1,NA,"NO","ARME",52.5925815784223,0,"OLDER DEAD",4,NA,NA,NA,NA,NA,NA,"LIDE3-PSME-QUCH2/RHDI6","Tan oak - Douglas-fir - Dry","Mediterranean California Mixed-Evergreen Forest -- Interior","Warm",1377836.875,"Mid Slope",NA,2014,6,567,776,210,768,5.90551181102362,0.430538573855914,0.190213998125816,158,488,397,"Tan oak - Douglas-fir - Dry,Warm,Mid Slope",-123.45195001,42.14631724,"Pacific madrone","Other","Small",0.0497322111706197,0.0850555555555556,-7.60356803384786,-3.80178401692393,-1.57788293118239,-7.60356803384786,-3.80178401692393,-1.57788293118239,2010,2010,2010,2010,1929,79,103,159,1826,NA,"Yes",85,19.986387921351,31.5593589270413,45.9056185357705
139,"G05",38,"G050087_new","Grayback Creek","GB05_038_01_new","1_new",1,45,"Hardwood","G","density",0.1,NA,"NO","LIDE",20.7515705513254,4,"LIVE",1,NA,NA,NA,NA,NA,NA,"LIDE3-PSME-QUCH2/RHDI6","Tan oak - Douglas-fir - Dry","Mediterranean California Mixed-Evergreen Forest -- Interior","Warm",1351937.625,"Mid Slope",NA,2014,3,567,804,236,627,4.7244094488189,0.301270110735157,0.121736958800522,69,463,466,"Tan oak - Douglas-fir - Dry,Warm,Mid Slope",-123.45793745,42.14233661,NA,NA,NA,NA,NA,NA,NA,NA,NA,NA,NA,NA,NA,NA,NA,1943,53,117,137,1826,NA,"Yes",85,16.6726262515128,30.1692177462874,32
140,"G05",50,"G050098_new","Grayback Creek","GB05_050_01_new","1_new",1,26,"Hardwood","G","density",0.1,NA,"NO","LIDE",12.4040907714379,4,"LIVE",1,NA,NA,NA,NA,NA,NA,"LIDE3-PSME-QUCH2/RHDI6","Tan oak - Douglas-fir - Dry","Mediterranean California Mixed-Evergreen Forest -- Interior","Warm",1351937.625,"Mid Slope",NA,2014,3,567,804,236,627,3.93700787401575,0.225043282266502,0.0845395547225848,69,463,466,"Tan oak - Douglas-fir - Dry,Warm,Mid Slope",-123.45793745,42.14233661,NA,NA,NA,NA,NA,NA,NA,NA,NA,NA,NA,NA,NA,NA,NA,1944,53,72,137,1872,NA,"Yes",39,8.51973197531512,9.29183141225241,10.3102569415665
141,"G05",52,"G050100_001_new","Grayback Creek","GB05_052_01_001_new","1_new",1,42,"Hardwood","G","density",0.1,NA,"NO","QUCH",15.7030748591662,4,"LIVE",1,NA,NA,NA,NA,NA,NA,"LIDE3-PSME-QUCH2/RHDI6","Tan oak - Douglas-fir - Dry","Mediterranean California Mixed-Evergreen Forest -- Interior","Warm",1351937.625,"Mid Slope",NA,2014,3,567,804,236,627,4.37871161417323,0.26678054104155,0.104573122373905,69,463,466,"Tan oak - Douglas-fir - Dry,Warm,Mid Slope",-123.45793745,42.14233661,NA,NA,NA,NA,NA,NA,NA,NA,NA,NA,NA,NA,NA,NA,NA,1943,53,111,137,1832,NA,"Yes",79,14.2192334541851,16.6915469378071,32
142,"G05",54,"G050103_new","Grayback Creek","GB05_054_01_new","1_new",1,42,"Hardwood","G","density",0.1,NA,"NO","LIDE",19.6987865466535,4,"LIVE",1,NA,NA,NA,NA,NA,NA,"LIDE3-PSME-QUCH2/RHDI6","Tan oak - Douglas-fir - Dry","Mediterranean California Mixed-Evergreen Forest -- Interior","Warm",1351937.625,"Mid Slope",NA,2014,3,567,804,236,627,4.37007874015748,0.26593948259393,0.104161185373697,69,463,466,"Tan oak - Douglas-fir - Dry,Warm,Mid Slope",-123.45793745,42.14233661,NA,NA,NA,NA,NA,NA,NA,NA,NA,NA,NA,NA,NA,NA,NA,1924,53,117,137,1807,NA,"Yes",104,8.729353,16.4209728856568,31.393853
143,"G06",2,"G060012_new","Grayback Creek","GB06_002_02_new","2_new",1,NA,"Hardwood","G","density",0.1,NA,"NO","LIDE",35.3787509587176,4,"LIVE",1,NA,NA,NA,NA,NA,NA,"LIDE3-PSME-QUCH2/RHDI6","Tan oak - Douglas-fir - Dry","Mediterranean California Mixed-Evergreen Forest -- Interior","Warm",1365462,"Ridge Top",NA,2014,3,553,758,205,672,2.95275590551181,0.14202476352394,0.0475534995314539,69,493,484,"Tan oak - Douglas-fir - Dry,Warm,Ridge Top",-123.45627471,42.1428335,NA,NA,NA,NA,NA,NA,NA,NA,NA,NA,NA,NA,NA,NA,NA,1917,85,101,215,1816,NA,"Yes",95,19.986387921351,28.5366653006401,31.393853
144,"G06",4,"G060015_new","Grayback Creek","GB06_004_01_new","1_new",1,60,"Hardwood","G","density",0.1,NA,"NO","LIDE",22.5119266198398,3,"LIVE",1,NA,NA,NA,NA,NA,NA,"LIDE3-PSME-QUCH2/RHDI6","Tan oak - Douglas-fir - Dry","Mediterranean California Mixed-Evergreen Forest -- Interior","Warm",1365462,"Ridge Top",NA,2014,3,553,758,205,672,4.68503937007874,0.297263229453207,0.119716463442652,69,493,484,"Tan oak - Douglas-fir - Dry,Warm,Ridge Top",-123.45627471,42.1428335,NA,NA,NA,NA,NA,NA,NA,NA,NA,NA,NA,NA,NA,NA,NA,1917,84.925,98,215,1819,NA,"Yes",92,21.4586833795809,30.6559789739418,32
145,"G06",15,"G060036_006_new","Grayback Creek","GB06_015_02_006_new","2_new",1,NA,"Hardwood","G","density",0.1,NA,"NO","LIDE",18.0576410153188,3,"LIVE",1,NA,NA,NA,NA,NA,NA,"LIDE3-PSME-QUCH2/RHDI6","Tan oak - Douglas-fir - Dry","Mediterranean California Mixed-Evergreen Forest -- Interior","Warm",1365462,"Ridge Top",NA,2014,3,553,758,205,672,0.984251968503937,0.024488944517889,0.00528372217016155,69,493,484,"Tan oak - Douglas-fir - Dry,Warm,Ridge Top",-123.45627471,42.1428335,NA,NA,NA,NA,NA,NA,NA,NA,NA,NA,NA,NA,NA,NA,NA,1917,84.925,98,215,1819,NA,"Yes",92,21.4586833795809,30.6056116237829,32
146,"G06",20,"G060046_new","Grayback Creek","GB06_020_02_new","2_new",1,NA,"Hardwood","G","density",0.1,NA,"NO","LIDE",31.1330740773826,0,"RECENT DEAD",3,NA,NA,NA,NA,NA,NA,"LIDE3-PSME-QUCH2/RHDI6","Tan oak - Douglas-fir - Dry","Mediterranean California Mixed-Evergreen Forest -- Interior","Warm",1365462,"Ridge Top",NA,2014,3,553,758,205,672,2.95275590551181,0.14202476352394,0.0475534995314539,69,493,484,"Tan oak - Douglas-fir - Dry,Warm,Ridge Top",-123.45627471,42.1428335,"Misc hardwoods","Ridgetop","Small",0.0716364450414148,0.226333333333333,NA,NA,NA,NA,NA,NA,NA,NA,2014,2014,1917,85,101,215,1816,NA,"Yes",95,24.5956385001941,29.9097542514862,41.366233
147,"G06",24,"G060055_new","Grayback Creek","GB06_024_01_new","1_new",1,34,"Hardwood","G","density",0.1,NA,"NO","LIDE",15.1303052020478,0,"RECENT DEAD",3,NA,NA,NA,NA,NA,NA,"LIDE3-PSME-QUCH2/RHDI6","Tan oak - Douglas-fir - Dry","Mediterranean California Mixed-Evergreen Forest -- Interior","Warm",1365462,"Ridge Top",NA,2014,3,553,758,205,672,4.68503937007874,0.297263229453207,0.119716463442652,69,493,484,"Tan oak - Douglas-fir - Dry,Warm,Ridge Top",-123.45627471,42.1428335,"Misc hardwoods","Ridgetop","Small",0.0716364450414148,0.226333333333333,NA,NA,NA,NA,NA,NA,NA,NA,2014,2014,1917,63,97,215,1820,NA,"Yes",91,8.729353,30.2226501968542,32
148,"G06",31,"G060065_new","Grayback Creek","GB06_031_01_new","1_new",1,40,"Hardwood","G","density",0.1,NA,"NO","LIDE",10.3042412550779,3,"LIVE",1,NA,NA,NA,NA,NA,NA,"LIDE3-PSME-QUCH2/RHDI6","Tan oak - Douglas-fir - Dry","Mediterranean California Mixed-Evergreen Forest -- Interior","Warm",1365462,"Ridge Top",NA,2014,3,553,758,205,672,6.81102362204724,0.540928443472128,0.253018433329224,69,493,484,"Tan oak - Douglas-fir - Dry,Warm,Ridge Top",-123.45627471,42.1428335,NA,NA,NA,NA,NA,NA,NA,NA,NA,NA,NA,NA,NA,NA,NA,1915,63,96,215,1819,NA,"Yes",92,8.729353,16.8292494473455,32
149,"G06",34,"G060075_new","Grayback Creek","GB06_034_02_new","2_new",1,NA,"Hardwood","G","density",0.1,NA,"NO","LIDE",17.5678318348356,3,"LIVE",1,NA,NA,NA,NA,NA,NA,"LIDE3-PSME-QUCH2/RHDI6","Tan oak - Douglas-fir - Dry","Mediterranean California Mixed-Evergreen Forest -- Interior","Warm",1365462,"Ridge Top",NA,2014,3,553,758,205,672,7.79527559055118,0.671321193221177,0.331428870334421,69,493,484,"Tan oak - Douglas-fir - Dry,Warm,Ridge Top",-123.45627471,42.1428335,NA,NA,NA,NA,NA,NA,NA,NA,NA,NA,NA,NA,NA,NA,NA,1915,63,96,215,1819,NA,"Yes",92,21.4586833795809,30.6056116237829,32
150,"G06",40,"G060089_new","Grayback Creek","GB06_040_02_new","2_new",1,NA,"Hardwood","G","density",0.1,NA,"NO","LIDE",18.065801422431,0,"RECENT DEAD",3,NA,NA,NA,NA,NA,NA,"LIDE3-PSME-QUCH2/RHDI6","Tan oak - Douglas-fir - Dry","Mediterranean California Mixed-Evergreen Forest -- Interior","Warm",1365462,"Ridge Top",NA,2014,3,553,758,205,672,0.984251968503937,0.024488944517889,0.00528372217016155,69,493,484,"Tan oak - Douglas-fir - Dry,Warm,Ridge Top",-123.45627471,42.1428335,"Misc hardwoods","Ridgetop","Small",0.0716364450414148,0.226333333333333,NA,NA,NA,NA,NA,NA,NA,NA,2014,2014,1917,84.925,98,215,1819,NA,"Yes",92,21.4586833795809,30.6056116237829,32
151,"G06",44,"G060101_001_new","Grayback Creek","GB06_044_05_001_new","5_new",1,NA,"Hardwood","G","density",0.1,NA,"NO","LIDE",25.0909320992688,0,"RECENT DEAD",3,NA,NA,NA,NA,NA,NA,"LIDE3-PSME-QUCH2/RHDI6","Tan oak - Douglas-fir - Dry","Mediterranean California Mixed-Evergreen Forest -- Interior","Warm",1365462,"Ridge Top",NA,2014,3,553,758,205,672,0.984251968503937,0.024488944517889,0.00528372217016155,69,493,484,"Tan oak - Douglas-fir - Dry,Warm,Ridge Top",-123.45627471,42.1428335,"Misc hardwoods","Ridgetop","Small",0.0716364450414148,0.226333333333333,NA,NA,NA,NA,NA,NA,NA,NA,2014,2014,1915,85,99,215,1816,NA,"Yes",95,24.5956385001941,29.8988923752804,41.366233
152,"G06",48,"G060109_new","Grayback Creek","GB06_048_03_new","3_new",1,NA,"Hardwood","G","density",0.1,NA,"NO","LIDE",18.9205359387783,4,"LIVE",1,NA,NA,NA,NA,NA,NA,"LIDE3-PSME-QUCH2/RHDI6","Tan oak - Douglas-fir - Dry","Mediterranean California Mixed-Evergreen Forest -- Interior","Warm",1365462,"Ridge Top",NA,2014,3,553,758,205,672,0.984251968503937,0.024488944517889,0.00528372217016155,69,493,484,"Tan oak - Douglas-fir - Dry,Warm,Ridge Top",-123.45627471,42.1428335,NA,NA,NA,NA,NA,NA,NA,NA,NA,NA,NA,NA,NA,NA,NA,1917,84.925,98,215,1819,NA,"Yes",92,21.4586833795809,30.6056116237829,32
153,"G06",56,"G060126_new","Grayback Creek","GB06_056_01_new","1_new",1,55,"Hardwood","G","density",0.1,NA,"NO","LIDE",24.2287537288267,4,"LIVE",1,NA,NA,NA,NA,NA,NA,"LIDE3-PSME-QUCH2/RHDI6","Tan oak - Douglas-fir - Dry","Mediterranean California Mixed-Evergreen Forest -- Interior","Warm",1365462,"Ridge Top",NA,2014,3,553,758,205,672,5.47244094488189,0.38114456725137,0.163338873679506,69,493,484,"Tan oak - Douglas-fir - Dry,Warm,Ridge Top",-123.45627471,42.1428335,NA,NA,NA,NA,NA,NA,NA,NA,NA,NA,NA,NA,NA,NA,NA,1914,85,99,215,1815,NA,"Yes",96,24.5956385001941,29.8988923752804,41.366233
154,"G06",61,"G060139_new","Grayback Creek","GB06_061_02_new","2_new",1,NA,"Hardwood","G","density",0.1,NA,"NO","LIDE",22.8568210030835,0,"OLDER DEAD",4,NA,NA,NA,NA,NA,NA,"LIDE3-PSME-QUCH2/RHDI6","Tan oak - Douglas-fir - Dry","Mediterranean California Mixed-Evergreen Forest -- Interior","Warm",1365462,"Ridge Top",NA,2014,3,553,758,205,672,2.95275590551181,0.14202476352394,0.0475534995314539,69,493,484,"Tan oak - Douglas-fir - Dry,Warm,Ridge Top",-123.45627471,42.1428335,"Misc hardwoods","Ridgetop","Small",0.0716364450414148,0.226333333333333,-7.60356803384786,-3.80178401692393,-1.57788293118239,-7.60356803384786,-3.80178401692393,-1.57788293118239,2010,2010,2010,2010,1912,84.925,98,215,1814,NA,"Yes",97,24.5956385001941,29.7554181243245,41.366233
155,"G06",64,"G060143_new","Grayback Creek","GB06_064_01_new","1_new",1,92,"Hardwood","G","density",0.1,NA,"NO","LIDE",36.6718490215725,3,"LIVE",1,NA,NA,NA,NA,NA,NA,"LIDE3-PSME-QUCH2/RHDI6","Tan oak - Douglas-fir - Dry","Mediterranean California Mixed-Evergreen Forest -- Interior","Warm",1365462,"Ridge Top",NA,2014,3,553,758,205,672,8.85826771653543,0.823679168340479,0.427981495783085,69,493,484,"Tan oak - Douglas-fir - Dry,Warm,Ridge Top",-123.45627471,42.1428335,NA,NA,NA,NA,NA,NA,NA,NA,NA,NA,NA,NA,NA,NA,NA,1915,85,99,215,1816,NA,"Yes",95,19.986387921351,27.8268407114983,31.393853
156,"G06",65,"G060146_002_new","Grayback Creek","GB06_065_02_002_new","2_new",1,NA,"Hardwood","G","density",0.1,NA,"NO","LIDE",55.5712621086334,4,"LIVE",1,NA,NA,NA,NA,NA,NA,"LIDE3-PSME-QUCH2/RHDI6","Tan oak - Douglas-fir - Dry","Mediterranean California Mixed-Evergreen Forest -- Interior","Warm",1365462,"Ridge Top",NA,2014,3,553,758,205,672,2.95275590551181,0.14202476352394,0.0475534995314539,69,493,484,"Tan oak - Douglas-fir - Dry,Warm,Ridge Top",-123.45627471,42.1428335,NA,NA,NA,NA,NA,NA,NA,NA,NA,NA,NA,NA,NA,NA,NA,1917,116,174,196,1743,NA,"Yes",168,45,56.573072141,65
157,"G06",69,"G060162_new","Grayback Creek","GB06_069_03_new","3_new",1,NA,"Hardwood","G","density",0.1,NA,"NO","LIDE",21.862142526477,0,"RECENT DEAD",3,NA,NA,NA,NA,NA,NA,"LIDE3-PSME-QUCH2/RHDI6","Tan oak - Douglas-fir - Dry","Mediterranean California Mixed-Evergreen Forest -- Interior","Warm",1365462,"Ridge Top",NA,2014,3,553,758,205,672,0.984251968503937,0.024488944517889,0.00528372217016155,69,493,484,"Tan oak - Douglas-fir - Dry,Warm,Ridge Top",-123.45627471,42.1428335,"Misc hardwoods","Ridgetop","Small",0.0716364450414148,0.226333333333333,NA,NA,NA,NA,NA,NA,NA,NA,2014,2014,1915,84.925,98,215,1817,NA,"Yes",94,21.4586833795809,29.420913783814,32
158,"G06",73,"G060172_new","Grayback Creek","GB06_073_02_new","2_new",1,NA,"Hardwood","G","density",0.1,NA,"NO","LIDE",33.4781367741238,0,"RECENT DEAD",3,NA,NA,NA,NA,NA,NA,"LIDE3-PSME-QUCH2/RHDI6","Tan oak - Douglas-fir - Dry","Mediterranean California Mixed-Evergreen Forest -- Interior","Warm",1365462,"Ridge Top",NA,2014,3,553,758,205,672,4.40944881889764,0.269783192536893,0.10604641744401,69,493,484,"Tan oak - Douglas-fir - Dry,Warm,Ridge Top",-123.45627471,42.1428335,"Misc hardwoods","Ridgetop","Small",0.0716364450414148,0.226333333333333,NA,NA,NA,NA,NA,NA,NA,NA,2014,2014,1912,85,101,215,1811,NA,"Yes",100,19.986387921351,30.0762474587131,41.366233
159,"G07",3,"G070013_new","Grayback Creek","GB07_003_03_new","3_new",1,NA,"Hardwood","G","density",0.1,NA,"NO","ARME",42.6726846697278,0,"BROKEN TOPPED SNAG",6,NA,NA,NA,NA,NA,NA,"LIDE3-PSME-QUCH2/RHDI6","Tan oak - Douglas-fir - Dry","Mediterranean California Mixed-Evergreen Forest -- Interior","Warm",1382572.375,"Ridge Top",NA,2014,6,558,772,214,714,3.93700787401575,0.225043282266502,0.0845395547225848,109,314,285,"Tan oak - Douglas-fir - Dry,Warm,Ridge Top",-123.455999,42.14360666,"Pacific madrone","Ridgetop","Small",0.0497322111706197,0.143888888888889,-46.0852578110958,-23.0426289055479,-9.56355507776901,-27.8346365876187,-13.9173182938093,-5.77620898133034,1991,2000,1991,2000,1914,80,153,186,1761,NA,"Yes",150,12.2828334956825,23.6170677856945,55.871513
160,"G07",4,"G070015_new","Grayback Creek","GB07_004_02_new","2_new",1,NA,"Hardwood","G","density",0.1,NA,"NO","ARME",36.3773682985391,0,"BROKEN TOPPED SNAG",6,NA,NA,NA,NA,NA,NA,"LIDE3-PSME-QUCH2/RHDI6","Tan oak - Douglas-fir - Dry","Mediterranean California Mixed-Evergreen Forest -- Interior","Warm",1382572.375,"Ridge Top",NA,2014,6,558,772,214,714,5.47244094488189,0.38114456725137,0.163338873679506,109,314,285,"Tan oak - Douglas-fir - Dry,Warm,Ridge Top",-123.455999,42.14360666,"Pacific madrone","Ridgetop","Small",0.0497322111706197,0.143888888888889,-46.0852578110958,-23.0426289055479,-9.56355507776901,-27.8346365876187,-13.9173182938093,-5.77620898133034,1991,2000,1991,2000,1914,80,98,186,1816,NA,"Yes",95,19.986387921351,27.828173500058,31.393853
161,"G07",11,"G070032_new","Grayback Creek","GB07_011_02_new","2_new",1,NA,"Hardwood","G","density",0.1,NA,"NO","LIDE",31.2028184712183,3,"LIVE",1,NA,NA,NA,NA,NA,NA,"LIDE3-PSME-QUCH2/RHDI6","Tan oak - Douglas-fir - Dry","Mediterranean California Mixed-Evergreen Forest -- Interior","Warm",1382572.375,"Ridge Top",NA,2014,3,558,772,214,714,4.92125984251969,0.321604468383684,0.132093054254039,109,314,285,"Tan oak - Douglas-fir - Dry,Warm,Ridge Top",-123.455999,42.14360666,NA,NA,NA,NA,NA,NA,NA,NA,NA,NA,NA,NA,NA,NA,NA,1928,80,97,186,1831,NA,"Yes",80,16.6726262515128,30.3992798310947,32
162,"G07",15,"G070042_new","Grayback Creek","GB07_015_03_new","3_new",1,NA,"Hardwood","G","density",0.1,NA,"NO","LIDE",36.6613223374236,3,"LIVE",1,NA,NA,NA,NA,NA,NA,"LIDE3-PSME-QUCH2/RHDI6","Tan oak - Douglas-fir - Dry","Mediterranean California Mixed-Evergreen Forest -- Interior","Warm",1382572.375,"Ridge Top",NA,2014,3,558,772,214,714,0.984251968503937,0.024488944517889,0.00528372217016155,109,314,285,"Tan oak - Douglas-fir - Dry,Warm,Ridge Top",-123.455999,42.14360666,NA,NA,NA,NA,NA,NA,NA,NA,NA,NA,NA,NA,NA,NA,NA,1927,80,98,186,1829,NA,"Yes",82,19.986387921351,29.7743844619016,32
163,"G07",16,"G070044_new","Grayback Creek","GB07_016_01_new","1_new",1,56,"Hardwood","G","density",0.1,NA,"NO","CHCH",10.8540040571323,0,"RECENT DEAD",3,NA,NA,NA,NA,NA,NA,"LIDE3-PSME-QUCH2/RHDI6","Tan oak - Douglas-fir - Dry","Mediterranean California Mixed-Evergreen Forest -- Interior","Warm",1382572.375,"Ridge Top",NA,2014,7,558,772,214,714,6.45669291338583,0.496610857382383,0.227377586381864,109,314,285,"Tan oak - Douglas-fir - Dry,Warm,Ridge Top",-123.455999,42.14360666,"Western redcedar","Ridgetop","Small",0.0363667850030306,0.0767777777777778,NA,NA,NA,NA,NA,NA,NA,NA,2014,2014,1924,71,81,90,1843,NA,"Yes",68,12.6218392188629,14.6586112074119,16.6726262515128
164,"G07",21,"G070055_new","Grayback Creek","GB07_021_02_new","2_new",1,NA,"Hardwood","G","density",0.1,NA,"NO","LIDE",11.9737030738021,0,"OLDER DEAD",4,NA,NA,NA,NA,NA,NA,"LIDE3-PSME-QUCH2/RHDI6","Tan oak - Douglas-fir - Dry","Mediterranean California Mixed-Evergreen Forest -- Interior","Warm",1382572.375,"Ridge Top",NA,2014,3,558,772,214,714,5.19685039370079,0.350900787877182,0.147301720148632,109,314,285,"Tan oak - Douglas-fir - Dry,Warm,Ridge Top",-123.455999,42.14360666,"Misc hardwoods","Ridgetop","Small",0.0716364450414148,0.226333333333333,-7.60356803384786,-3.80178401692393,-1.57788293118239,-7.60356803384786,-3.80178401692393,-1.57788293118239,2010,2010,2010,2010,1926,71,81,90,1845,NA,"Yes",66,12.6218392188629,14.6586112074119,16.6726262515128
165,"G07",26,"G070077_new","Grayback Creek","GB07_026_01_new","1_new",1,113,"Hardwood","G","density",0.1,NA,"NO","LIDE",35.9714857619627,3,"LIVE",1,NA,NA,NA,NA,NA,NA,"LIDE3-PSME-QUCH2/RHDI6","Tan oak - Douglas-fir - Dry","Mediterranean California Mixed-Evergreen Forest -- Interior","Warm",1382572.375,"Ridge Top",NA,2014,3,558,772,214,714,11.5748031496063,1.26363539464746,0.730726095200134,109,314,285,"Tan oak - Douglas-fir - Dry,Warm,Ridge Top",-123.455999,42.14360666,NA,NA,NA,NA,NA,NA,NA,NA,NA,NA,NA,NA,NA,NA,NA,1917,80,98,186,1819,NA,"Yes",92,19.986387921351,28.1749642251335,31.393853
166,"G07",31,"G070091_001_new","Grayback Creek","GB07_031_02_001_new","2_new",1,NA,"Hardwood","G","density",0.1,NA,"NO","LIDE",43.8513395995836,0,"BROKEN TOPPED SNAG",6,NA,NA,NA,NA,NA,NA,"LIDE3-PSME-QUCH2/RHDI6","Tan oak - Douglas-fir - Dry","Mediterranean California Mixed-Evergreen Forest -- Interior","Warm",1382572.375,"Ridge Top",NA,2014,3,558,772,214,714,2.95275590551181,0.14202476352394,0.0475534995314539,109,314,285,"Tan oak - Douglas-fir - Dry,Warm,Ridge Top",-123.455999,42.14360666,"Misc hardwoods","Ridgetop","Small",0.0716364450414148,0.226333333333333,-37.5594948281219,-18.779747414061,-7.7942994038202,-24.3171420470254,-12.1585710235127,-5.04626291240292,1995,2002,1995,2002,1921,80,157,186,1764,NA,"Yes",147,12.2828334956825,23.6612426022368,55.871513
167,"G07",36,"G070099_new","Grayback Creek","GB07_036_01_new","1_new",1,70,"Hardwood","G","density",0.1,NA,"NO","LIDE",26.6249449711734,3,"LIVE",1,NA,NA,NA,NA,NA,NA,"LIDE3-PSME-QUCH2/RHDI6","Tan oak - Douglas-fir - Dry","Mediterranean California Mixed-Evergreen Forest -- Interior","Warm",1382572.375,"Ridge Top",NA,2014,3,558,772,214,714,6.45669291338583,0.496610857382383,0.227377586381864,109,314,285,"Tan oak - Douglas-fir - Dry,Warm,Ridge Top",-123.455999,42.14360666,NA,NA,NA,NA,NA,NA,NA,NA,NA,NA,NA,NA,NA,NA,NA,1921,71,89,90,1832,NA,"Yes",79,16.6726262515128,28.0335359433752,32
168,"G07",46,"G070118_new","Grayback Creek","GB07_046_01_new","1_new",1,80,"Hardwood","G","density",0.1,NA,"NO","LIDE",32.0153465951173,3,"LIVE",1,NA,NA,NA,NA,NA,NA,"LIDE3-PSME-QUCH2/RHDI6","Tan oak - Douglas-fir - Dry","Mediterranean California Mixed-Evergreen Forest -- Interior","Warm",1382572.375,"Ridge Top",NA,2014,3,558,772,214,714,5.59055118110236,0.39439137109016,0.17046555814262,109,314,285,"Tan oak - Douglas-fir - Dry,Warm,Ridge Top",-123.455999,42.14360666,NA,NA,NA,NA,NA,NA,NA,NA,NA,NA,NA,NA,NA,NA,NA,1920,80,97,186,1823,NA,"Yes",88,23.1844917698597,30.5474838897033,32
169,"G07",47,"G070122_new","Grayback Creek","GB07_047_02_new","2_new",1,NA,"Hardwood","G","density",0.1,NA,"NO","ARME",56.3935852183115,0,"OLDER DEAD",4,NA,NA,NA,NA,NA,NA,"LIDE3-PSME-QUCH2/RHDI6","Tan oak - Douglas-fir - Dry","Mediterranean California Mixed-Evergreen Forest -- Interior","Warm",1382572.375,"Ridge Top",NA,2014,6,558,772,214,714,7.28346456692913,0.602200093840932,0.289336626038046,109,314,285,"Tan oak - Douglas-fir - Dry,Warm,Ridge Top",-123.455999,42.14360666,"Pacific madrone","Ridgetop","Small",0.0497322111706197,0.143888888888889,-7.60356803384786,-3.80178401692393,-1.57788293118239,-7.60356803384786,-3.80178401692393,-1.57788293118239,2010,2010,2010,2010,1924,101,125,186,1799,NA,"Yes",112,17.6677397165605,34.3034305573808,46.5300804786584
170,"G07",48,"G070126_new","Grayback Creek","GB07_048_04_new","4_new",1,NA,"Hardwood","G","density",0.1,NA,"NO","ARME",88.8408750678982,0,"BROKEN BUTT SNAG",7,NA,NA,NA,NA,NA,NA,"LIDE3-PSME-QUCH2/RHDI6","Tan oak - Douglas-fir - Dry","Mediterranean California Mixed-Evergreen Forest -- Interior","Warm",1382572.375,"Ridge Top",NA,2014,6,558,772,214,714,5.51181102362205,0.385541302725637,0.165697527256266,109,314,285,"Tan oak - Douglas-fir - Dry,Warm,Ridge Top",-123.455999,42.14360666,"Pacific madrone","Ridgetop","Small",0.0497322111706197,0.143888888888889,-74.647978679063,-37.3239893395315,-15.4908551985894,-38.1467362321087,-19.0733681160544,-7.91616300571204,1977,1995,1977,1995,1914,101,120,319,1794,NA,"Yes",117,52.2828504707777,61.6646318666818,83.068913
171,"G07",56,"G070138_new","Grayback Creek","GB07_056_02_new","2_new",1,NA,"Hardwood","G","density",0.1,NA,"NO","ARME",38.7473834072645,0,"BROKEN TOPPED SNAG",6,NA,NA,NA,NA,NA,NA,"LIDE3-PSME-QUCH2/RHDI6","Tan oak - Douglas-fir - Dry","Mediterranean California Mixed-Evergreen Forest -- Interior","Warm",1382572.375,"Ridge Top",NA,2014,6,558,772,214,714,4.37007874015748,0.26593948259393,0.104161185373697,109,314,285,"Tan oak - Douglas-fir - Dry,Warm,Ridge Top",-123.455999,42.14360666,"Pacific madrone","Ridgetop","Small",0.0497322111706197,0.143888888888889,-46.0852578110958,-23.0426289055479,-9.56355507776901,-27.8346365876187,-13.9173182938093,-5.77620898133034,1991,2000,1991,2000,1919,80,152,186,1767,NA,"Yes",144,12.2828334956825,22.1743878375222,55.871513
172,"G07",57,"G070140_new","Grayback Creek","GB07_057_02_new","2_new",1,NA,"Hardwood","G","density",0.1,NA,"NO","ARME",19.3487804643471,0,"BROKEN TOPPED SNAG",6,NA,NA,NA,NA,NA,NA,"LIDE3-PSME-QUCH2/RHDI6","Tan oak - Douglas-fir - Dry","Mediterranean California Mixed-Evergreen Forest -- Interior","Warm",1382572.375,"Ridge Top",NA,2014,6,558,772,214,714,6.69291338582677,0.525998284346066,0.24431931314827,109,314,285,"Tan oak - Douglas-fir - Dry,Warm,Ridge Top",-123.455999,42.14360666,"Pacific madrone","Ridgetop","Small",0.0497322111706197,0.143888888888889,-46.0852578110958,-23.0426289055479,-9.56355507776901,-27.8346365876187,-13.9173182938093,-5.77620898133034,1991,2000,1991,2000,1914,71,86,90,1828,NA,"Yes",83,16.6726262515128,30.3422934927301,32
173,"G07",58,"G070142_011_new","Grayback Creek","GB07_058_02_011_new","2_new",1,NA,"Hardwood","G","density",0.1,NA,"NO","LIDE",69.4043634329161,3,"LIVE",1,NA,NA,NA,NA,NA,NA,"LIDE3-PSME-QUCH2/RHDI6","Tan oak - Douglas-fir - Dry","Mediterranean California Mixed-Evergreen Forest -- Interior","Warm",1382572.375,"Ridge Top",NA,2014,3,558,772,214,714,0.984251968503937,0.024488944517889,0.00528372217016155,109,314,285,"Tan oak - Douglas-fir - Dry,Warm,Ridge Top",-123.455999,42.14360666,NA,NA,NA,NA,NA,NA,NA,NA,NA,NA,NA,NA,NA,NA,NA,1926,101,113,195.025,1813,NA,"Yes",98,41.8311322878367,48.7934587126191,55.3562129313
174,"G07",66,"G070160_new","Grayback Creek","GB07_066_01_new","1_new",1,88,"Hardwood","G","density",0.1,NA,"NO","LIDE",12.4245622190511,2,"LIVE",1,NA,NA,NA,NA,NA,NA,"LIDE3-PSME-QUCH2/RHDI6","Tan oak - Douglas-fir - Dry","Mediterranean California Mixed-Evergreen Forest -- Interior","Warm",1382572.375,"Ridge Top",NA,2014,3,558,772,214,714,13.3858267716535,1.59452862707876,0.97727725259308,109,314,285,"Tan oak - Douglas-fir - Dry,Warm,Ridge Top",-123.455999,42.14360666,NA,NA,NA,NA,NA,NA,NA,NA,NA,NA,NA,NA,NA,NA,NA,1916,71,81,90,1835,NA,"Yes",76,12.6218392188629,15.2905769804617,32
175,"G07",67,"G070165_new","Grayback Creek","GB07_067_03_new","3_new",1,NA,"Hardwood","G","density",0.1,NA,"NO","ARME",37.7827685327457,0,"BROKEN TOPPED SNAG",6,NA,NA,NA,NA,NA,NA,"LIDE3-PSME-QUCH2/RHDI6","Tan oak - Douglas-fir - Dry","Mediterranean California Mixed-Evergreen Forest -- Interior","Warm",1382572.375,"Ridge Top",NA,2014,6,558,772,214,714,4.48818897637795,0.27753247938981,0.109867605317471,109,314,285,"Tan oak - Douglas-fir - Dry,Warm,Ridge Top",-123.455999,42.14360666,"Pacific madrone","Ridgetop","Small",0.0497322111706197,0.143888888888889,-46.0852578110958,-23.0426289055479,-9.56355507776901,-27.8346365876187,-13.9173182938093,-5.77620898133034,1991,2000,1991,2000,1914,80,98,186,1816,NA,"Yes",95,19.986387921351,27.756205016811,31.393853
176,"G07",69,"G070168_new","Grayback Creek","GB07_069_01_new","1_new",1,152,"Hardwood","G","density",0.1,NA,"NO","ARME",60.7136042404851,2,"LIVE",1,NA,NA,NA,NA,NA,NA,"LIDE3-PSME-QUCH2/RHDI6","Tan oak - Douglas-fir - Dry","Mediterranean California Mixed-Evergreen Forest -- Interior","Warm",1382572.375,"Ridge Top",NA,2014,6,558,772,214,714,9.88188976377953,0.981169428226074,0.532607648707756,109,314,285,"Tan oak - Douglas-fir - Dry,Warm,Ridge Top",-123.455999,42.14360666,NA,NA,NA,NA,NA,NA,NA,NA,NA,NA,NA,NA,NA,NA,NA,1923,101,116,186,1807,NA,"Yes",104,32.6663942798774,38.2703743249216,50.8738757063268
177,"G08",8,"G080018_new","Grayback Creek","GB08_008_01_new","1_new",1,88,"Hardwood","G","density",0.1,NA,"NO","LIDE",31.5869486652424,3,"LIVE",1,NA,NA,NA,NA,NA,NA,"LIDE3-PSME-QUCH2/RHDI6","Tan oak - Douglas-fir - Dry","Mediterranean California Mixed-Evergreen Forest -- Interior","Warm",1365764.25,"Mid Slope",NA,2014,3,562,766,204,740,5.47244094488189,0.38114456725137,0.163338873679506,158,402,338,"Tan oak - Douglas-fir - Dry,Warm,Mid Slope",-123.4507647,42.14583106,NA,NA,NA,NA,NA,NA,NA,NA,NA,NA,NA,NA,NA,NA,NA,1917,80,103,186,1814,NA,"Yes",97,24.5956385001941,30.444136802709,41.366233
178,"G08",19,"G080036_new","Grayback Creek","GB08_019_02_new","2_new",1,NA,"Hardwood","G","density",0.1,NA,"NO","LIDE",29.3223700651187,4,"LIVE",1,NA,NA,NA,NA,NA,NA,"LIDE3-PSME-QUCH2/RHDI6","Tan oak - Douglas-fir - Dry","Mediterranean California Mixed-Evergreen Forest -- Interior","Warm",1365764.25,"Mid Slope",NA,2014,3,562,766,204,740,0.984251968503937,0.024488944517889,0.00528372217016155,158,402,338,"Tan oak - Douglas-fir - Dry,Warm,Mid Slope",-123.4507647,42.14583106,NA,NA,NA,NA,NA,NA,NA,NA,NA,NA,NA,NA,NA,NA,NA,1917,80,103,186,1814,NA,"Yes",97,24.5956385001941,30.4810944644862,41.366233
179,"G08",62,"G080091_new","Grayback Creek","GB08_062_02_new","2_new",1,NA,"Hardwood","G","density",0.1,NA,"NO","LIDE",21.6377081166394,0,"RECENT DEAD",3,NA,NA,NA,NA,NA,NA,"LIDE3-PSME-QUCH2/RHDI6","Tan oak - Douglas-fir - Dry","Mediterranean California Mixed-Evergreen Forest -- Interior","Warm",1365764.25,"Mid Slope",NA,2014,3,562,766,204,740,2.95275590551181,0.14202476352394,0.0475534995314539,158,402,338,"Tan oak - Douglas-fir - Dry,Warm,Mid Slope",-123.4507647,42.14583106,"Misc hardwoods","Other","Small",0.0716364450414148,0.133833333333333,NA,NA,NA,NA,NA,NA,NA,NA,2014,2014,1914,80,98,104,1816,NA,"Yes",95,21.4586833795809,29.420913783814,32
180,"G08",64,"G080097_new","Grayback Creek","GB08_064_03_new","3_new",1,NA,"Hardwood","G","density",0.1,NA,"NO","LIDE",46.9002098446995,3,"LIVE",1,NA,NA,NA,NA,NA,NA,"LIDE3-PSME-QUCH2/RHDI6","Tan oak - Douglas-fir - Dry","Mediterranean California Mixed-Evergreen Forest -- Interior","Warm",1365764.25,"Mid Slope",NA,2014,3,562,766,204,740,9.25196850393701,0.883028321601197,0.466869690955474,158,402,338,"Tan oak - Douglas-fir - Dry,Warm,Mid Slope",-123.4507647,42.14583106,NA,NA,NA,NA,NA,NA,NA,NA,NA,NA,NA,NA,NA,NA,NA,1916,100,112,186,1804,NA,"Yes",107,17.6677397165605,35.2121289530612,41.366233
181,"G09",1,"G090008_new","Grayback Creek","GB09_001_02_new","2_new",1,NA,"Hardwood","G","density",0.1,NA,"NO","LIDE",20.281684172268,3,"LIVE",1,NA,NA,NA,NA,NA,NA,"LIDE3-PSME-QUCH2/RHDI6","Tan oak - Douglas-fir - Dry","Mediterranean California Mixed-Evergreen Forest -- Interior","Warm",1158818.375,"Ridge Top",NA,2014,3,582,823,241,667,5.74803149606299,0.412316412659158,0.180204514846662,85,238,212,"Tan oak - Douglas-fir - Dry,Warm,Ridge Top",-123.45892443,42.1436159,NA,NA,NA,NA,NA,NA,NA,NA,NA,NA,NA,NA,NA,NA,NA,1918,88,93,112,1825,NA,"Yes",86,21.4586833795809,30.3382406438121,32
182,"G09",2,"G090009_new","Grayback Creek","GB09_002_01_new","1_new",1,78,"Hardwood","G","density",0.1,NA,"NO","LIDE",31.2268454757678,2,"LIVE",1,NA,NA,NA,NA,NA,NA,"LIDE3-PSME-QUCH2/RHDI6","Tan oak - Douglas-fir - Dry","Mediterranean California Mixed-Evergreen Forest -- Interior","Warm",1158818.375,"Ridge Top",NA,2014,3,582,823,241,667,6.33858267716535,0.482155866244433,0.219134979796412,85,238,212,"Tan oak - Douglas-fir - Dry,Warm,Ridge Top",-123.45892443,42.1436159,NA,NA,NA,NA,NA,NA,NA,NA,NA,NA,NA,NA,NA,NA,NA,1918,88,93,112,1825,NA,"Yes",86,21.4586833795809,30.4852156419292,32
183,"G09",8,"G090027_002_new","Grayback Creek","GB09_008_05_002_new","5_new",1,NA,"Hardwood","G","density",0.1,NA,"NO","LIDE",57.0574293089295,0,"RECENT DEAD",3,NA,NA,NA,NA,NA,NA,"LIDE3-PSME-QUCH2/RHDI6","Tan oak - Douglas-fir - Dry","Mediterranean California Mixed-Evergreen Forest -- Interior","Warm",1158818.375,"Ridge Top",NA,2014,3,582,823,241,667,0.984251968503937,0.024488944517889,0.00528372217016155,85,238,212,"Tan oak - Douglas-fir - Dry,Warm,Ridge Top",-123.45892443,42.1436159,"Misc hardwoods","Ridgetop","Small",0.0716364450414148,0.226333333333333,NA,NA,NA,NA,NA,NA,NA,NA,2014,2014,1919,88,135,158,1784,NA,"Yes",127,43.7231232853585,47.3021697796876,70
184,"G09",11,"G090040_new","Grayback Creek","GB09_011_01_new","1_new",1,92,"Hardwood","G","density",0.1,NA,"NO","LIDE",34.6899315102712,3,"LIVE",1,NA,NA,NA,NA,NA,NA,"LIDE3-PSME-QUCH2/RHDI6","Tan oak - Douglas-fir - Dry","Mediterranean California Mixed-Evergreen Forest -- Interior","Warm",1158818.375,"Ridge Top",NA,2014,3,582,823,241,667,8.97637795275591,0.841321153511681,0.439470421269885,85,238,212,"Tan oak - Douglas-fir - Dry,Warm,Ridge Top",-123.45892443,42.1436159,NA,NA,NA,NA,NA,NA,NA,NA,NA,NA,NA,NA,NA,NA,NA,1916,88,105,158,1811,NA,"Yes",100,19.986387921351,32.9104779291803,41.366233
185,"G09",12,"G090045_001_new","Grayback Creek","GB09_012_01_001_new","1_new",1,110,"Hardwood","G","density",0.1,NA,"NO","LIDE",37.0775713431997,4,"LIVE",1,NA,NA,NA,NA,NA,NA,"LIDE3-PSME-QUCH2/RHDI6","Tan oak - Douglas-fir - Dry","Mediterranean California Mixed-Evergreen Forest -- Interior","Warm",1158818.375,"Ridge Top",NA,2014,3,582,823,241,667,9.36546751968504,0.900424159699855,0.478394649045704,85,238,212,"Tan oak - Douglas-fir - Dry,Warm,Ridge Top",-123.45892443,42.1436159,NA,NA,NA,NA,NA,NA,NA,NA,NA,NA,NA,NA,NA,NA,NA,1920,88,133,158,1787,NA,"Yes",124,17.6677397165605,36.2753431231899,50
186,"G09",21,"G090077_new","Grayback Creek","GB09_021_01_new","1_new",1,30,"Hardwood","G","density",0.1,NA,"NO","LIDE",14.4877258263928,4,"LIVE",1,NA,NA,NA,NA,NA,NA,"LIDE3-PSME-QUCH2/RHDI6","Tan oak - Douglas-fir - Dry","Mediterranean California Mixed-Evergreen Forest -- Interior","Warm",1158818.375,"Ridge Top",NA,2014,3,582,823,241,667,4.01574803149606,0.232287761185964,0.0879549527333772,85,238,212,"Tan oak - Douglas-fir - Dry,Warm,Ridge Top",-123.45892443,42.1436159,NA,NA,NA,NA,NA,NA,NA,NA,NA,NA,NA,NA,NA,NA,NA,1919,88,96,112,1823,NA,"Yes",88,21.4586833795809,30.275959879031,32
187,"G09",23,"G090089_new","Grayback Creek","GB09_023_03_new","3_new",1,NA,"Hardwood","G","density",0.1,NA,"NO","ARME",69.9819108299041,0,"OLDER DEAD",4,NA,NA,NA,NA,NA,NA,"LIDE3-PSME-QUCH2/RHDI6","Tan oak - Douglas-fir - Dry","Mediterranean California Mixed-Evergreen Forest -- Interior","Warm",1158818.375,"Ridge Top",NA,2014,6,582,823,241,667,2.95275590551181,0.14202476352394,0.0475534995314539,85,238,212,"Tan oak - Douglas-fir - Dry,Warm,Ridge Top",-123.45892443,42.1436159,"Pacific madrone","Ridgetop","Small",0.0497322111706197,0.143888888888889,-7.60356803384786,-3.80178401692393,-1.57788293118239,-7.60356803384786,-3.80178401692393,-1.57788293118239,2010,2010,2010,2010,1915,96,105,187,1810,NA,"Yes",101,41.8311322878367,48.9144872261552,55.3562129313
188,"G09",26,"G090097_003_new","Grayback Creek","GB09_026_03_003_new","3_new",1,NA,"Hardwood","G","density",0.1,NA,"NO","LIDE",28.879770368781,0,"RECENT DEAD",3,NA,NA,NA,NA,NA,NA,"LIDE3-PSME-QUCH2/RHDI6","Tan oak - Douglas-fir - Dry","Mediterranean California Mixed-Evergreen Forest -- Interior","Warm",1158818.375,"Ridge Top",NA,2014,3,582,823,241,667,0.984251968503937,0.024488944517889,0.00528372217016155,85,238,212,"Tan oak - Douglas-fir - Dry,Warm,Ridge Top",-123.45892443,42.1436159,"Misc hardwoods","Ridgetop","Small",0.0716364450414148,0.226333333333333,NA,NA,NA,NA,NA,NA,NA,NA,2014,2014,1919,88,93,112,1826,NA,"Yes",85,21.4586833795809,30.374857246099,32
189,"G09",39,"G090143_002_new","Grayback Creek","GB09_039_02_002_new","2_new",1,NA,"Hardwood","G","density",0.1,NA,"NO","QUCH",48.0619625226249,3,"LIVE",1,NA,NA,NA,NA,NA,NA,"LIDE3-PSME-QUCH2/RHDI6","Tan oak - Douglas-fir - Dry","Mediterranean California Mixed-Evergreen Forest -- Interior","Warm",1158818.375,"Ridge Top",NA,2014,3,582,823,241,667,2.95275590551181,0.14202476352394,0.0475534995314539,85,238,212,"Tan oak - Douglas-fir - Dry,Warm,Ridge Top",-123.45892443,42.1436159,NA,NA,NA,NA,NA,NA,NA,NA,NA,NA,NA,NA,NA,NA,NA,1919,88,135,158,1784,NA,"Yes",127,41.366233,51.682871723233,55.871513
190,"G09",42,"G090155_new","Grayback Creek","GB09_042_03_new","3_new",1,NA,"Hardwood","G","density",0.1,NA,"NO","CHCH",70.2784726053461,0,"RECENT DEAD",3,NA,NA,NA,NA,NA,NA,"LIDE3-PSME-QUCH2/RHDI6","Tan oak - Douglas-fir - Dry","Mediterranean California Mixed-Evergreen Forest -- Interior","Warm",1158818.375,"Ridge Top",NA,2014,7,582,823,241,667,4.01574803149606,0.232287761185964,0.0879549527333772,85,238,212,"Tan oak - Douglas-fir - Dry,Warm,Ridge Top",-123.45892443,42.1436159,"Western redcedar","Ridgetop","Small",0.0363667850030306,0.0767777777777778,NA,NA,NA,NA,NA,NA,NA,NA,2014,2014,1919,96,106,187,1813,NA,"Yes",98,41.8311322878367,48.6517148128736,55.3562129313
191,"G09",57,"G090197_new","Grayback Creek","GB09_057_01_new","1_new",1,114,"Hardwood","G","density",0.1,NA,"NO","LIDE",49.5293562228904,3,"LIVE",1,NA,NA,NA,NA,NA,NA,"LIDE3-PSME-QUCH2/RHDI6","Tan oak - Douglas-fir - Dry","Mediterranean California Mixed-Evergreen Forest -- Interior","Warm",1158818.375,"Ridge Top",NA,2014,3,582,823,241,667,5.51181102362205,0.385541302725637,0.165697527256266,85,238,212,"Tan oak - Douglas-fir - Dry,Warm,Ridge Top",-123.45892443,42.1436159,NA,NA,NA,NA,NA,NA,NA,NA,NA,NA,NA,NA,NA,NA,NA,1916,88,135,158,1781,NA,"Yes",130,12.2828334956825,47.1277524808915,59.951123
192,"G09",65,"G090222_new","Grayback Creek","GB09_065_01_new","1_new",1,40,"Hardwood","G","density",0.1,NA,"NO","LIDE",19.4584192919091,3,"LIVE",1,NA,NA,NA,NA,NA,NA,"LIDE3-PSME-QUCH2/RHDI6","Tan oak - Douglas-fir - Dry","Mediterranean California Mixed-Evergreen Forest -- Interior","Warm",1158818.375,"Ridge Top",NA,2014,3,582,823,241,667,4.01574803149606,0.232287761185964,0.0879549527333772,85,238,212,"Tan oak - Douglas-fir - Dry,Warm,Ridge Top",-123.45892443,42.1436159,NA,NA,NA,NA,NA,NA,NA,NA,NA,NA,NA,NA,NA,NA,NA,1919,88,96,112,1823,NA,"Yes",88,21.4586833795809,30.3382406438121,32
193,"G09",70,"G090239_new","Grayback Creek","GB09_070_02_new","2_new",1,NA,"Hardwood","G","density",0.1,NA,"NO","LIDE",24.0354875644242,3,"LIVE",1,NA,NA,NA,NA,NA,NA,"LIDE3-PSME-QUCH2/RHDI6","Tan oak - Douglas-fir - Dry","Mediterranean California Mixed-Evergreen Forest -- Interior","Warm",1158818.375,"Ridge Top",NA,2014,3,582,823,241,667,4.17322834645669,0.247033264668595,0.0949886436862962,85,238,212,"Tan oak - Douglas-fir - Dry,Warm,Ridge Top",-123.45892443,42.1436159,NA,NA,NA,NA,NA,NA,NA,NA,NA,NA,NA,NA,NA,NA,NA,1918,88,93,112,1825,NA,"Yes",86,21.4586833795809,30.3561711604434,32
194,"G09",71,"G090242_001_new","Grayback Creek","GB09_071_03_001_new","3_new",1,NA,"Hardwood","G","density",0.1,NA,"NO","LIDE",62.612415412032,0,"RECENT DEAD",3,NA,NA,NA,NA,NA,NA,"LIDE3-PSME-QUCH2/RHDI6","Tan oak - Douglas-fir - Dry","Mediterranean California Mixed-Evergreen Forest -- Interior","Warm",1158818.375,"Ridge Top",NA,2014,3,582,823,241,667,0.984251968503937,0.024488944517889,0.00528372217016155,85,238,212,"Tan oak - Douglas-fir - Dry,Warm,Ridge Top",-123.45892443,42.1436159,"Misc hardwoods","Ridgetop","Small",0.0716364450414148,0.226333333333333,NA,NA,NA,NA,NA,NA,NA,NA,2014,2014,1918,96,138,187,1780,NA,"Yes",131,43.7231232853585,51.6554874172644,70
195,"G09",74,"G090251_new","Grayback Creek","GB09_074_02_new","2_new",1,NA,"Hardwood","G","density",0.1,NA,"NO","LIDE",66.4335318580451,4,"LIVE",1,NA,NA,NA,NA,NA,NA,"LIDE3-PSME-QUCH2/RHDI6","Tan oak - Douglas-fir - Dry","Mediterranean California Mixed-Evergreen Forest -- Interior","Warm",1158818.375,"Ridge Top",NA,2014,3,582,823,241,667,6.41732283464567,0.491774743404415,0.224613142942436,85,238,212,"Tan oak - Douglas-fir - Dry,Warm,Ridge Top",-123.45892443,42.1436159,NA,NA,NA,NA,NA,NA,NA,NA,NA,NA,NA,NA,NA,NA,NA,1918,96,116,187,1802,NA,"Yes",109,46.5300804786584,52.2339057289235,58.30072201039
196,"G09",75,"G090257_004_new","Grayback Creek","GB09_075_03_004_new","3_new",1,NA,"Hardwood","G","density",0.1,NA,"NO","LIDE",43.4059659422751,4,"LIVE",1,NA,NA,NA,NA,NA,NA,"LIDE3-PSME-QUCH2/RHDI6","Tan oak - Douglas-fir - Dry","Mediterranean California Mixed-Evergreen Forest -- Interior","Warm",1158818.375,"Ridge Top",NA,2014,3,582,823,241,667,2.95275590551181,0.14202476352394,0.0475534995314539,85,238,212,"Tan oak - Douglas-fir - Dry,Warm,Ridge Top",-123.45892443,42.1436159,NA,NA,NA,NA,NA,NA,NA,NA,NA,NA,NA,NA,NA,NA,NA,1916,88,135,158,1781,NA,"Yes",130,12.2828334956825,44.0822836655529,55.871513
197,"G09",79,"G090265_new","Grayback Creek","GB09_079_01_new","1_new",1,116,"Hardwood","G","density",0.1,NA,"NO","LIDE",49.2681546702615,3,"LIVE",1,NA,NA,NA,NA,NA,NA,"LIDE3-PSME-QUCH2/RHDI6","Tan oak - Douglas-fir - Dry","Mediterranean California Mixed-Evergreen Forest -- Interior","Warm",1158818.375,"Ridge Top",NA,2014,3,582,823,241,667,6.8503937007874,0.545939918599844,0.255951955878098,85,238,212,"Tan oak - Douglas-fir - Dry,Warm,Ridge Top",-123.45892443,42.1436159,NA,NA,NA,NA,NA,NA,NA,NA,NA,NA,NA,NA,NA,NA,NA,1916,88,135,158,1781,NA,"Yes",130,12.2828334956825,51.9385516215111,59.951123
198,"G09",82,"G090272_002_new","Grayback Creek","GB09_082_03_002_new","3_new",1,NA,"Hardwood","G","density",0.1,NA,"NO","LIDE",98.5195371851111,4,"LIVE",1,NA,NA,NA,NA,NA,NA,"LIDE3-PSME-QUCH2/RHDI6","Tan oak - Douglas-fir - Dry","Mediterranean California Mixed-Evergreen Forest -- Interior","Warm",1158818.375,"Ridge Top",NA,2014,3,582,823,241,667,2.95275590551181,0.14202476352394,0.0475534995314539,85,238,212,"Tan oak - Douglas-fir - Dry,Warm,Ridge Top",-123.45892443,42.1436159,NA,NA,NA,NA,NA,NA,NA,NA,NA,NA,NA,NA,NA,NA,NA,1916,96,126,189,1790,NA,"Yes",121,54.0750722925707,69.3757595161162,105.733413
199,"L04",3,"L040013_004_new","Elliot Ridge","ET04_003_01_004_new","1_new",1,95,"Hardwood","L","density",0.1,NA,"NO","QUCH",39.0087074928098,3,"LIVE",1,NA,NA,NA,NA,NA,NA,"PIPO-PSME","Ponderosa pine - Dry","Northern Rocky Mountain Ponderosa Pine Woodland and Savanna - Mesic","Warm",1501024.625,"Mid Slope",NA,2014,3,571,810,240,1360,4.13272391732283,0.243208209122059,0.0931537143854574,36,113,95,"Ponderosa pine - Dry,Warm,Mid Slope",-123.03211504,42.01231733,NA,NA,NA,NA,NA,NA,NA,NA,NA,NA,NA,NA,NA,NA,NA,1962,37,57,167,1905,NA,"Yes",6,0.314554752820846,2.00201380109286,8.4350924784217
200,"L04",21,"L040041_001_new","Elliot Ridge","ET04_021_02_001_new","2_new",1,NA,"Hardwood","L","density",0.1,NA,"NO","QUCH",25.9896598498367,3,"LIVE",1,NA,NA,NA,NA,NA,NA,"PIPO-PSME","Ponderosa pine - Dry","Northern Rocky Mountain Ponderosa Pine Woodland and Savanna - Mesic","Warm",1501024.625,"Mid Slope",NA,2014,3,571,810,240,1360,0.984251968503937,0.024488944517889,0.00528372217016155,36,113,95,"Ponderosa pine - Dry,Warm,Mid Slope",-123.03211504,42.01231733,NA,NA,NA,NA,NA,NA,NA,NA,NA,NA,NA,NA,NA,NA,NA,1957,37,57,167,1900,NA,"Yes",11,2.90912404807449,6.64403207157444,8.4350924784217
201,"L06",22,"L060033_new","Elliot Ridge","ET06_022_02_new","2_new",1,NA,"Hardwood","L","density",0.1,NA,"NO","QUCH",21.0642599641415,2,"LIVE",1,NA,NA,NA,NA,NA,NA,"PIPO-PSME","Ponderosa pine - Dry","Northern Rocky Mountain Ponderosa Pine Woodland and Savanna - Mesic","Warm",1414166.875,"Mid Slope",NA,2014,3,590,833,244,1425,7.48031496062992,0.628451569140058,0.305187792548531,170,192,115,"Ponderosa pine - Dry,Warm,Mid Slope",-123.0180434,42.01239793,NA,NA,NA,NA,NA,NA,NA,NA,NA,NA,NA,NA,NA,NA,NA,1929,28,76,94,1853,NA,"Yes",58,12.6218392188629,13.4814692171269,16.7084753024997
202,"R01",14,"R010030_new","Briggs Secret","BS01_014_01_new","1_new",1,83,"Hardwood","R","density",0.1,NA,"NO","ARME",34.0865249281306,0,"RECENT DEAD",3,NA,NA,NA,NA,NA,NA,"LIDE3-PSME-QUCH2/BENE2","Tan oak - Douglas-fir - Dry","Mediterranean California Mixed-Evergreen Forest -- Interior","Warm",1322780.25,"Ridge Top",NA,2014,6,605,820,215,899,7.24409448818898,0.59700032866904,0.286217116468783,251,623,546,"Tan oak - Douglas-fir - Dry,Warm,Ridge Top",-123.67694937,42.43215315,"Pacific madrone","Ridgetop","Small",0.0497322111706197,0.143888888888889,NA,NA,NA,NA,NA,NA,NA,NA,2014,2014,1919,83,96,184,1823,NA,"Yes",88,19.986387921351,30.4437990048946,32
203,"R01",19,"R010037_new","Briggs Secret","BS01_019_01_new","1_new",1,40,"Hardwood","R","density",0.1,NA,"NO","QUKE",13.9270249282786,0,"CLEAN SNAG",5,NA,NA,NA,NA,NA,NA,"LIDE3-PSME-QUCH2/BENE2","Tan oak - Douglas-fir - Dry","Mediterranean California Mixed-Evergreen Forest -- Interior","Warm",1322780.25,"Ridge Top",NA,2014,3,605,820,215,899,5.5511811023622,0.389956921900511,0.168073088743971,251,623,546,"Tan oak - Douglas-fir - Dry,Warm,Ridge Top",-123.67694937,42.43215315,"Misc hardwoods","Ridgetop","Small",0.0716364450414148,0.226333333333333,-17.5225369431286,-8.76126847156432,-3.63625495694863,-17.5225369431286,-8.76126847156432,-3.63625495694863,2005,2005,2005,2005,1914,62,91,104,1823,NA,"Yes",88,21.4586833795809,30.275959879031,32
204,"R01",23,"R010042_new","Briggs Secret","BS01_023_02_new","2_new",1,NA,"Hardwood","R","density",0.1,NA,"NO","LIDE",19.5703464739927,0,"RECENT DEAD",3,NA,NA,NA,NA,NA,NA,"LIDE3-PSME-QUCH2/BENE2","Tan oak - Douglas-fir - Dry","Mediterranean California Mixed-Evergreen Forest -- Interior","Warm",1322780.25,"Ridge Top",NA,2014,3,605,820,215,899,2.95275590551181,0.14202476352394,0.0475534995314539,251,623,546,"Tan oak - Douglas-fir - Dry,Warm,Ridge Top",-123.67694937,42.43215315,"Misc hardwoods","Ridgetop","Small",0.0716364450414148,0.226333333333333,NA,NA,NA,NA,NA,NA,NA,NA,2014,2014,1923,62,92,104,1831,NA,"Yes",80,14.2192334541851,26.9214961221605,32
205,"R01",25,"R010044_new","Briggs Secret","BS01_025_02_new","2_new",1,NA,"Hardwood","R","density",0.1,NA,"NO","QUKE",54.045867783925,0,"OLDER DEAD",4,NA,NA,NA,NA,NA,NA,"LIDE3-PSME-QUCH2/BENE2","Tan oak - Douglas-fir - Dry","Mediterranean California Mixed-Evergreen Forest -- Interior","Warm",1322780.25,"Ridge Top",NA,2014,3,605,820,215,899,5.31496062992126,0.363747555160172,0.154073338481911,251,623,546,"Tan oak - Douglas-fir - Dry,Warm,Ridge Top",-123.67694937,42.43215315,"Misc hardwoods","Ridgetop","Small",0.0716364450414148,0.226333333333333,-7.60356803384786,-3.80178401692393,-1.57788293118239,-7.60356803384786,-3.80178401692393,-1.57788293118239,2010,2010,2010,2010,1919,83,93,111.849999999998,1826,NA,"Yes",85,19.986387921351,32.0360361915987,45.9056185357705
206,"R02",7,"R020019_new","Briggs Secret","BS02_007_02_new","2_new",1,NA,"Hardwood","R","density",0.1,NA,"NO","QUKE",31.488022056858,3,"LIVE",1,NA,NA,NA,NA,NA,NA,"LIDE3-PSME-QUCH2/BENE2","Tan oak - Douglas-fir - Dry","Mediterranean California Mixed-Evergreen Forest -- Interior","Warm",1191566.375,"Ridge Top",NA,2014,3,610,824,215,888,8.58267716535433,0.783062529920231,0.401765779863612,194,392,293,"Tan oak - Douglas-fir - Dry,Warm,Ridge Top",-123.67752159,42.43313138,NA,NA,NA,NA,NA,NA,NA,NA,NA,NA,NA,NA,NA,NA,NA,1921,66,142,184,1779,NA,"Yes",132,12.2828334956825,21.2419262745027,55.871513
207,"R02",8,"R020021_new","Briggs Secret","BS02_008_02_new","2_new",1,NA,"Hardwood","R","density",0.1,NA,"NO","QUKE",33.9831805882079,0,"OLDER DEAD",4,NA,NA,NA,NA,NA,NA,"LIDE3-PSME-QUCH2/BENE2","Tan oak - Douglas-fir - Dry","Mediterranean California Mixed-Evergreen Forest -- Interior","Warm",1191566.375,"Ridge Top",NA,2014,3,610,824,215,888,5.62992125984252,0.398844597139188,0.172874935452214,194,392,293,"Tan oak - Douglas-fir - Dry,Warm,Ridge Top",-123.67752159,42.43313138,"Misc hardwoods","Ridgetop","Small",0.0716364450414148,0.226333333333333,-7.60356803384786,-3.80178401692393,-1.57788293118239,-7.60356803384786,-3.80178401692393,-1.57788293118239,2010,2010,2010,2010,1921,66,147,184,1774,NA,"Yes",137,12.2828334956825,17.9407172845222,55.871513
208,"R02",40,"R020056_new","Briggs Secret","BS02_040_02_new","2_new",1,NA,"Hardwood","R","density",0.1,NA,"NO","QUKE",47.1004664528604,0,"OLDER DEAD",4,NA,NA,NA,NA,NA,NA,"LIDE3-PSME-QUCH2/BENE2","Tan oak - Douglas-fir - Dry","Mediterranean California Mixed-Evergreen Forest -- Interior","Warm",1191566.375,"Ridge Top",NA,2014,3,610,824,215,888,5.51181102362205,0.385541302725637,0.165697527256266,194,392,293,"Tan oak - Douglas-fir - Dry,Warm,Ridge Top",-123.67752159,42.43313138,"Misc hardwoods","Ridgetop","Small",0.0716364450414148,0.226333333333333,-7.60356803384786,-3.80178401692393,-1.57788293118239,-7.60356803384786,-3.80178401692393,-1.57788293118239,2010,2010,2010,2010,1937,83,107,184,1830,NA,"Yes",81,23.1844917698597,32.9591694901649,49.7
209,"R03",4,"R030022_007_new","Briggs Secret","BS03_004_01_007_new","1_new",1,110,"Hardwood","R","density",0.1,NA,"NO","LIDE",47.6294062470343,3,"LIVE",1,NA,NA,NA,NA,NA,NA,"LIDE3-PSME-QUCH2/BENE2","Tan oak - Douglas-fir - Dry","Mediterranean California Mixed-Evergreen Forest -- Interior","Warm",1353783.375,"Ridge Top",NA,2014,3,545,697,152,927,2.34136687992126,0.0979830949290185,0.0298996655653565,77,247,225,"Tan oak - Douglas-fir - Dry,Warm,Ridge Top",-123.67234639,42.43421934,NA,NA,NA,NA,NA,NA,NA,NA,NA,NA,NA,NA,NA,NA,NA,1935,75,133,157,1802,NA,"Yes",109,17.6677397165605,35.4222242376118,41.366233
210,"R03",7,"R030027_004_new","Briggs Secret","BS03_007_01_004_new","1_new",1,93,"Hardwood","R","density",0.1,NA,"NO","QUCH",39.4972565540668,3,"LIVE",1,NA,NA,NA,NA,NA,NA,"LIDE3-PSME-QUCH2/BENE2","Tan oak - Douglas-fir - Dry","Mediterranean California Mixed-Evergreen Forest -- Interior","Warm",1353783.375,"Ridge Top",NA,2014,3,545,697,152,927,2.7062595144357,0.123535308720184,0.03994535364185,77,247,225,"Tan oak - Douglas-fir - Dry,Warm,Ridge Top",-123.67234639,42.43421934,NA,NA,NA,NA,NA,NA,NA,NA,NA,NA,NA,NA,NA,NA,NA,1935,75,102,157,1833,NA,"Yes",78,23.1844917698597,27.1062535453757,49.7
211,"R03",10,"R030030_002_new","Briggs Secret","BS03_010_02_002_new","2_new",1,NA,"Hardwood","R","density",0.1,NA,"NO","LIDE",23.2808788592986,3,"LIVE",1,NA,NA,NA,NA,NA,NA,"LIDE3-PSME-QUCH2/BENE2","Tan oak - Douglas-fir - Dry","Mediterranean California Mixed-Evergreen Forest -- Interior","Warm",1353783.375,"Ridge Top",NA,2014,3,545,697,152,927,2.95275590551181,0.14202476352394,0.0475534995314539,77,247,225,"Tan oak - Douglas-fir - Dry,Warm,Ridge Top",-123.67234639,42.43421934,NA,NA,NA,NA,NA,NA,NA,NA,NA,NA,NA,NA,NA,NA,NA,1933,61,73,75,1860,NA,"Yes",51,9.91378163169715,12.5679163956951,18.1065882909894
212,"R03",13,"R030039_new","Briggs Secret","BS03_013_04_new","4_new",1,NA,"Hardwood","R","density",0.1,NA,"NO","QUCH",35.2900356550731,0,"RECENT DEAD",3,NA,NA,NA,NA,NA,NA,"LIDE3-PSME-QUCH2/BENE2","Tan oak - Douglas-fir - Dry","Mediterranean California Mixed-Evergreen Forest -- Interior","Warm",1353783.375,"Ridge Top",NA,2014,3,545,697,152,927,2.95275590551181,0.14202476352394,0.0475534995314539,77,247,225,"Tan oak - Douglas-fir - Dry,Warm,Ridge Top",-123.67234639,42.43421934,"Misc hardwoods","Ridgetop","Small",0.0716364450414148,0.226333333333333,NA,NA,NA,NA,NA,NA,NA,NA,2014,2014,1931,75,100,157,1831,NA,"Yes",80,21.4586833795809,29.8018176673732,32
213,"R03",16,"R030046_new","Briggs Secret","BS03_016_01_new","1_new",1,60,"Hardwood","R","density",0.1,NA,"NO","LIDE",23.9826063196187,3,"LIVE",1,NA,NA,NA,NA,NA,NA,"LIDE3-PSME-QUCH2/BENE2","Tan oak - Douglas-fir - Dry","Mediterranean California Mixed-Evergreen Forest -- Interior","Warm",1353783.375,"Ridge Top",NA,2014,3,545,697,152,927,7.04724409448819,0.571256168898805,0.270873187286634,77,247,225,"Tan oak - Douglas-fir - Dry,Warm,Ridge Top",-123.67234639,42.43421934,NA,NA,NA,NA,NA,NA,NA,NA,NA,NA,NA,NA,NA,NA,NA,1938,61,73,75,1865,NA,"Yes",46,6.89998724055801,10.0144078326801,18.1065882909894
214,"R03",18,"R030048_new","Briggs Secret","BS03_018_01_new","1_new",1,28,"Hardwood","R","density",0.1,NA,"NO","LIDE",10.6912520588244,3,"LIVE",1,NA,NA,NA,NA,NA,NA,"LIDE3-PSME-QUCH2/BENE2","Tan oak - Douglas-fir - Dry","Mediterranean California Mixed-Evergreen Forest -- Interior","Warm",1353783.375,"Ridge Top",NA,2014,3,545,697,152,927,4.80314960629921,0.309344060954229,0.125828673249095,77,247,225,"Tan oak - Douglas-fir - Dry,Warm,Ridge Top",-123.67234639,42.43421934,NA,NA,NA,NA,NA,NA,NA,NA,NA,NA,NA,NA,NA,NA,NA,1944,57,80,102,1864,NA,"Yes",47,9.52683488238269,9.96083352294,12.6218392188629
215,"R03",26,"R030059_new","Briggs Secret","BS03_026_01_new","1_new",1,60,"Hardwood","R","density",0.1,NA,"NO","LIDE",26.7823943412682,3,"LIVE",1,NA,NA,NA,NA,NA,NA,"LIDE3-PSME-QUCH2/BENE2","Tan oak - Douglas-fir - Dry","Mediterranean California Mixed-Evergreen Forest -- Interior","Warm",1353783.375,"Ridge Top",NA,2014,3,545,697,152,927,4.4488188976378,0.273647549229568,0.107948557425269,77,247,225,"Tan oak - Douglas-fir - Dry,Warm,Ridge Top",-123.67234639,42.43421934,NA,NA,NA,NA,NA,NA,NA,NA,NA,NA,NA,NA,NA,NA,NA,1931,61,74,75,1857,NA,"Yes",54,12.6218392188629,16.5928314152397,18.1065882909894
216,"R03",32,"R030071_new","Briggs Secret","BS03_032_01_new","1_new",1,48,"Hardwood","R","density",0.1,NA,"NO","QUCH",20.3884175682854,3,"LIVE",1,NA,NA,NA,NA,NA,NA,"LIDE3-PSME-QUCH2/BENE2","Tan oak - Douglas-fir - Dry","Mediterranean California Mixed-Evergreen Forest -- Interior","Warm",1353783.375,"Ridge Top",NA,2014,3,545,697,152,927,4.92125984251969,0.321604468383684,0.132093054254039,77,247,225,"Tan oak - Douglas-fir - Dry,Warm,Ridge Top",-123.67234639,42.43421934,NA,NA,NA,NA,NA,NA,NA,NA,NA,NA,NA,NA,NA,NA,NA,1935,61,72,80,1863,NA,"Yes",48,9.91378163169715,10.4482006935158,14.9969784370279
217,"R03",33,"R030074_new","Briggs Secret","BS03_033_01_new","1_new",1,72,"Hardwood","R","density",0.1,NA,"NO","QUCH",27.459898218312,3,"LIVE",1,NA,NA,NA,NA,NA,NA,"LIDE3-PSME-QUCH2/BENE2","Tan oak - Douglas-fir - Dry","Mediterranean California Mixed-Evergreen Forest -- Interior","Warm",1353783.375,"Ridge Top",NA,2014,3,545,697,152,927,5.98425196850394,0.439760071045044,0.19532018723106,77,247,225,"Tan oak - Douglas-fir - Dry,Warm,Ridge Top",-123.67234639,42.43421934,NA,NA,NA,NA,NA,NA,NA,NA,NA,NA,NA,NA,NA,NA,NA,1933,61,75,75.2249999999998,1858,NA,"Yes",53,9.91378163169715,16.4091462022473,18.1065882909894
218,"R03",37,"R030086_new","Briggs Secret","BS03_037_04_new","4_new",1,NA,"Hardwood","R","density",0.1,NA,"NO","ARME",59.3266667571014,0,"BROKEN TOPPED SNAG",6,NA,NA,NA,NA,NA,NA,"LIDE3-PSME-QUCH2/BENE2","Tan oak - Douglas-fir - Dry","Mediterranean California Mixed-Evergreen Forest -- Interior","Warm",1353783.375,"Ridge Top",NA,2014,6,545,697,152,927,5.70866141732283,0.407807169792628,0.177744413804234,77,247,225,"Tan oak - Douglas-fir - Dry,Warm,Ridge Top",-123.67234639,42.43421934,"Pacific madrone","Ridgetop","Small",0.0497322111706197,0.143888888888889,-46.0852578110958,-23.0426289055479,-9.56355507776901,-27.8346365876187,-13.9173182938093,-5.77620898133034,1991,2000,1991,2000,1926,121,152,157,1774,NA,"Yes",137,43.7231232853585,48.1525382009297,59.951123
219,"R03",39,"R030089_001_new","Briggs Secret","BS03_039_01_001_new","1_new",1,88,"Hardwood","R","density",0.1,NA,"NO","QUCH",27.9834828378938,3,"LIVE",1,NA,NA,NA,NA,NA,NA,"LIDE3-PSME-QUCH2/BENE2","Tan oak - Douglas-fir - Dry","Mediterranean California Mixed-Evergreen Forest -- Interior","Warm",1353783.375,"Ridge Top",NA,2014,3,545,697,152,927,7.75210531496063,0.665382635040026,0.32776812557655,77,247,225,"Tan oak - Douglas-fir - Dry,Warm,Ridge Top",-123.67234639,42.43421934,NA,NA,NA,NA,NA,NA,NA,NA,NA,NA,NA,NA,NA,NA,NA,1919,61,79,130,1840,NA,"Yes",71,12.6218392188629,16.0249446982002,18.1065882909894
220,"R03",44,"R030100_new","Briggs Secret","BS03_044_01_new","1_new",1,73,"Hardwood","R","density",0.1,NA,"NO","QUCH",22.6987796657285,3,"LIVE",1,NA,NA,NA,NA,NA,NA,"LIDE3-PSME-QUCH2/BENE2","Tan oak - Douglas-fir - Dry","Mediterranean California Mixed-Evergreen Forest -- Interior","Warm",1353783.375,"Ridge Top",NA,2014,3,545,697,152,927,8.34645669291339,0.748864823474676,0.379954574745185,77,247,225,"Tan oak - Douglas-fir - Dry,Warm,Ridge Top",-123.67234639,42.43421934,NA,NA,NA,NA,NA,NA,NA,NA,NA,NA,NA,NA,NA,NA,NA,1933,61,71,75,1862,NA,"Yes",49,9.91378163169715,10.8801978955797,18.1065882909894
221,"R03",52,"R030114_new","Briggs Secret","BS03_052_02_new","2_new",1,NA,"Hardwood","R","density",0.1,NA,"NO","ARME",24.3728325470956,2,"LIVE",1,NA,NA,NA,NA,NA,NA,"LIDE3-PSME-QUCH2/BENE2","Tan oak - Douglas-fir - Dry","Mediterranean California Mixed-Evergreen Forest -- Interior","Warm",1353783.375,"Ridge Top",NA,2014,6,545,697,152,927,7.36220472440945,0.612650262412976,0.295626368909407,77,247,225,"Tan oak - Douglas-fir - Dry,Warm,Ridge Top",-123.67234639,42.43421934,NA,NA,NA,NA,NA,NA,NA,NA,NA,NA,NA,NA,NA,NA,NA,1934,61,73,75,1861,NA,"Yes",50,9.91378163169715,11.4142154618004,18.1065882909894
222,"R03",53,"R030115_001_new","Briggs Secret","BS03_053_01_001_new","1_new",1,52,"Hardwood","R","density",0.1,NA,"NO","LIDE",18.9263177572662,3,"LIVE",1,NA,NA,NA,NA,NA,NA,"LIDE3-PSME-QUCH2/BENE2","Tan oak - Douglas-fir - Dry","Mediterranean California Mixed-Evergreen Forest -- Interior","Warm",1353783.375,"Ridge Top",NA,2014,3,545,697,152,927,5.11205807086614,0.341785194321339,0.142534155340473,77,247,225,"Tan oak - Douglas-fir - Dry,Warm,Ridge Top",-123.67234639,42.43421934,NA,NA,NA,NA,NA,NA,NA,NA,NA,NA,NA,NA,NA,NA,NA,1945,61,73,102,1872,NA,"Yes",39,5.01878933728249,8.83734844514071,10.0547731729638
223,"R03",54,"R030117_new","Briggs Secret","BS03_054_01_new","1_new",1,32,"Hardwood","R","density",0.1,NA,"NO","QUCH",13.5962244621297,3,"LIVE",1,NA,NA,NA,NA,NA,NA,"LIDE3-PSME-QUCH2/BENE2","Tan oak - Douglas-fir - Dry","Mediterranean California Mixed-Evergreen Forest -- Interior","Warm",1353783.375,"Ridge Top",NA,2014,3,545,697,152,927,4.80314960629921,0.309344060954229,0.125828673249095,77,247,225,"Tan oak - Douglas-fir - Dry,Warm,Ridge Top",-123.67234639,42.43421934,NA,NA,NA,NA,NA,NA,NA,NA,NA,NA,NA,NA,NA,NA,NA,1944,57,74,102,1870,NA,"Yes",41,8.51973197531512,9.71728460409146,10.3102569415665
224,"R03",58,"R030127_001_new","Briggs Secret","BS03_058_01_001_new","1_new",1,86,"Hardwood","R","density",0.1,NA,"NO","LIDE",28.5716970210793,3,"LIVE",1,NA,NA,NA,NA,NA,NA,"LIDE3-PSME-QUCH2/BENE2","Tan oak - Douglas-fir - Dry","Mediterranean California Mixed-Evergreen Forest -- Interior","Warm",1353783.375,"Ridge Top",NA,2014,3,545,697,152,927,7.60543602362205,0.64535486435313,0.315482754581648,77,247,225,"Tan oak - Douglas-fir - Dry,Warm,Ridge Top",-123.67234639,42.43421934,NA,NA,NA,NA,NA,NA,NA,NA,NA,NA,NA,NA,NA,NA,NA,1935,61,79,130,1856,NA,"Yes",55,12.6218392188629,16.697334873095,18.1065882909894
225,"R03",63,"R030140_001_new","Briggs Secret","BS03_063_01_001_new","1_new",1,89,"Hardwood","R","density",0.1,NA,"NO","QUCH",30.3718491075812,3,"LIVE",1,NA,NA,NA,NA,NA,NA,"LIDE3-PSME-QUCH2/BENE2","Tan oak - Douglas-fir - Dry","Mediterranean California Mixed-Evergreen Forest -- Interior","Warm",1353783.375,"Ridge Top",NA,2014,3,545,697,152,927,7.82543996062992,0.675482375452383,0.33399880790653,77,247,225,"Tan oak - Douglas-fir - Dry,Warm,Ridge Top",-123.67234639,42.43421934,NA,NA,NA,NA,NA,NA,NA,NA,NA,NA,NA,NA,NA,NA,NA,1931,74,89,130,1842,NA,"Yes",69,12.6218392188629,15.8678398751373,18.1065882909894
226,"R04",8,"R040023_002_new","Briggs Secret","BS04_008_01_002_new","1_new",1,66,"Hardwood","R","density",0.1,NA,"NO","LIDE",23.370661748833,3,"LIVE",1,NA,NA,NA,NA,NA,NA,"LIDE3-PSME-QUCH2/BENE2","Tan oak - Douglas-fir - Dry","Mediterranean California Mixed-Evergreen Forest -- Interior","Cool",845141.375,"Mid Slope",NA,2014,3,583,770,187,852,6.13874311023622,0.458065027666816,0.205535246737001,109,361,311,"Tan oak - Douglas-fir - Dry,Cool,Mid Slope",-123.67558738,42.4358371,NA,NA,NA,NA,NA,NA,NA,NA,NA,NA,NA,NA,NA,NA,NA,1925,66,97,131.349999999999,1828,NA,"Yes",83,16.6726262515128,29.8030360319179,32
227,"R04",12,"R040026_new","Briggs Secret","BS04_012_02_new","2_new",1,NA,"Hardwood","R","density",0.1,NA,"NO","ARME",44.9015120661949,0,"OLDER DEAD",4,NA,NA,NA,NA,NA,NA,"LIDE3-PSME-QUCH2/BENE2","Tan oak - Douglas-fir - Dry","Mediterranean California Mixed-Evergreen Forest -- Interior","Cool",845141.375,"Mid Slope",NA,2014,6,583,770,187,852,4.4488188976378,0.273647549229568,0.107948557425269,109,361,311,"Tan oak - Douglas-fir - Dry,Cool,Mid Slope",-123.67558738,42.4358371,"Pacific madrone","Other","Small",0.0497322111706197,0.0850555555555556,-7.60356803384786,-3.80178401692393,-1.57788293118239,-7.60356803384786,-3.80178401692393,-1.57788293118239,2010,2010,2010,2010,1919,97,104,184,1815,NA,"Yes",96,19.986387921351,23.966735509568,41.366233
228,"R04",18,"R040031_004_new","Briggs Secret","BS04_018_01_004_new","1_new",1,50,"Hardwood","R","density",0.1,NA,"NO","QUCH",23.4977586219609,3,"LIVE",1,NA,NA,NA,NA,NA,NA,"LIDE3-PSME-QUCH2/BENE2","Tan oak - Douglas-fir - Dry","Mediterranean California Mixed-Evergreen Forest -- Interior","Cool",845141.375,"Mid Slope",NA,2014,3,583,770,187,852,1.98615551181102,0.0753045468967249,0.0215156211691201,109,361,311,"Tan oak - Douglas-fir - Dry,Cool,Mid Slope",-123.67558738,42.4358371,NA,NA,NA,NA,NA,NA,NA,NA,NA,NA,NA,NA,NA,NA,NA,1925,66,97,131.349999999999,1828,NA,"Yes",83,16.6726262515128,29.8030360319179,32
229,"R04",22,"R040040_new","Briggs Secret","BS04_022_02_new","2_new",1,NA,"Hardwood","R","density",0.1,NA,"NO","ARME",49.6844054880046,0,"RECENT DEAD",3,NA,NA,NA,NA,NA,NA,"LIDE3-PSME-QUCH2/BENE2","Tan oak - Douglas-fir - Dry","Mediterranean California Mixed-Evergreen Forest -- Interior","Cool",845141.375,"Mid Slope",NA,2014,6,583,770,187,852,4.21259842519685,0.250772608651591,0.0967893362018873,109,361,311,"Tan oak - Douglas-fir - Dry,Cool,Mid Slope",-123.67558738,42.4358371,"Pacific madrone","Other","Small",0.0497322111706197,0.0850555555555556,NA,NA,NA,NA,NA,NA,NA,NA,2014,2014,1919,97,103,184,1816,NA,"Yes",95,19.986387921351,23.9619398117566,35.563177396943
230,"R04",24,"R040043_006_new","Briggs Secret","BS04_024_01_006_new","1_new",1,74,"Hardwood","R","density",0.1,NA,"NO","LIDE",32.5904704083301,3,"LIVE",1,NA,NA,NA,NA,NA,NA,"LIDE3-PSME-QUCH2/BENE2","Tan oak - Douglas-fir - Dry","Mediterranean California Mixed-Evergreen Forest -- Interior","Cool",845141.375,"Mid Slope",NA,2014,3,583,770,187,852,1.92154865016873,0.0714236787466539,0.0201386409170537,109,361,311,"Tan oak - Douglas-fir - Dry,Cool,Mid Slope",-123.67558738,42.4358371,NA,NA,NA,NA,NA,NA,NA,NA,NA,NA,NA,NA,NA,NA,NA,1925,97,103,184,1822,NA,"Yes",89,19.986387921351,29.1272758259766,32
231,"R04",38,"R040060_new","Briggs Secret","BS04_038_03_new","3_new",1,NA,"Hardwood","R","density",0.1,NA,"NO","QUCH",14.1792017240466,0,"RECENT DEAD",3,NA,NA,NA,NA,NA,NA,"LIDE3-PSME-QUCH2/BENE2","Tan oak - Douglas-fir - Dry","Mediterranean California Mixed-Evergreen Forest -- Interior","Cool",845141.375,"Mid Slope",NA,2014,3,583,770,187,852,7.71980826771654,0.660952763352245,0.325042700552977,109,361,311,"Tan oak - Douglas-fir - Dry,Cool,Mid Slope",-123.67558738,42.4358371,"Misc hardwoods","Other","Small",0.0716364450414148,0.133833333333333,NA,NA,NA,NA,NA,NA,NA,NA,2014,2014,1918,62,89,99,1829,NA,"Yes",82,14.2192334541851,18.6690683499088,32
232,"R05",1,"R050001_new","Briggs Secret","BS05_001_01_new","1_new",1,42,"Hardwood","R","density",0.1,"R0501","YES","QUCH",15.2004493224242,3,"LIVE",1,NA,NA,NA,NA,100,NA,"LIDE3-PSME-QUCH2/BENE2","Tan oak - Douglas-fir - Dry","Mediterranean California Mixed-Evergreen Forest -- Interior","Cool",888113.125,"Mid Slope",NA,2014,3,583,771,187,790,6.33858267716535,0.482155866244433,0.219134979796412,89,343,319,"Tan oak - Douglas-fir - Dry,Cool,Mid Slope",-123.67782687,42.43600707,NA,NA,NA,NA,NA,NA,NA,NA,NA,NA,NA,NA,NA,NA,NA,1940,45,72,100,1868,NA,"Yes",43,6.89998724055801,9.08818382106596,10.0547731729638
233,"R05",7,"R050003_new","Briggs Secret","BS05_007_01_new","1_new",1,64,"Hardwood","R","density",0.1,"R0503","YES","LIDE",28.6696734492475,3,"LIVE",1,NA,NA,NA,NA,NA,NA,"LIDE3-PSME-QUCH2/BENE2","Tan oak - Douglas-fir - Dry","Mediterranean California Mixed-Evergreen Forest -- Interior","Cool",888113.125,"Mid Slope",NA,2014,3,583,771,187,790,4.17322834645669,0.247033264668595,0.0949886436862962,89,343,319,"Tan oak - Douglas-fir - Dry,Cool,Mid Slope",-123.67782687,42.43600707,NA,NA,NA,NA,NA,NA,NA,NA,NA,NA,NA,NA,NA,NA,NA,1940,45,73,100,1867,NA,"Yes",44,6.89998724055801,8.89987040387089,18.1065882909894
234,"R05",16,"R050032_new","Briggs Secret","BS05_016_02_new","2_new",1,NA,"Hardwood","R","density",0.1,NA,"NO","LIDE",25.5388767509824,0,"RECENT DEAD",3,NA,NA,NA,NA,NA,NA,"LIDE3-PSME-QUCH2/BENE2","Tan oak - Douglas-fir - Dry","Mediterranean California Mixed-Evergreen Forest -- Interior","Cool",888113.125,"Mid Slope",NA,2014,3,583,771,187,790,0.984251968503937,0.024488944517889,0.00528372217016155,89,343,319,"Tan oak - Douglas-fir - Dry,Cool,Mid Slope",-123.67782687,42.43600707,"Misc hardwoods","Other","Small",0.0716364450414148,0.133833333333333,NA,NA,NA,NA,NA,NA,NA,NA,2014,2014,1940,45,73,100,1867,NA,"Yes",44,6.89998724055801,8.33994825248695,18.1065882909894
235,"R05",34,"R050053_new","Briggs Secret","BS05_034_03_new","3_new",1,NA,"Hardwood","R","density",0.1,NA,"NO","ARME",36.4697458587693,0,"CLEAN SNAG",5,NA,NA,NA,NA,NA,NA,"LIDE3-PSME-QUCH2/BENE2","Tan oak - Douglas-fir - Dry","Mediterranean California Mixed-Evergreen Forest -- Interior","Cool",888113.125,"Mid Slope",NA,2014,6,583,771,187,790,7.8740157480315,0.682203662226427,0.338158218890339,89,343,319,"Tan oak - Douglas-fir - Dry,Cool,Mid Slope",-123.67782687,42.43600707,"Pacific madrone","Other","Medium",0.0497322111706197,0.0831666666666667,-17.5225369431286,-8.76126847156432,-3.63625495694863,-17.5225369431286,-8.76126847156432,-3.63625495694863,2005,2005,2005,2005,1932,45,81,100,1851,NA,"Yes",60,12.6218392188629,19.3650978313828,23.7664804469274
236,"R05",41,"R050060_new","Briggs Secret","BS05_041_01_new","1_new",1,50,"Hardwood","R","density",0.1,NA,"NO","LIDE",23.1190449850133,3,"LIVE",1,NA,NA,NA,NA,NA,NA,"LIDE3-PSME-QUCH2/BENE2","Tan oak - Douglas-fir - Dry","Mediterranean California Mixed-Evergreen Forest -- Interior","Cool",888113.125,"Mid Slope",NA,2014,3,583,771,187,790,4.7244094488189,0.301270110735157,0.121736958800522,89,343,319,"Tan oak - Douglas-fir - Dry,Cool,Mid Slope",-123.67782687,42.43600707,NA,NA,NA,NA,NA,NA,NA,NA,NA,NA,NA,NA,NA,NA,NA,1940,45,73,100,1867,NA,"Yes",44,6.89998724055801,8.22547113609669,12.6218392188629
237,"R05",44,"R050065_new","Briggs Secret","BS05_044_01_new","1_new",1,70,"Hardwood","R","density",0.1,NA,"NO","LIDE",30.766769145751,3,"LIVE",1,NA,NA,NA,NA,NA,NA,"LIDE3-PSME-QUCH2/BENE2","Tan oak - Douglas-fir - Dry","Mediterranean California Mixed-Evergreen Forest -- Interior","Cool",888113.125,"Mid Slope",NA,2014,3,583,771,187,790,5,0.329876977693224,0.136353847812057,89,343,319,"Tan oak - Douglas-fir - Dry,Cool,Mid Slope",-123.67782687,42.43600707,NA,NA,NA,NA,NA,NA,NA,NA,NA,NA,NA,NA,NA,NA,NA,1940,45,73,100,1867,NA,"Yes",44,6.89998724055801,9.33195102504544,20.491833569243
238,"R05",46,"R050070_new","Briggs Secret","BS05_046_01_new","1_new",1,52,"Hardwood","R","density",0.1,NA,"NO","LIDE",21.4866860369582,3,"LIVE",1,NA,NA,NA,NA,NA,NA,"LIDE3-PSME-QUCH2/BENE2","Tan oak - Douglas-fir - Dry","Mediterranean California Mixed-Evergreen Forest -- Interior","Cool",888113.125,"Mid Slope",NA,2014,3,583,771,187,790,5.98425196850394,0.439760071045044,0.19532018723106,89,343,319,"Tan oak - Douglas-fir - Dry,Cool,Mid Slope",-123.67782687,42.43600707,NA,NA,NA,NA,NA,NA,NA,NA,NA,NA,NA,NA,NA,NA,NA,1940,45,74,100,1866,NA,"Yes",45,6.89998724055801,9.48260787275725,12.6218392188629
239,"R06",46,"R060010_new","Briggs Secret","BS06_046_01_new","1_new",1,159,"Hardwood","R","density",0.1,"R0610","YES","ARME",56.9868058115372,2,"LIVE",1,NA,NA,NA,NA,NA,NA,"LIDE3-PSME-QUCH2/BENE2","Tan oak - Douglas-fir - Dry","Mediterranean California Mixed-Evergreen Forest -- Interior","Warm",1194814.375,"Ridge Top",NA,2014,6,586,785,200,954,12.6771653543307,1.46162326821372,0.876539919185648,227,400,305,"Tan oak - Douglas-fir - Dry,Warm,Ridge Top",-123.67020171,42.43610805,NA,NA,NA,NA,NA,NA,NA,NA,NA,NA,NA,NA,NA,NA,NA,1922,79,102,108,1820,NA,"Yes",91,19.986387921351,30.6655331580895,42.6959327937711
240,"R06",59,"R060102_007_new","Briggs Secret","BS06_059_01_007_new","1_new",1,68,"Hardwood","R","density",0.1,NA,"NO","LIDE",30.6661116427312,3,"LIVE",1,NA,NA,NA,NA,NA,NA,"LIDE3-PSME-QUCH2/BENE2","Tan oak - Douglas-fir - Dry","Mediterranean California Mixed-Evergreen Forest -- Interior","Warm",1194814.375,"Ridge Top",NA,2014,3,586,785,200,954,1.39675831146107,0.0428740019057733,0.0106406931126473,227,400,305,"Tan oak - Douglas-fir - Dry,Warm,Ridge Top",-123.67020171,42.43610805,NA,NA,NA,NA,NA,NA,NA,NA,NA,NA,NA,NA,NA,NA,NA,1931,69,83,98,1848,NA,"Yes",63,12.6218392188629,16.6437468940909,18.1065882909894
241,"R06",69,"R060117_new","Briggs Secret","BS06_069_01_new","1_new",1,32,"Hardwood","R","density",0.1,NA,"NO","LIDE",15.1358815111496,3,"LIVE",1,NA,NA,NA,NA,NA,NA,"LIDE3-PSME-QUCH2/BENE2","Tan oak - Douglas-fir - Dry","Mediterranean California Mixed-Evergreen Forest -- Interior","Warm",1194814.375,"Ridge Top",NA,2014,3,586,785,200,954,4.09448818897638,0.239617976457642,0.0914379823879477,227,400,305,"Tan oak - Douglas-fir - Dry,Warm,Ridge Top",-123.67020171,42.43610805,NA,NA,NA,NA,NA,NA,NA,NA,NA,NA,NA,NA,NA,NA,NA,1931,69,73,84,1858,NA,"Yes",53,12.6218392188629,13.3452754217252,16.6726262515128
242,"R06",70,"R060119_new","Briggs Secret","BS06_070_01_new","1_new",1,81,"Hardwood","R","density",0.1,NA,"NO","ARME",25.1257419383227,2,"LIVE",1,NA,NA,NA,NA,NA,NA,"LIDE3-PSME-QUCH2/BENE2","Tan oak - Douglas-fir - Dry","Mediterranean California Mixed-Evergreen Forest -- Interior","Warm",1194814.375,"Ridge Top",NA,2014,6,586,785,200,954,10.2755905511811,1.04445772207784,0.57589190072572,227,400,305,"Tan oak - Douglas-fir - Dry,Warm,Ridge Top",-123.67020171,42.43610805,NA,NA,NA,NA,NA,NA,NA,NA,NA,NA,NA,NA,NA,NA,NA,1926,69,74,84,1852,NA,"Yes",59,12.6218392188629,13.890540585721,16.7084753024997
243,"R06",78,"R060128_new","Briggs Secret","BS06_078_03_new","3_new",1,NA,"Hardwood","R","density",0.1,NA,"NO","ARME",40.471493073004,0,"CLEAN SNAG",5,NA,NA,NA,NA,NA,NA,"LIDE3-PSME-QUCH2/BENE2","Tan oak - Douglas-fir - Dry","Mediterranean California Mixed-Evergreen Forest -- Interior","Warm",1194814.375,"Ridge Top",NA,2014,6,586,785,200,954,4.68597755905512,0.297358479312827,0.11976441519001,227,400,305,"Tan oak - Douglas-fir - Dry,Warm,Ridge Top",-123.67020171,42.43610805,"Pacific madrone","Ridgetop","Small",0.0497322111706197,0.143888888888889,-17.5225369431286,-8.76126847156432,-3.63625495694863,-17.5225369431286,-8.76126847156432,-3.63625495694863,2005,2005,2005,2005,1926,79,87,108,1839,NA,"Yes",72,29.1791244691277,36.2895457227702,49.7
244,"R06",90,"R060144_new","Briggs Secret","BS06_090_01_new","1_new",1,72,"Hardwood","R","density",0.1,NA,"NO","CHCH",26.6320603545804,3,"LIVE",1,NA,NA,NA,NA,NA,NA,"LIDE3-PSME-QUCH2/BENE2","Tan oak - Douglas-fir - Dry","Mediterranean California Mixed-Evergreen Forest -- Interior","Warm",1194814.375,"Ridge Top",NA,2014,7,586,785,200,954,7.83464566929134,0.676754224839765,0.334785090656908,227,400,305,"Tan oak - Douglas-fir - Dry,Warm,Ridge Top",-123.67020171,42.43610805,NA,NA,NA,NA,NA,NA,NA,NA,NA,NA,NA,NA,NA,NA,NA,1935,69,77,84,1858,NA,"Yes",53,9.91378163169715,16.4183041226688,18.1065882909894
245,"R06",102,"R060165_004_new","Briggs Secret","BS06_102_01_004_new","1_new",1,58,"Hardwood","R","density",0.1,NA,"NO","LIDE",25.6719178714155,3,"LIVE",1,NA,NA,NA,NA,NA,NA,"LIDE3-PSME-QUCH2/BENE2","Tan oak - Douglas-fir - Dry","Mediterranean California Mixed-Evergreen Forest -- Interior","Warm",1194814.375,"Ridge Top",NA,2014,3,586,785,200,954,2.77603297244094,0.128670619599257,0.0420316684403414,227,400,305,"Tan oak - Douglas-fir - Dry,Warm,Ridge Top",-123.67020171,42.43610805,NA,NA,NA,NA,NA,NA,NA,NA,NA,NA,NA,NA,NA,NA,NA,1935,69,74,84,1861,NA,"Yes",50,9.91378163169715,12.3069907631008,18.1065882909894
246,"S01",11,"S010008_new","Star Gulch","ST01_011_01_new","1_new",1,69,"Hardwood","S","density",0.1,"S0108","YES","QUCH",16.5195068573063,2,"LIVE",1,NA,NA,NA,NA,NA,NA,"PSME-QUCH2/RHDI6","Douglas-fir - Dry","Mediterranean California Dry-Mesic Mixed Conifer Forest and Woodland","Warm",1401615.875,"Mid Slope",NA,2014,3,530,723,193,974,8.26771653543307,0.737593235249194,0.372819436326599,109,117,72,"Douglas-fir - Dry,Warm,Mid Slope",-123.10878881,42.14265002,NA,NA,NA,NA,NA,NA,NA,NA,NA,NA,NA,NA,NA,NA,NA,1941,68,70,84,1871,NA,"Yes",40,5.01878933728249,9.29394848005813,10.0547731729638
247,"S01",60,"S010040_new","Star Gulch","ST01_060_01_new","1_new",1,44,"Hardwood","S","density",0.1,"S0140","YES","QUCH",18.2090573672288,3,"LIVE",1,NA,NA,NA,NA,NA,NA,"PSME-QUCH2/RHDI6","Douglas-fir - Dry","Mediterranean California Dry-Mesic Mixed Conifer Forest and Woodland","Warm",1401615.875,"Mid Slope",NA,2014,3,530,723,193,974,4.92125984251969,0.321604468383684,0.132093054254039,109,117,72,"Douglas-fir - Dry,Warm,Mid Slope",-123.10878881,42.14265002,NA,NA,NA,NA,NA,NA,NA,NA,NA,NA,NA,NA,NA,NA,NA,1942,68,70,84,1872,NA,"Yes",39,5.01878933728249,8.76442616882682,10.3102569415665
248,"S01",75,"S010048_new","Star Gulch","ST01_075_01_new","1_new",1,46,"Hardwood","S","density",0.1,"S0148","YES","QUCH",17.6515632089698,3,"LIVE",1,NA,NA,NA,NA,NA,NA,"PSME-QUCH2/RHDI6","Douglas-fir - Dry","Mediterranean California Dry-Mesic Mixed Conifer Forest and Woodland","Warm",1401615.875,"Mid Slope",NA,2014,3,530,723,193,974,5.66929133858268,0.403316547413707,0.175301220672752,109,117,72,"Douglas-fir - Dry,Warm,Mid Slope",-123.10878881,42.14265002,NA,NA,NA,NA,NA,NA,NA,NA,NA,NA,NA,NA,NA,NA,NA,1922,68,70,84,1852,NA,"Yes",59,12.1156591639871,12.8738037661655,14.9969784370279
249,"S01",3,"S010060_new","Star Gulch","ST01_003_02_new","2_new",1,NA,"Hardwood","S","density",0.1,NA,"NO","ARME",29.5108353285923,0,"CLEAN SNAG",5,NA,NA,NA,NA,NA,NA,"PSME-QUCH2/RHDI6","Douglas-fir - Dry","Mediterranean California Dry-Mesic Mixed Conifer Forest and Woodland","Warm",1401615.875,"Mid Slope",NA,2014,6,530,723,193,974,2.95275590551181,0.14202476352394,0.0475534995314539,109,117,72,"Douglas-fir - Dry,Warm,Mid Slope",-123.10878881,42.14265002,"Pacific madrone","Other","Small",0.0497322111706197,0.0850555555555556,-17.5225369431286,-8.76126847156432,-3.63625495694863,-17.5225369431286,-8.76126847156432,-3.63625495694863,2005,2005,2005,2005,1933,68,81,108,1852,NA,"Yes",59,12.7341489081821,14.3878528994167,20.1184324978702
250,"S01",12,"S010073_new","Star Gulch","ST01_012_05_new","5_new",1,NA,"Hardwood","S","density",0.1,NA,"NO","QUCH",36.8675205304321,2,"LIVE",1,NA,NA,NA,NA,NA,NA,"PSME-QUCH2/RHDI6","Douglas-fir - Dry","Mediterranean California Dry-Mesic Mixed Conifer Forest and Woodland","Warm",1401615.875,"Mid Slope",NA,2014,3,530,723,193,974,6.33858267716535,0.482155866244433,0.219134979796412,109,117,72,"Douglas-fir - Dry,Warm,Mid Slope",-123.10878881,42.14265002,NA,NA,NA,NA,NA,NA,NA,NA,NA,NA,NA,NA,NA,NA,NA,1942,68,82,108,1860,NA,"Yes",51,12.9109591082499,18.1028728422288,30.1255422903937
251,"S01",26,"S010106_new","Star Gulch","ST01_026_02_new","2_new",1,NA,"Hardwood","S","density",0.1,NA,"NO","QUKE",23.3945045959501,3,"LIVE",1,NA,NA,NA,NA,NA,NA,"PSME-QUCH2/RHDI6","Douglas-fir - Dry","Mediterranean California Dry-Mesic Mixed Conifer Forest and Woodland","Warm",1401615.875,"Mid Slope",NA,2014,3,530,723,193,974,6.69291338582677,0.525998284346066,0.24431931314827,109,117,72,"Douglas-fir - Dry,Warm,Mid Slope",-123.10878881,42.14265002,NA,NA,NA,NA,NA,NA,NA,NA,NA,NA,NA,NA,NA,NA,NA,1944,68,73,108,1871,NA,"Yes",40,4.16469270973809,8.66223192939862,10.0547731729638
252,"S01",28,"S010114_001_new","Star Gulch","ST01_028_06_001_new","6_new",1,NA,"Hardwood","S","density",0.1,NA,"NO","ARME",75.6575036128639,0,"CLEAN SNAG",5,NA,NA,NA,NA,NA,NA,"PSME-QUCH2/RHDI6","Douglas-fir - Dry","Mediterranean California Dry-Mesic Mixed Conifer Forest and Woodland","Warm",1401615.875,"Mid Slope",NA,2014,6,530,723,193,974,2.95275590551181,0.14202476352394,0.0475534995314539,109,117,72,"Douglas-fir - Dry,Warm,Mid Slope",-123.10878881,42.14265002,"Pacific madrone","Other","Small",0.0497322111706197,0.0850555555555556,-17.5225369431286,-8.76126847156432,-3.63625495694863,-17.5225369431286,-8.76126847156432,-3.63625495694863,2005,2005,2005,2005,1933,98,138,249,1795,NA,"Yes",116,52.2828504707777,67.0525165735987,70.9366484377916
253,"S01",34,"S010134_new","Star Gulch","ST01_034_01_new","1_new",1,148,"Hardwood","S","density",0.1,NA,"NO","ARME",48.0459187884867,2,"LIVE",1,NA,NA,NA,NA,NA,NA,"PSME-QUCH2/RHDI6","Douglas-fir - Dry","Mediterranean California Dry-Mesic Mixed Conifer Forest and Woodland","Warm",1401615.875,"Mid Slope",NA,2014,6,530,723,193,974,8.26771653543307,0.737593235249194,0.372819436326599,109,117,72,"Douglas-fir - Dry,Warm,Mid Slope",-123.10878881,42.14265002,NA,NA,NA,NA,NA,NA,NA,NA,NA,NA,NA,NA,NA,NA,NA,1928,73,99,108,1829,NA,"Yes",82,30.3907074246862,36.003971944926,49.7
254,"S01",52,"S010199_new","Star Gulch","ST01_052_01_new","1_new",1,134,"Hardwood","S","density",0.1,NA,"NO","ARME",46.5355132533651,3,"LIVE",1,NA,NA,NA,NA,NA,NA,"PSME-QUCH2/RHDI6","Douglas-fir - Dry","Mediterranean California Dry-Mesic Mixed Conifer Forest and Woodland","Warm",1401615.875,"Mid Slope",NA,2014,6,530,723,193,974,8.81889763779527,0.817829708588468,0.424185669776041,109,117,72,"Douglas-fir - Dry,Warm,Mid Slope",-123.10878881,42.14265002,NA,NA,NA,NA,NA,NA,NA,NA,NA,NA,NA,NA,NA,NA,NA,1925,73,99,108,1826,NA,"Yes",85,30.3907074246862,36.0062200276735,49.7
255,"S01",55,"S010214_002_new","Star Gulch","ST01_055_06_002_new","6_new",1,NA,"Hardwood","S","density",0.1,NA,"NO","QUCH",57.5845521024964,4,"LIVE",1,NA,NA,NA,NA,NA,NA,"PSME-QUCH2/RHDI6","Douglas-fir - Dry","Mediterranean California Dry-Mesic Mixed Conifer Forest and Woodland","Warm",1401615.875,"Mid Slope",NA,2014,3,530,723,193,974,2.95275590551181,0.14202476352394,0.0475534995314539,109,117,72,"Douglas-fir - Dry,Warm,Mid Slope",-123.10878881,42.14265002,NA,NA,NA,NA,NA,NA,NA,NA,NA,NA,NA,NA,NA,NA,NA,1933,73,104,108,1829,NA,"Yes",82,30.3907074246862,42.6016027030432,49.5715194024121
256,"S01",56,"S010216_002_new","Star Gulch","ST01_056_01_002_new","1_new",1,153,"Hardwood","S","density",0.1,NA,"NO","QUCH",62.7872342628331,3,"LIVE",1,NA,NA,NA,NA,NA,NA,"PSME-QUCH2/RHDI6","Douglas-fir - Dry","Mediterranean California Dry-Mesic Mixed Conifer Forest and Woodland","Warm",1401615.875,"Mid Slope",NA,2014,3,530,723,193,974,4.17295242782152,0.247007132485608,0.0949760834962848,109,117,72,"Douglas-fir - Dry,Warm,Mid Slope",-123.10878881,42.14265002,NA,NA,NA,NA,NA,NA,NA,NA,NA,NA,NA,NA,NA,NA,NA,1942,73,106,108,1836,NA,"Yes",75,35.9267391396303,46.9264097491951,51.6344287523445
257,"S01",62,"S010230_001_new","Star Gulch","ST01_062_02_001_new","2_new",1,NA,"Hardwood","S","density",0.1,NA,"NO","QUCH",29.4096896129235,2,"LIVE",1,NA,NA,NA,NA,NA,NA,"PSME-QUCH2/RHDI6","Douglas-fir - Dry","Mediterranean California Dry-Mesic Mixed Conifer Forest and Woodland","Warm",1401615.875,"Mid Slope",NA,2014,3,530,723,193,974,2.95275590551181,0.14202476352394,0.0475534995314539,109,117,72,"Douglas-fir - Dry,Warm,Mid Slope",-123.10878881,42.14265002,NA,NA,NA,NA,NA,NA,NA,NA,NA,NA,NA,NA,NA,NA,NA,1942,68,81,108,1861,NA,"Yes",50,9.91378163169715,11.1324586011504,12.9839915972646
258,"S01",68,"S010254_new","Star Gulch","ST01_068_04_new","4_new",1,NA,"Hardwood","S","density",0.1,NA,"NO","ARME",36.1144130498581,0,"CLEAN SNAG",5,NA,NA,NA,NA,NA,NA,"PSME-QUCH2/RHDI6","Douglas-fir - Dry","Mediterranean California Dry-Mesic Mixed Conifer Forest and Woodland","Warm",1401615.875,"Mid Slope",NA,2014,6,530,723,193,974,2.95275590551181,0.14202476352394,0.0475534995314539,109,117,72,"Douglas-fir - Dry,Warm,Mid Slope",-123.10878881,42.14265002,"Pacific madrone","Other","Small",0.0497322111706197,0.0850555555555556,-17.5225369431286,-8.76126847156432,-3.63625495694863,-17.5225369431286,-8.76126847156432,-3.63625495694863,2005,2005,2005,2005,1925,68,82,108,1843,NA,"Yes",68,29.1791244691277,32.2444039913002,35.17096205942
259,"S01",73,"S010265_001_new","Star Gulch","ST01_073_03_001_new","3_new",1,NA,"Hardwood","S","density",0.1,NA,"NO","ARME",60.4548556872765,0,"BROKEN TOPPED SNAG",6,NA,NA,NA,NA,NA,NA,"PSME-QUCH2/RHDI6","Douglas-fir - Dry","Mediterranean California Dry-Mesic Mixed Conifer Forest and Woodland","Warm",1401615.875,"Mid Slope",NA,2014,6,530,723,193,974,2.95275590551181,0.14202476352394,0.0475534995314539,109,117,72,"Douglas-fir - Dry,Warm,Mid Slope",-123.10878881,42.14265002,"Pacific madrone","Other","Small",0.0497322111706197,0.0850555555555556,-46.0852578110958,-23.0426289055479,-9.56355507776901,-34.504947450749,-17.2524737253745,-7.16042355135339,1991,1997,1991,1997,1925,73,106,108,1819,NA,"Yes",92,37.2079368507532,42.9871700516192,45.9056185357705
260,"S02",75,"S020019_new","Star Gulch","ST02_075_01_new","1_new",1,38,"Hardwood","S","density",0.1,"S0219","YES","QUKE",16.6572997422807,3,"LIVE",1,NA,NA,NA,NA,NA,NA,"PSME-QUCH2/RHDI6","Douglas-fir - Dry","Mediterranean California Dry-Mesic Mixed Conifer Forest and Woodland","Warm",1372036.75,"Mid Slope",NA,2014,3,523,706,183,937,4.01574803149606,0.232287761185964,0.0879549527333772,348,231,121,"Douglas-fir - Dry,Warm,Mid Slope",-123.10676606,42.14275898,NA,NA,NA,NA,NA,NA,NA,NA,NA,NA,NA,NA,NA,NA,NA,1929,59,91,102,1838,NA,"Yes",73,14.2192334541851,15.95924492204,32
261,"S02",39,"S020059_new","Star Gulch","ST02_039_03_new","3_new",1,NA,"Hardwood","S","density",0.1,NA,"NO","QUKE",23.5079270353859,0,"CLEAN SNAG",5,NA,NA,NA,NA,NA,NA,"PSME-QUCH2/RHDI6","Douglas-fir - Dry","Mediterranean California Dry-Mesic Mixed Conifer Forest and Woodland","Warm",1372036.75,"Mid Slope",NA,2014,3,523,706,183,937,7.44094488188976,0.623167707417467,0.301983743424545,348,231,121,"Douglas-fir - Dry,Warm,Mid Slope",-123.10676606,42.14275898,"Misc hardwoods","Other","Small",0.0716364450414148,0.133833333333333,-17.5225369431286,-8.76126847156432,-3.63625495694863,-17.5225369431286,-8.76126847156432,-3.63625495694863,2005,2005,2005,2005,1940,61,71,80,1869,NA,"Yes",42,4.16469270973809,9.35209124881216,10.0547731729638
262,"S03",14,"S030027_002_new","Star Gulch","ST03_014_02_002_new","2_new",1,NA,"Hardwood","S","density",0.1,NA,"NO","ARME",20.9466767738162,0,"CLEAN SNAG",5,NA,NA,NA,NA,NA,NA,"PSME-QUCH2/RHDI6","Douglas-fir - Dry","Mediterranean California Dry-Mesic Mixed Conifer Forest and Woodland","Warm",1442915,"Mid Slope",NA,2014,6,536,722,186,1128,0.984251968503937,0.024488944517889,0.00528372217016155,429,273,146,"Douglas-fir - Dry,Warm,Mid Slope",-123.11455529,42.1441014,"Pacific madrone","Other","Small",0.0497322111706197,0.0850555555555556,-17.5225369431286,-8.76126847156432,-3.63625495694863,-17.5225369431286,-8.76126847156432,-3.63625495694863,2005,2005,2005,2005,1959,32,51,59,1908,NA,"Yes",3,0.913478673794965,2.86396049302985,4.94912246532061
263,"S03",65,"S030085_002_new","Star Gulch","ST03_065_04_002_new","4_new",1,NA,"Hardwood","S","density",0.1,NA,"NO","ARME",30.5229457467875,0,"OLDER DEAD",4,NA,NA,NA,NA,NA,NA,"PSME-QUCH2/RHDI6","Douglas-fir - Dry","Mediterranean California Dry-Mesic Mixed Conifer Forest and Woodland","Warm",1442915,"Mid Slope",NA,2014,6,536,722,186,1128,0.984251968503937,0.024488944517889,0.00528372217016155,429,273,146,"Douglas-fir - Dry,Warm,Mid Slope",-123.11455529,42.1441014,"Pacific madrone","Other","Small",0.0497322111706197,0.0850555555555556,-7.60356803384786,-3.80178401692393,-1.57788293118239,-7.60356803384786,-3.80178401692393,-1.57788293118239,2010,2010,2010,2010,1963,32,43,59,1920,NA,"No",0,0,0,0
264,"S03",74,"S030100_new","Star Gulch","ST03_074_04_new","4_new",1,NA,"Hardwood","S","density",0.1,NA,"NO","ARME",17.8787342324204,0,"DOWN DEAD",8,NA,NA,NA,NA,NA,NA,"PSME-QUCH2/RHDI6","Douglas-fir - Dry","Mediterranean California Dry-Mesic Mixed Conifer Forest and Woodland","Warm",1442915,"Mid Slope",NA,2014,6,536,722,186,1128,0.984251968503937,0.024488944517889,0.00528372217016155,429,273,146,"Douglas-fir - Dry,Warm,Mid Slope",-123.11455529,42.1441014,"Pacific madrone","Other","Small",0.0497322111706197,0.0850555555555556,-103.21069954703,-51.6053497735151,-21.4181553194097,-68.4697684659897,-34.2348842329948,-14.2087607401629,1962,1980,1962,1980,1934,32,40,59,1894,NA,"Yes",17,0.537006033420728,8.85703380895859,10.2078618225134
265,"S03",75,"S030101_new","Star Gulch","ST03_075_01_new","1_new",1,113,"Hardwood","S","density",0.1,NA,"NO","ARME",29.5983754241501,2,"LIVE",1,NA,NA,NA,NA,NA,NA,"PSME-QUCH2/RHDI6","Douglas-fir - Dry","Mediterranean California Dry-Mesic Mixed Conifer Forest and Woodland","Warm",1442915,"Mid Slope",NA,2014,6,536,722,186,1128,10.3149606299213,1.05086788382938,0.580313319437711,429,273,146,"Douglas-fir - Dry,Warm,Mid Slope",-123.11455529,42.1441014,NA,NA,NA,NA,NA,NA,NA,NA,NA,NA,NA,NA,NA,NA,NA,1963,32,43,59,1920,NA,"No",0,0,0,0
266,"S04",36,"S040040_new","Star Gulch","ST04_036_03_new","3_new",1,NA,"Hardwood","S","density",0.1,NA,"NO","ARME",19.5455222540857,0,"BROKEN BUTT SNAG",7,NA,NA,NA,NA,NA,NA,"PSME-QUCH2/RHDI6","Douglas-fir - Dry","Mediterranean California Dry-Mesic Mixed Conifer Forest and Woodland","Cool",958876.375,"Ridge Top",NA,2014,6,563,810,247,1150,9.29133858267717,0.889048100005717,0.470851503982908,186,387,266,"Douglas-fir - Dry,Cool,Ridge Top",-123.1138971,42.14644643,"Pacific madrone","Ridgetop","Medium",0.0497322111706197,0.140333333333333,-74.647978679063,-37.3239893395315,-15.4908551985894,-38.6356628076548,-19.3178314038274,-8.01762443733484,1977,1995,1977,1995,1953,40,41,49,1912,NA,"No",0,0,0,0
267,"S05",12,"S050022_002_new","Star Gulch","ST05_012_03_002_new","3_new",1,NA,"Hardwood","S","density",0.1,NA,"NO","ARME",52.5976474539375,4,"LIVE",1,NA,NA,NA,NA,NA,NA,"PSME-QUCH2/RHDI6","Douglas-fir - Dry","Mediterranean California Dry-Mesic Mixed Conifer Forest and Woodland","Cool",1024067.25,"Mid Slope",NA,2014,6,561,788,226,1062,0.984251968503937,0.024488944517889,0.00528372217016155,77,167,130,"Douglas-fir - Dry,Cool,Mid Slope",-123.11737493,42.14680545,NA,NA,NA,NA,NA,NA,NA,NA,NA,NA,NA,NA,NA,NA,NA,1930,89,121,134,1809,NA,"Yes",102,17.6677397165605,37.9720415344469,50
268,"S05",22,"S050042_new","Star Gulch","ST05_022_01_new","1_new",1,46,"Hardwood","S","density",0.1,NA,"NO","QUCH",15.4697842701108,0,"CUT STUMP",2,NA,NA,NA,NA,NA,2011,"PSME-QUCH2/RHDI6","Douglas-fir - Dry","Mediterranean California Dry-Mesic Mixed Conifer Forest and Woodland","Cool",1024067.25,"Mid Slope",NA,2014,3,561,788,226,1062,7.04165787401575,0.570531822437146,0.270443925124572,77,167,130,"Douglas-fir - Dry,Cool,Mid Slope",-123.11737493,42.14680545,"Misc hardwoods","Other","Small",0.0716364450414148,0.133833333333333,NA,NA,NA,NA,NA,NA,NA,NA,2011,2011,1925,55,84,99,1841,NA,"Yes",70,12.1156591639871,13.995178295455,16.6726262515128
269,"S05",23,"S050044_new","Star Gulch","ST05_023_01_new","1_new",1,92,"Hardwood","S","density",0.1,NA,"NO","ARME",33.2606609263349,3,"LIVE",1,NA,NA,NA,NA,NA,NA,"PSME-QUCH2/RHDI6","Douglas-fir - Dry","Mediterranean California Dry-Mesic Mixed Conifer Forest and Woodland","Cool",1024067.25,"Mid Slope",NA,2014,6,561,788,226,1062,9.68503937007874,0.950084482173407,0.511599569359194,77,167,130,"Douglas-fir - Dry,Cool,Mid Slope",-123.11737493,42.14680545,NA,NA,NA,NA,NA,NA,NA,NA,NA,NA,NA,NA,NA,NA,NA,1921,64,90,132,1831,NA,"Yes",80,21.4586833795809,25.0315213626369,33.0389726392328
270,"S05",25,"S050054_051_new","Star Gulch","ST05_025_01_051_new","1_new",1,78,"Hardwood","S","density",0.1,NA,"NO","QUCH",36.9585150752429,3,"LIVE",1,NA,NA,NA,NA,NA,NA,"PSME-QUCH2/RHDI6","Douglas-fir - Dry","Mediterranean California Dry-Mesic Mixed Conifer Forest and Woodland","Cool",1024067.25,"Mid Slope",NA,2014,3,561,788,226,1062,0.246272240640972,0.00266848483310169,0.000330794524841904,77,167,130,"Douglas-fir - Dry,Cool,Mid Slope",-123.11737493,42.14680545,NA,NA,NA,NA,NA,NA,NA,NA,NA,NA,NA,NA,NA,NA,NA,1930,64,97,132,1833,NA,"Yes",78,21.4586833795809,25.0315213626369,33.0389726392328
271,"S05",26,"S050055_043_new","Star Gulch","ST05_026_01_043_new","1_new",1,84,"Hardwood","S","density",0.1,NA,"NO","QUCH",39.1663641065634,3,"LIVE",1,NA,NA,NA,NA,NA,NA,"PSME-QUCH2/RHDI6","Douglas-fir - Dry","Mediterranean California Dry-Mesic Mixed Conifer Forest and Woodland","Cool",1024067.25,"Mid Slope",NA,2014,3,561,788,226,1062,0.179729318850204,0.00161209371728897,0.000176183505186138,77,167,130,"Douglas-fir - Dry,Cool,Mid Slope",-123.11737493,42.14680545,NA,NA,NA,NA,NA,NA,NA,NA,NA,NA,NA,NA,NA,NA,NA,1927,80,104,156,1823,NA,"Yes",88,21.4586833795809,25.0715428236854,37.3730747477743
272,"S05",32,"S050073_new","Star Gulch","ST05_032_04_new","4_new",1,NA,"Hardwood","S","density",0.1,NA,"NO","ARME",57.0180026229223,3,"LIVE",1,NA,NA,NA,NA,NA,NA,"PSME-QUCH2/RHDI6","Douglas-fir - Dry","Mediterranean California Dry-Mesic Mixed Conifer Forest and Woodland","Cool",1024067.25,"Mid Slope",NA,2014,6,561,788,226,1062,5.62992125984252,0.398844597139188,0.172874935452214,77,167,130,"Douglas-fir - Dry,Cool,Mid Slope",-123.11737493,42.14680545,NA,NA,NA,NA,NA,NA,NA,NA,NA,NA,NA,NA,NA,NA,NA,1928,120,130,155,1798,NA,"Yes",113,36.7873078499204,46.7511079188079,50
273,"S05",34,"S050077_new","Star Gulch","ST05_034_02_new","2_new",1,NA,"Hardwood","S","density",0.1,NA,"NO","QUCH",17.15477791633,0,"CUT STUMP",2,NA,NA,NA,NA,NA,2011,"PSME-QUCH2/RHDI6","Douglas-fir - Dry","Mediterranean California Dry-Mesic Mixed Conifer Forest and Woodland","Cool",1024067.25,"Mid Slope",NA,2014,3,561,788,226,1062,2.95275590551181,0.14202476352394,0.0475534995314539,77,167,130,"Douglas-fir - Dry,Cool,Mid Slope",-123.11737493,42.14680545,"Misc hardwoods","Other","Small",0.0716364450414148,0.133833333333333,NA,NA,NA,NA,NA,NA,NA,NA,2011,2011,1927,55,86,99,1841,NA,"Yes",70,12.1156591639871,13.995178295455,16.6726262515128
274,"S05",37,"S050083_004_new","Star Gulch","ST05_037_01_004_new","1_new",1,128,"Hardwood","S","density",0.1,NA,"NO","QUCH",53.917135358373,0,"CUT STUMP",2,NA,NA,NA,NA,NA,2011,"PSME-QUCH2/RHDI6","Douglas-fir - Dry","Mediterranean California Dry-Mesic Mixed Conifer Forest and Woodland","Cool",1024067.25,"Mid Slope",NA,2014,3,561,788,226,1062,3.05299746906637,0.149817418964852,0.0508370425870407,77,167,130,"Douglas-fir - Dry,Cool,Mid Slope",-123.11737493,42.14680545,"Misc hardwoods","Other","Small",0.0716364450414148,0.133833333333333,NA,NA,NA,NA,NA,NA,NA,NA,2011,2011,1927,89,126,134,1801,NA,"Yes",110,17.6677397165605,45.7640371605696,50
275,"S05",51,"S050100_new","Star Gulch","ST05_051_02_new","2_new",1,NA,"Hardwood","S","density",0.1,NA,"NO","ARME",49.7934765345944,4,"LIVE",1,NA,NA,NA,NA,NA,NA,"PSME-QUCH2/RHDI6","Douglas-fir - Dry","Mediterranean California Dry-Mesic Mixed Conifer Forest and Woodland","Cool",1024067.25,"Mid Slope",NA,2014,6,561,788,226,1062,12.1653543307087,1.36835763729807,0.807192122446712,77,167,130,"Douglas-fir - Dry,Cool,Mid Slope",-123.11737493,42.14680545,NA,NA,NA,NA,NA,NA,NA,NA,NA,NA,NA,NA,NA,NA,NA,1917,89,121,134,1796,NA,"Yes",115,17.6677397165605,47.1301347664099,50
276,"S05",55,"S050110_001_new","Star Gulch","ST05_055_03_001_new","3_new",1,NA,"Hardwood","S","density",0.1,NA,"NO","ARME",52.5582032716136,0,"OLDER DEAD",4,NA,NA,NA,NA,NA,NA,"PSME-QUCH2/RHDI6","Douglas-fir - Dry","Mediterranean California Dry-Mesic Mixed Conifer Forest and Woodland","Cool",1024067.25,"Mid Slope",NA,2014,6,561,788,226,1062,0.984251968503937,0.024488944517889,0.00528372217016155,77,167,130,"Douglas-fir - Dry,Cool,Mid Slope",-123.11737493,42.14680545,"Pacific madrone","Other","Small",0.0497322111706197,0.0850555555555556,-7.60356803384786,-3.80178401692393,-1.57788293118239,-7.60356803384786,-3.80178401692393,-1.57788293118239,2010,2010,2010,2010,1924,89,121,134,1803,NA,"Yes",108,17.6677397165605,45.6938242369406,50
277,"S05",61,"S050129_new","Star Gulch","ST05_061_02_new","2_new",1,NA,"Hardwood","S","density",0.1,NA,"NO","QUCH",34.3332009347807,0,"CUT STUMP",2,NA,NA,NA,NA,NA,2011,"PSME-QUCH2/RHDI6","Douglas-fir - Dry","Mediterranean California Dry-Mesic Mixed Conifer Forest and Woodland","Cool",1024067.25,"Mid Slope",NA,2014,3,561,788,226,1062,0.984251968503937,0.024488944517889,0.00528372217016155,77,167,130,"Douglas-fir - Dry,Cool,Mid Slope",-123.11737493,42.14680545,"Misc hardwoods","Other","Small",0.0716364450414148,0.133833333333333,NA,NA,NA,NA,NA,NA,NA,NA,2011,2011,1927,64,90,132,1837,NA,"Yes",74,21.4586833795809,25.1080067246438,33.0389726392328
278,"S05",69,"S050146_new","Star Gulch","ST05_069_03_new","3_new",1,NA,"Hardwood","S","density",0.1,NA,"NO","QUCH",48.1972689292821,0,"CLEAN SNAG",5,NA,NA,NA,NA,NA,NA,"PSME-QUCH2/RHDI6","Douglas-fir - Dry","Mediterranean California Dry-Mesic Mixed Conifer Forest and Woodland","Cool",1024067.25,"Mid Slope",NA,2014,3,561,788,226,1062,2.97275551181102,0.143567027581203,0.0481998598331805,77,167,130,"Douglas-fir - Dry,Cool,Mid Slope",-123.11737493,42.14680545,"Misc hardwoods","Other","Small",0.0716364450414148,0.133833333333333,-17.5225369431286,-8.76126847156432,-3.63625495694863,-17.5225369431286,-8.76126847156432,-3.63625495694863,2005,2005,2005,2005,1921,89,124,156,1797,NA,"Yes",114,17.6677397165605,46.0502876658207,50
279,"S06",33,"S060045_new","Star Gulch","ST06_033_03_new","3_new",1,NA,"Hardwood","S","density",0.1,NA,"NO","ARME",61.9940495169682,0,"RECENT DEAD",3,NA,NA,NA,NA,NA,NA,"PSME-QUCH2/RHDI6","Douglas-fir - Dry","Mediterranean California Dry-Mesic Mixed Conifer Forest and Woodland","Warm",1209539,"Mid Slope",NA,2014,6,557,798,242,1105,5.78740157480315,0.416844224892489,0.182681523800033,247,266,157,"Douglas-fir - Dry,Warm,Mid Slope",-123.11453483,42.14765769,"Pacific madrone","Other","Small",0.0497322111706197,0.0850555555555556,NA,NA,NA,NA,NA,NA,NA,NA,2014,2014,1961,35,46,71,1915,NA,"No",0,0,0,0
280,"S06",76,"S060094_002_new","Star Gulch","ST06_076_02_002_new","2_new",1,NA,"Hardwood","S","density",0.1,NA,"NO","ARME",19.7249941831898,0,"RECENT DEAD",3,NA,NA,NA,NA,NA,NA,"PSME-QUCH2/RHDI6","Douglas-fir - Dry","Mediterranean California Dry-Mesic Mixed Conifer Forest and Woodland","Warm",1209539,"Mid Slope",NA,2014,6,557,798,242,1105,2.95275590551181,0.14202476352394,0.0475534995314539,247,266,157,"Douglas-fir - Dry,Warm,Mid Slope",-123.11453483,42.14765769,"Pacific madrone","Other","Small",0.0497322111706197,0.0850555555555556,NA,NA,NA,NA,NA,NA,NA,NA,2014,2014,1961,34,44,77,1917,NA,"No",0,0,0,0
281,"S06",83,"S060102_new","Star Gulch","ST06_083_02_new","2_new",1,NA,"Hardwood","S","density",0.1,NA,"NO","QUCH",18.0770764762408,0,"CUT STUMP",2,NA,NA,NA,NA,NA,2011,"PSME-QUCH2/RHDI6","Douglas-fir - Dry","Mediterranean California Dry-Mesic Mixed Conifer Forest and Woodland","Warm",1209539,"Mid Slope",NA,2014,3,557,798,242,1105,2.58014212598425,0.114453692194165,0.0363090301265041,247,266,157,"Douglas-fir - Dry,Warm,Mid Slope",-123.11453483,42.14765769,"Misc hardwoods","Other","Small",0.0716364450414148,0.133833333333333,NA,NA,NA,NA,NA,NA,NA,NA,2011,2011,1958,34,48,77,1910,NA,"Yes",1,1.91748953974895,3.81669281654734,4.94912246532061
282,"S06",93,"S060118_003_new","Star Gulch","ST06_093_05_003_new","5_new",1,NA,"Hardwood","S","density",0.1,NA,"NO","ARME",29.6674964789052,0,"RECENT DEAD",3,NA,NA,NA,NA,NA,NA,"PSME-QUCH2/RHDI6","Douglas-fir - Dry","Mediterranean California Dry-Mesic Mixed Conifer Forest and Woodland","Warm",1209539,"Mid Slope",NA,2014,6,557,798,242,1105,2.95275590551181,0.14202476352394,0.0475534995314539,247,266,157,"Douglas-fir - Dry,Warm,Mid Slope",-123.11453483,42.14765769,"Pacific madrone","Other","Small",0.0497322111706197,0.0850555555555556,NA,NA,NA,NA,NA,NA,NA,NA,2014,2014,1961,35,45,71,1916,NA,"No",0,0,0,0
283,"S06",100,"S060127_005_new","Star Gulch","ST06_100_03_005_new","3_new",1,NA,"Hardwood","S","density",0.1,NA,"NO","ARME",36.5733609188658,0,"CUT STUMP",2,NA,NA,NA,NA,NA,2011,"PSME-QUCH2/RHDI6","Douglas-fir - Dry","Mediterranean California Dry-Mesic Mixed Conifer Forest and Woodland","Warm",1209539,"Mid Slope",NA,2014,6,557,798,242,1105,0.984251968503937,0.024488944517889,0.00528372217016155,247,266,157,"Douglas-fir - Dry,Warm,Mid Slope",-123.11453483,42.14765769,"Pacific madrone","Other","Small",0.0497322111706197,0.0850555555555556,NA,NA,NA,NA,NA,NA,NA,NA,2011,2011,1958,35,46,71,1912,NA,"No",0,0,0,0
284,"S07",53,"S070062_new","Star Gulch","ST07_053_01_new","1_new",1,30,"Hardwood","S","density",0.1,NA,"NO","ARME",15.6501109542363,3,"LIVE",1,NA,NA,NA,NA,NA,NA,"PSME-QUCH2/RHDI6","Douglas-fir - Dry","Mediterranean California Dry-Mesic Mixed Conifer Forest and Woodland","Warm",1144357.75,"Ridge Top",NA,2014,6,557,801,244,1101,0.78740157480315,0.0171361812267271,0.00338158218890339,142,135,79,"Douglas-fir - Dry,Warm,Ridge Top",-123.11442373,42.14894847,NA,NA,NA,NA,NA,NA,NA,NA,NA,NA,NA,NA,NA,NA,NA,1959,46,66,77,1893,NA,"Yes",18,2.72039947834443,12.5486410138295,17.6
285,"S07",77,"S070095_new","Star Gulch","ST07_077_04_new","4_new",1,NA,"Hardwood","S","density",0.1,NA,"NO","ARME",42.1745643219205,4,"LIVE",1,NA,NA,NA,NA,NA,NA,"PSME-QUCH2/RHDI6","Douglas-fir - Dry","Mediterranean California Dry-Mesic Mixed Conifer Forest and Woodland","Warm",1144357.75,"Ridge Top",NA,2014,6,557,801,244,1101,3.93700787401575,0.225043282266502,0.0845395547225848,142,135,79,"Douglas-fir - Dry,Warm,Ridge Top",-123.11442373,42.14894847,NA,NA,NA,NA,NA,NA,NA,NA,NA,NA,NA,NA,NA,NA,NA,1938,35,62,75,1876,NA,"Yes",35,13.7766367963361,16.6852691682852,28.3668701174942
286,"S08",50,"S080012_new","Star Gulch","ST08_050_02_new","1_new",1,40,"Hardwood","S","density",0.1,"S0812","YES","ARME",12.5062988919661,3,"LIVE",1,NA,NA,NA,NA,47,NA,"PSME-QUCH2/RHDI6","Douglas-fir - Dry","Mediterranean California Dry-Mesic Mixed Conifer Forest and Woodland","Warm",1434627.5,"Ridge Top",NA,2011,6,556,792,236,1164,6.2992125984252,0.477373191029495,0.216421260089817,198,196,131,"Douglas-fir - Dry,Warm,Ridge Top",-123.11292811,42.14544176,NA,NA,NA,NA,NA,NA,NA,NA,NA,NA,NA,NA,NA,NA,NA,1964,40,47,49,1917,NA,"No",0,0,0,0
287,"S09",3,"S090012_new","Star Gulch","ST09_003_03_new","2_new",1,NA,"Hardwood","S","density",0.1,NA,"NO","ARME",21.8930906246654,3,"LIVE",1,NA,NA,NA,NA,NA,NA,"PSME-QUCH2/RHDI6","Douglas-fir - Dry","Mediterranean California Dry-Mesic Mixed Conifer Forest and Woodland","Warm",1446691.75,"Ridge Top",NA,2011,6,534,735,201,1108,5.43307086614173,0.376766769703107,0.16099712801369,255,221,126,"Douglas-fir - Dry,Warm,Ridge Top",-123.11109709,42.14472791,NA,NA,NA,NA,NA,NA,NA,NA,NA,NA,NA,NA,NA,NA,NA,1964,38,90,99,1874,NA,"Yes",37,5.01878933728249,6.66674546158443,10.3102569415665
288,"S09",6,"S090016_new","Star Gulch","ST09_006_02_new","1_new",1,50,"Hardwood","S","density",0.1,NA,"NO","ARME",16.9032412752214,3,"LIVE",1,NA,NA,NA,NA,NA,NA,"PSME-QUCH2/RHDI6","Douglas-fir - Dry","Mediterranean California Dry-Mesic Mixed Conifer Forest and Woodland","Warm",1446691.75,"Ridge Top",NA,2011,6,534,735,201,1108,5.39370078740157,0.372407964855183,0.158672290258819,255,221,126,"Douglas-fir - Dry,Warm,Ridge Top",-123.11109709,42.14472791,NA,NA,NA,NA,NA,NA,NA,NA,NA,NA,NA,NA,NA,NA,NA,1964,38,47,99,1917,NA,"No",0,0,0,0
289,"S09",7,"S090018_new","Star Gulch","ST09_007_02_new","1_new",1,40,"Hardwood","S","density",0.1,NA,"NO","ARME",14.4345589223117,3,"LIVE",1,NA,NA,NA,NA,NA,NA,"PSME-QUCH2/RHDI6","Douglas-fir - Dry","Mediterranean California Dry-Mesic Mixed Conifer Forest and Woodland","Warm",1446691.75,"Ridge Top",NA,2011,6,534,735,201,1108,4.92125984251969,0.321604468383684,0.132093054254039,255,221,126,"Douglas-fir - Dry,Warm,Ridge Top",-123.11109709,42.14472791,NA,NA,NA,NA,NA,NA,NA,NA,NA,NA,NA,NA,NA,NA,NA,1961,38,47,99,1914,NA,"No",0,0,0,0
290,"S09",11,"S090023_new","Star Gulch","ST09_011_04_new","3_new",1,NA,"Hardwood","S","density",0.1,NA,"NO","ARME",17.475058543429,0,"CLEAN SNAG",5,NA,NA,NA,NA,NA,NA,"PSME-QUCH2/RHDI6","Douglas-fir - Dry","Mediterranean California Dry-Mesic Mixed Conifer Forest and Woodland","Warm",1446691.75,"Ridge Top",NA,2011,6,534,735,201,1108,2.95275590551181,0.14202476352394,0.0475534995314539,255,221,126,"Douglas-fir - Dry,Warm,Ridge Top",-123.11109709,42.14472791,"Pacific madrone","Ridgetop","Small",0.0497322111706197,0.143888888888889,-17.5225369431286,-8.76126847156432,-3.63625495694863,-17.5225369431286,-8.76126847156432,-3.63625495694863,2002,2002,2002,2002,1932,38,47,99,1885,NA,"Yes",26,6.23673416238036,6.97253564543235,10.3102569415665
291,"S09",13,"S090025_new","Star Gulch","ST09_013_03_new","2_new",1,NA,"Hardwood","S","density",0.1,NA,"NO","ARME",18.1607585433882,3,"LIVE",1,NA,NA,NA,NA,NA,NA,"PSME-QUCH2/RHDI6","Douglas-fir - Dry","Mediterranean California Dry-Mesic Mixed Conifer Forest and Woodland","Warm",1446691.75,"Ridge Top",NA,2011,6,534,735,201,1108,7.55905511811024,0.639069394451587,0.311646614529337,255,221,126,"Douglas-fir - Dry,Warm,Ridge Top",-123.11109709,42.14472791,NA,NA,NA,NA,NA,NA,NA,NA,NA,NA,NA,NA,NA,NA,NA,1932,38,47,99,1885,NA,"Yes",26,6.23673416238036,6.90986308097905,12.5123341763166
292,"S09",88,"S090112_new","Star Gulch","ST09_088_03_new","2_new",1,NA,"Hardwood","S","density",0.1,NA,"NO","ARME",24.0274817647615,0,"BROKEN TOPPED SNAG",6,NA,NA,NA,NA,NA,NA,"PSME-QUCH2/RHDI6","Douglas-fir - Dry","Mediterranean California Dry-Mesic Mixed Conifer Forest and Woodland","Warm",1446691.75,"Ridge Top",NA,2011,6,534,735,201,1108,2.95275590551181,0.14202476352394,0.0475534995314539,255,221,126,"Douglas-fir - Dry,Warm,Ridge Top",-123.11109709,42.14472791,"Pacific madrone","Ridgetop","Small",0.0497322111706197,0.143888888888889,-46.0852578110958,-23.0426289055479,-9.56355507776901,-27.8346365876187,-13.9173182938093,-5.77620898133034,1988,1997,1988,1997,1945,40,94,99,1851,NA,"Yes",60,12.1156591639871,14.2902639847334,20.1184324978702
293,"S09",92,"S090121_new","Star Gulch","ST09_092_03_new","2_new",1,NA,"Hardwood","S","density",0.1,NA,"NO","ARME",37.3563912819939,0,"CLEAN SNAG",5,NA,NA,NA,NA,NA,NA,"PSME-QUCH2/RHDI6","Douglas-fir - Dry","Mediterranean California Dry-Mesic Mixed Conifer Forest and Woodland","Warm",1446691.75,"Ridge Top",NA,2011,6,534,735,201,1108,4.48818897637795,0.27753247938981,0.109867605317471,255,221,126,"Douglas-fir - Dry,Warm,Ridge Top",-123.11109709,42.14472791,"Pacific madrone","Ridgetop","Small",0.0497322111706197,0.143888888888889,-17.5225369431286,-8.76126847156432,-3.63625495694863,-17.5225369431286,-8.76126847156432,-3.63625495694863,2002,2002,2002,2002,1951,71,81,98,1870,NA,"Yes",41,9.9051386464999,13.3125849577887,22.2816694332464
294,"S09",93,"S090126_new","Star Gulch","ST09_093_05_new","4_new",1,NA,"Hardwood","S","density",0.1,NA,"NO","ARME",42.5921085338922,0,"CLEAN SNAG",5,NA,NA,NA,NA,NA,NA,"PSME-QUCH2/RHDI6","Douglas-fir - Dry","Mediterranean California Dry-Mesic Mixed Conifer Forest and Woodland","Warm",1446691.75,"Ridge Top",NA,2011,6,534,735,201,1108,2.95275590551181,0.14202476352394,0.0475534995314539,255,221,126,"Douglas-fir - Dry,Warm,Ridge Top",-123.11109709,42.14472791,"Pacific madrone","Ridgetop","Small",0.0497322111706197,0.143888888888889,-17.5225369431286,-8.76126847156432,-3.63625495694863,-17.5225369431286,-8.76126847156432,-3.63625495694863,2002,2002,2002,2002,1956,71,93,98,1863,NA,"Yes",48,21.0135554979387,24.4573485871317,30.1255422903937
295,"S10",42,"S100050_new","Star Gulch","ST10_042_03_new","2_new",1,NA,"Hardwood","S","density",0.1,NA,"NO","ARME",21.3562401785346,3,"LIVE",1,NA,NA,NA,NA,NA,NA,"PSME-QUCH2/RHDI6","Douglas-fir - Dry","Mediterranean California Dry-Mesic Mixed Conifer Forest and Woodland","Warm",1403850.625,"Ridge Top",NA,2011,6,533,732,199,1060,6.49606299212598,0.501464696942232,0.230158937732237,312,265,142,"Douglas-fir - Dry,Warm,Ridge Top",-123.10954988,42.14417873,NA,NA,NA,NA,NA,NA,NA,NA,NA,NA,NA,NA,NA,NA,NA,1930,61,83,89,1847,NA,"Yes",64,12.1156591639871,14.2389631028708,16.6726262515128
296,"S10",45,"S100059_new","Star Gulch","ST10_045_04_new","3_new",1,NA,"Hardwood","S","density",0.1,NA,"NO","ARME",23.2158575166809,0,"BROKEN TOPPED SNAG",6,NA,NA,NA,NA,NA,NA,"PSME-QUCH2/RHDI6","Douglas-fir - Dry","Mediterranean California Dry-Mesic Mixed Conifer Forest and Woodland","Warm",1403850.625,"Ridge Top",NA,2011,6,533,732,199,1060,2.95275590551181,0.14202476352394,0.0475534995314539,312,265,142,"Douglas-fir - Dry,Warm,Ridge Top",-123.10954988,42.14417873,"Pacific madrone","Ridgetop","Small",0.0497322111706197,0.143888888888889,-46.0852578110958,-23.0426289055479,-9.56355507776901,-27.8346365876187,-13.9173182938093,-5.77620898133034,1988,1997,1988,1997,1929,46,82,89,1847,NA,"Yes",64,12.1156591639871,14.3593493599916,16.6726262515128
297,"S10",55,"S100076_new","Star Gulch","ST10_055_04_new","3_new",1,NA,"Hardwood","S","density",0.1,NA,"NO","ARME",28.5900490670533,0,"CUT STUMP",2,NA,NA,NA,NA,NA,1983,"PSME-QUCH2/RHDI6","Douglas-fir - Dry","Mediterranean California Dry-Mesic Mixed Conifer Forest and Woodland","Warm",1403850.625,"Ridge Top",NA,2011,6,533,732,199,1060,3.34645669291339,0.173514724311901,0.0610798282870675,312,265,142,"Douglas-fir - Dry,Warm,Ridge Top",-123.10954988,42.14417873,"Pacific madrone","Ridgetop","Small",0.0497322111706197,0.143888888888889,NA,NA,NA,NA,NA,NA,NA,NA,1983,1983,1920,46,53,68,1867,NA,"Yes",44,9.91378163169715,10.4066097992739,12.9839915972646
298,"S10",60,"S100085_new","Star Gulch","ST10_060_02_new","1_new",1,60,"Hardwood","S","density",0.1,NA,"NO","ARME",24.1476241888184,3,"LIVE",1,NA,NA,NA,NA,NA,NA,"PSME-QUCH2/RHDI6","Douglas-fir - Dry","Mediterranean California Dry-Mesic Mixed Conifer Forest and Woodland","Warm",1403850.625,"Ridge Top",NA,2011,6,533,732,199,1060,5.90551181102362,0.430538573855914,0.190213998125816,312,265,142,"Douglas-fir - Dry,Warm,Ridge Top",-123.10954988,42.14417873,NA,NA,NA,NA,NA,NA,NA,NA,NA,NA,NA,NA,NA,NA,NA,1948,46,76,89,1872,NA,"Yes",39,4.16469270973809,8.3950935580074,10.0547731729638
299,"S10",61,"S100089_new","Star Gulch","ST10_061_04_new","3_new",1,NA,"Hardwood","S","density",0.1,NA,"NO","ARME",45.7545819275845,3,"LIVE",1,NA,NA,NA,NA,NA,NA,"PSME-QUCH2/RHDI6","Douglas-fir - Dry","Mediterranean California Dry-Mesic Mixed Conifer Forest and Woodland","Warm",1403850.625,"Ridge Top",NA,2011,6,533,732,199,1060,7.00787401574803,0.566158532771247,0.267855125183038,312,265,142,"Douglas-fir - Dry,Warm,Ridge Top",-123.10954988,42.14417873,NA,NA,NA,NA,NA,NA,NA,NA,NA,NA,NA,NA,NA,NA,NA,1929,46,74,80,1855,NA,"Yes",56,14.0485994733062,21.257217595143,39.490164644714
300,"T04",41,"T040009_new","Taylor Ridge","TY04_041_01_new","1_new",1,90,"Hardwood","T","density",0.1,"T0409","YES","LIDE",39.2763238918868,3,"LIVE",1,NA,NA,NA,NA,NA,NA,"LIDE3-PSME-QUCH2/RHDI6","Tan oak - Douglas-fir - Dry","Mediterranean California Mixed-Evergreen Forest -- Interior","Cool",728634.25,"Mid Slope",NA,2014,3,487,658,172,324,6.25984251968504,0.472608417341853,0.213724448294167,73,190,148,"Tan oak - Douglas-fir - Dry,Cool,Mid Slope",-123.59941112,42.55766391,NA,NA,NA,NA,NA,NA,NA,NA,NA,NA,NA,NA,NA,NA,NA,1926,73,87,113,1839,NA,"Yes",72,18.1065882909894,32.9715903793619,49.7
301,"T04",51,"T040018_new","Taylor Ridge","TY04_051_01_new","1_new",1,82,"Hardwood","T","density",0.1,"T0418","YES","UMCA",14.319280810771,3,"LIVE",1,NA,NA,NA,NA,96,NA,"LIDE3-PSME-QUCH2/RHDI6","Tan oak - Douglas-fir - Dry","Mediterranean California Mixed-Evergreen Forest -- Interior","Cool",728634.25,"Mid Slope",NA,2014,3,487,658,172,324,8.03149606299213,0.704164815654353,0.351819810933509,73,190,148,"Tan oak - Douglas-fir - Dry,Cool,Mid Slope",-123.59941112,42.55766391,NA,NA,NA,NA,NA,NA,NA,NA,NA,NA,NA,NA,NA,NA,NA,1924,73,89,120,1835,NA,"Yes",76,12.6218392188629,15.2905769804617,32
302,"T04",42,"T040030_new","Taylor Ridge","TY04_042_01_new","1_new",1,48,"Hardwood","T","density",0.1,"T0430","YES","UMCA",22.7817950144639,4,"LIVE",1,NA,NA,NA,NA,NA,NA,"LIDE3-PSME-QUCH2/RHDI6","Tan oak - Douglas-fir - Dry","Mediterranean California Mixed-Evergreen Forest -- Interior","Cool",728634.25,"Mid Slope",NA,2014,3,487,658,172,324,4.17322834645669,0.247033264668595,0.0949886436862962,73,190,148,"Tan oak - Douglas-fir - Dry,Cool,Mid Slope",-123.59941112,42.55766391,NA,NA,NA,NA,NA,NA,NA,NA,NA,NA,NA,NA,NA,NA,NA,1915,73,87,120,1828,NA,"Yes",83,16.6726262515128,29.8030360319179,32
303,"T04",13,"T040046_new","Taylor Ridge","TY04_013_02_new","2_new",1,NA,"Hardwood","T","density",0.1,NA,"NO","ARME",41.4576930435827,0,"CUT STUMP",2,NA,NA,NA,NA,NA,2007,"LIDE3-PSME-QUCH2/RHDI6","Tan oak - Douglas-fir - Dry","Mediterranean California Mixed-Evergreen Forest -- Interior","Cool",728634.25,"Mid Slope",NA,2014,6,487,658,172,324,4.86443818897638,0.315683805228984,0.129060329003863,73,190,148,"Tan oak - Douglas-fir - Dry,Cool,Mid Slope",-123.59941112,42.55766391,"Pacific madrone","Other","Small",0.0497322111706197,0.0850555555555556,NA,NA,NA,NA,NA,NA,NA,NA,2007,2007,1917,73,87,113,1830,NA,"Yes",81,19.986387921351,26.6353437485686,35.563177396943
304,"T04",40,"T040075_new","Taylor Ridge","TY04_040_02_new","2_new",1,NA,"Hardwood","T","density",0.1,NA,"NO","LIDE",13.0706465341072,3,"LIVE",1,NA,NA,NA,NA,NA,NA,"LIDE3-PSME-QUCH2/RHDI6","Tan oak - Douglas-fir - Dry","Mediterranean California Mixed-Evergreen Forest -- Interior","Cool",728634.25,"Mid Slope",NA,2014,3,487,658,172,324,0.984251968503937,0.024488944517889,0.00528372217016155,73,190,148,"Tan oak - Douglas-fir - Dry,Cool,Mid Slope",-123.59941112,42.55766391,NA,NA,NA,NA,NA,NA,NA,NA,NA,NA,NA,NA,NA,NA,NA,1924,73,89,120,1835,NA,"Yes",76,12.6218392188629,15.2905769804617,32
305,"T04",55,"T040109_new","Taylor Ridge","TY04_055_04_new","4_new",1,NA,"Hardwood","T","density",0.1,NA,"NO","LIDE",40.5262709577646,4,"LIVE",1,NA,NA,NA,NA,NA,NA,"LIDE3-PSME-QUCH2/RHDI6","Tan oak - Douglas-fir - Dry","Mediterranean California Mixed-Evergreen Forest -- Interior","Cool",728634.25,"Mid Slope",NA,2014,3,487,658,172,324,0.984251968503937,0.024488944517889,0.00528372217016155,73,190,148,"Tan oak - Douglas-fir - Dry,Cool,Mid Slope",-123.59941112,42.55766391,NA,NA,NA,NA,NA,NA,NA,NA,NA,NA,NA,NA,NA,NA,NA,1917,73,87,113,1830,NA,"Yes",81,19.986387921351,26.3633333128571,35.563177396943
306,"T04",62,"T040124_002_new","Taylor Ridge","TY04_062_03_002_new","3_new",1,NA,"Hardwood","T","density",0.1,NA,"NO","LIDE",25.8299136805301,4,"LIVE",1,NA,NA,NA,NA,NA,NA,"LIDE3-PSME-QUCH2/RHDI6","Tan oak - Douglas-fir - Dry","Mediterranean California Mixed-Evergreen Forest -- Interior","Cool",728634.25,"Mid Slope",NA,2014,3,487,658,172,324,0.984251968503937,0.024488944517889,0.00528372217016155,73,190,148,"Tan oak - Douglas-fir - Dry,Cool,Mid Slope",-123.59941112,42.55766391,NA,NA,NA,NA,NA,NA,NA,NA,NA,NA,NA,NA,NA,NA,NA,1924,73,87,120,1837,NA,"Yes",74,12.6218392188629,16.280517812081,32
307,"T06",63,"T060024_new","Taylor Ridge","TY06_063_01_new","1_new",1,44,"Hardwood","T","density",0.1,"T0624","YES","LIDE",15.6587145902072,2,"LIVE",1,NA,NA,NA,NA,NA,NA,"LIDE3-PSME-QUCH2/RHDI6","Tan oak - Douglas-fir - Dry","Mediterranean California Mixed-Evergreen Forest -- Interior","Cool",927144.375,"Ridge Top",NA,2014,3,540,794,254,381,5.11811023622047,0.342432847395884,0.142871847481168,267,367,279,"Tan oak - Douglas-fir - Dry,Cool,Ridge Top",-123.60442212,42.56015719,NA,NA,NA,NA,NA,NA,NA,NA,NA,NA,NA,NA,NA,NA,NA,1933,73,83,98,1850,NA,"Yes",61,12.6218392188629,13.4874563599795,16.7084753024997
308,"T06",70,"T060025_new","Taylor Ridge","TY06_070_01_new","1_new",1,102,"Hardwood","T","density",0.1,"T0625","YES","LIDE",32.1708470658391,2,"LIVE",1,NA,NA,NA,NA,NA,NA,"LIDE3-PSME-QUCH2/RHDI6","Tan oak - Douglas-fir - Dry","Mediterranean California Mixed-Evergreen Forest -- Interior","Cool",927144.375,"Ridge Top",NA,2014,3,540,794,254,381,9.64566929133858,0.94391261086494,0.507448677222315,267,367,279,"Tan oak - Douglas-fir - Dry,Cool,Ridge Top",-123.60442212,42.56015719,NA,NA,NA,NA,NA,NA,NA,NA,NA,NA,NA,NA,NA,NA,NA,1917,73,81,98,1836,NA,"Yes",75,12.6218392188629,16.8543692722452,32
309,"T06",30,"T060054_new","Taylor Ridge","TY06_030_01_new","1_new",1,50,"Hardwood","T","density",0.1,NA,"NO","ARME",18.6161434855503,3,"LIVE",1,NA,NA,NA,NA,NA,NA,"LIDE3-PSME-QUCH2/RHDI6","Tan oak - Douglas-fir - Dry","Mediterranean California Mixed-Evergreen Forest -- Interior","Cool",927144.375,"Ridge Top",NA,2014,6,540,794,254,381,5.11811023622047,0.342432847395884,0.142871847481168,267,367,279,"Tan oak - Douglas-fir - Dry,Cool,Ridge Top",-123.60442212,42.56015719,NA,NA,NA,NA,NA,NA,NA,NA,NA,NA,NA,NA,NA,NA,NA,1934,73,91,98,1843,NA,"Yes",68,12.6218392188629,13.5135999251127,18.1065882909894
310,"T06",52,"T060078_new","Taylor Ridge","TY06_052_02_new","2_new",1,NA,"Hardwood","T","density",0.1,NA,"NO","LIDE",23.9100694831465,3,"LIVE",1,NA,NA,NA,NA,NA,NA,"LIDE3-PSME-QUCH2/RHDI6","Tan oak - Douglas-fir - Dry","Mediterranean California Mixed-Evergreen Forest -- Interior","Cool",927144.375,"Ridge Top",NA,2014,3,540,794,254,381,6.22047244094488,0.467861590132522,0.211044544409461,267,367,279,"Tan oak - Douglas-fir - Dry,Cool,Ridge Top",-123.60442212,42.56015719,NA,NA,NA,NA,NA,NA,NA,NA,NA,NA,NA,NA,NA,NA,NA,1932,73,90,98,1842,NA,"Yes",69,12.6218392188629,13.9918033349328,18.1065882909894
311,"V01",15,"V010007_new","Evans Creek","EV01_015_01_new","1_new",1,50,"Hardwood","V","density",0.1,"V0107","YES","ARME",12.0909237301802,3,"LIVE",1,NA,NA,NA,NA,75,NA,"PSME-CADE27/BEPI2","Douglas-fir - Dry","Mediterranean California Dry-Mesic Mixed Conifer Forest and Woodland","Cool",1048722.75,"Ridge Top",NA,2012,6,535,708,174,942,7.67716535433071,0.655120865081644,0.321461656832629,194,335,276,"Douglas-fir - Dry,Cool,Ridge Top",-122.97484428,42.65074664,NA,NA,NA,NA,NA,NA,NA,NA,NA,NA,NA,NA,NA,NA,NA,1929,55,61,74,1868,NA,"Yes",43,4.16469270973809,9.24438655576571,10.0547731729638
312,"V02",25,"V020025_new","Evans Creek","EV02_025_02_new","2_new",1,NA,"Hardwood","V","density",0.1,NA,"NO","ARME",16.1919763855023,0,"OLDER DEAD",4,NA,NA,NA,NA,NA,NA,"PSME-CADE27/BEPI2","Douglas-fir - Dry","Mediterranean California Dry-Mesic Mixed Conifer Forest and Woodland","Warm",1188335.875,"Ridge Top",NA,2012,6,518,665,147,916,9.44881889763779,0.9132801956714,0.486947835202088,239,218,126,"Douglas-fir - Dry,Warm,Ridge Top",-122.97382432,42.65065078,"Pacific madrone","Ridgetop","Medium",0.0497322111706197,0.140333333333333,-7.60356803384786,-3.80178401692393,-1.57788293118239,-7.60356803384786,-3.80178401692393,-1.57788293118239,2008,2008,2008,2008,1931,51,108,120,1823,NA,"Yes",88,21.4586833795809,24.1187458226538,32
313,"V02",55,"V020054_new","Evans Creek","EV02_055_02_new","2_new",1,NA,"Hardwood","V","density",0.1,NA,"NO","ARME",40.2477176681293,3,"LIVE",1,NA,NA,NA,NA,NA,NA,"PSME-CADE27/BEPI2","Douglas-fir - Dry","Mediterranean California Dry-Mesic Mixed Conifer Forest and Woodland","Warm",1188335.875,"Ridge Top",NA,2012,6,518,665,147,916,8.62204724409449,0.788817682073436,0.405460158404989,239,218,126,"Douglas-fir - Dry,Warm,Ridge Top",-122.97382432,42.65065078,NA,NA,NA,NA,NA,NA,NA,NA,NA,NA,NA,NA,NA,NA,NA,1924,84,108,121,1816,NA,"Yes",95,17.6677397165605,24.4277747055325,36.7873078499204
314,"V03",66,"V030060_new","Evans Creek","EV03_066_02_new","2_new",1,NA,"Hardwood","V","density",0.1,NA,"NO","ARME",14.6271732487183,3,"LIVE",1,NA,NA,NA,NA,NA,NA,"PSME-CADE27/BEPI2","Douglas-fir - Dry","Mediterranean California Dry-Mesic Mixed Conifer Forest and Woodland","Warm",1212809.125,"Mid Slope",NA,2012,6,506,638,132,829,6.49606299212598,0.501464696942232,0.230158937732237,206,294,211,"Douglas-fir - Dry,Warm,Mid Slope",-122.97191981,42.65046553,NA,NA,NA,NA,NA,NA,NA,NA,NA,NA,NA,NA,NA,NA,NA,1944,59,81,88,1863,NA,"Yes",48,9.91378163169715,11.5505287378246,12.3272667020148
315,"V03",67,"V030061_new","Evans Creek","EV03_067_01_new","1_new",1,52,"Hardwood","V","density",0.1,NA,"NO","ARME",14.9023384457355,3,"LIVE",1,NA,NA,NA,NA,NA,NA,"PSME-CADE27/BEPI2","Douglas-fir - Dry","Mediterranean California Dry-Mesic Mixed Conifer Forest and Woodland","Warm",1212809.125,"Mid Slope",NA,2012,6,506,638,132,829,7.28346456692913,0.602200093840932,0.289336626038046,206,294,211,"Douglas-fir - Dry,Warm,Mid Slope",-122.97191981,42.65046553,NA,NA,NA,NA,NA,NA,NA,NA,NA,NA,NA,NA,NA,NA,NA,1927,59,81,88,1846,NA,"Yes",65,12.1156591639871,14.5977713691888,16.6726262515128
316,"V08",15,"V080018_new","Evans Creek","EV08_015_01_new","1_new",1,80,"Hardwood","V","density",0.1,NA,"NO","ARME",11.3038350466584,3,"LIVE",1,NA,NA,NA,NA,NA,NA,"PSME-ABCO","Douglas-fir - Dry","Mediterranean California Dry-Mesic Mixed Conifer Forest and Woodland","Warm",1407036.25,"Mid Slope",NA,2012,6,538,704,166,949,11.8503937007874,1.31211664965614,0.76593681974209,352,415,267,"Douglas-fir - Dry,Warm,Mid Slope",-122.97476226,42.64525043,NA,NA,NA,NA,NA,NA,NA,NA,NA,NA,NA,NA,NA,NA,NA,1921,55,76,88,1845,NA,"Yes",66,12.1156591639871,14.5977713691888,16.6726262515128
317,"VA",352,"V0A0440_new","Evans Creek","MEV3532_new","2_new",1,NA,"Hardwood","V","stem",3,NA,"NO","QUKE",26.1513466044574,4,"LIVE",1,NA,NA,NA,NA,NA,NA,"PSME-CADE27/BEPI2","Douglas-fir - Dry","Mediterranean California Dry-Mesic Mixed Conifer Forest and Woodland","Warm",1266381.625,"Ridge Top",NA,2012,3,530,692,163,950,2.55905511811024,0.112960712761839,0.0357179618702921,102,330,269,"Douglas-fir - Dry,Warm,Ridge Top",-122.9726802,42.64678735,NA,NA,NA,NA,NA,NA,NA,NA,NA,NA,NA,NA,NA,NA,NA,1926,60,132,167,1794,NA,"Yes",117,8.729353,18.4538427323734,41.366233
318,"VA",510,"V0A0595_new","Evans Creek","MEV5101_new","1_new",1,58,"Hardwood","V","stem",3,NA,"NO","ARME",21.171768018264,4,"LIVE",1,NA,NA,NA,NA,NA,NA,"PSME-CADE27/BEPI2","Douglas-fir - Dry","Mediterranean California Dry-Mesic Mixed Conifer Forest and Woodland","Warm",1266381.625,"Ridge Top",NA,2012,6,530,692,163,950,6.2992125984252,0.477373191029495,0.216421260089817,102,330,269,"Douglas-fir - Dry,Warm,Ridge Top",-122.9733019,42.64611547,NA,NA,NA,NA,NA,NA,NA,NA,NA,NA,NA,NA,NA,NA,NA,1930,60,105,167,1825,NA,"Yes",86,21.4586833795809,24.1803184157533,32
319,"VA",784,"V0A0856_new","Evans Creek","MEV7841_new","1_new",1,100,"Hardwood","V","stem",3,NA,"NO","ARME",39.9422728581873,4,"LIVE",1,NA,NA,NA,NA,NA,NA,"PSME-CADE27/BEPI2","Douglas-fir - Dry","Mediterranean California Dry-Mesic Mixed Conifer Forest and Woodland","Warm",1266381.625,"Ridge Top",NA,2012,6,530,692,163,950,7.28346456692913,0.602200093840932,0.289336626038046,102,330,269,"Douglas-fir - Dry,Warm,Ridge Top",-122.9737042,42.6464392,NA,NA,NA,NA,NA,NA,NA,NA,NA,NA,NA,NA,NA,NA,NA,1931,89,180,200,1751,NA,"Yes",160,12.2828334956825,34.7846539970812,45
320,"V10",13,"V100021_new","Evans Creek","EV10_013_04_new","4_new",1,NA,"Hardwood","V","density",0.1,NA,"NO","ARME",20.8188781741049,3,"LIVE",1,NA,NA,NA,NA,NA,NA,"PSME-CADE27/BEPI2","Douglas-fir - Dry","Mediterranean California Dry-Mesic Mixed Conifer Forest and Woodland","Warm",1338952.5,"Mid Slope",NA,2012,6,528,675,147,900,7.28346456692913,0.602200093840932,0.289336626038046,279,416,295,"Douglas-fir - Dry,Warm,Mid Slope",-122.97473011,42.64361516,NA,NA,NA,NA,NA,NA,NA,NA,NA,NA,NA,NA,NA,NA,NA,1921,52,97,140,1824,NA,"Yes",87,21.4586833795809,24.4687266631051,32
