"rodne_pid","trid","rodne_uid","site_name","uid","stid","multistem","rcdm","conifer","rodne_site_ab","plot_type","plot_size","rodne_sid","corvallis_core","spcd","diam_cm","capo_num","cond","con_numeric","inner_ring","outer_ring","pith","d2pith_cm","metlen_age","harvest_date","plantassoc","pvt","bps","insol","insol_value","tpi","true_age","year_sampled","spcd_mod","aet","pet","deficit","elevation","diam_in","inddensity","tree_area","tpa","sdi_acre","basal_area_acre","biostrat","x","y","snag_spcd_group","snag_slope","snag_dbh","snagfall_rogers","snagfall_mellen","decay_25_rogers","decay_50_rogers","decay_75_rogers","decay_25_mellen","decay_50_mellen","decay_75_mellen","endyear_rogers","endyear_mellen","deathyear_rogers","deathyear_mellen","end_year"
"A01","14","A010055_new","Ashland","AW14_014_06_new","5_new",1,NA,"Hardwood","A","density",0.1,NA,"NO","ARME",32.7521151429182,3,"LIVE",1,NA,NA,NA,NA,NA,NA,"PSME/HODI/WHMO-SWO","Douglas-fir - Dry","Mediterranean California Dry-Mesic Mixed Conifer Forest and Woodland","Cool",970818,"Mid Slope",NA,2011,6,571,788,217,1261,6.69291338582677,0.525998284346066,0.24431931314827,494,299,147,"Douglas-fir - Dry,Cool,Mid Slope",-122.7419046,42.17883426,NA,NA,NA,NA,NA,NA,NA,NA,NA,NA,NA,NA,NA,NA,NA,1962
"A01","2","A010016_new","Ashland","AW14_002_08_new","7_new",1,NA,"Hardwood","A","density",0.1,NA,"NO","ARME",36.3230488515146,3,"LIVE",1,NA,NA,NA,NA,NA,NA,"PSME/HODI/WHMO-SWO","Douglas-fir - Dry","Mediterranean California Dry-Mesic Mixed Conifer Forest and Woodland","Cool",970818,"Mid Slope",NA,2011,6,571,788,217,1261,7.44094488188976,0.623167707417467,0.301983743424545,494,299,147,"Douglas-fir - Dry,Cool,Mid Slope",-122.7419046,42.17883426,NA,NA,NA,NA,NA,NA,NA,NA,NA,NA,NA,NA,NA,NA,NA,1943
"A01","6","A010029_new","Ashland","AW14_006_02_new","1_new",1,115,"Hardwood","A","density",0.1,NA,"NO","ARME",37.6764449248657,3,"LIVE",1,NA,NA,NA,NA,NA,NA,"PSME/HODI/WHMO-SWO","Douglas-fir - Dry","Mediterranean California Dry-Mesic Mixed Conifer Forest and Woodland","Cool",970818,"Mid Slope",NA,2011,6,571,788,217,1261,8.26771653543307,0.737593235249194,0.372819436326599,494,299,147,"Douglas-fir - Dry,Cool,Mid Slope",-122.7419046,42.17883426,NA,NA,NA,NA,NA,NA,NA,NA,NA,NA,NA,NA,NA,NA,NA,1962
"A02","15","A020041_new","Ashland","AW15_015_06_new","5_new",1,NA,"Hardwood","A","density",0.1,NA,"NO","ARME",24.3796361897565,3,"LIVE",1,NA,NA,NA,NA,NA,NA,"PSME-ABCO/SYMO","White fir - Intermediate","Mediterranean California Dry-Mesic Mixed Conifer Forest and Woodland","Warm",1307130.625,"Mid Slope",NA,2011,6,565,761,197,1290,8.22834645669291,0.731981510597834,0.369277228983723,368,319,177,"White fir - Intermediate,Warm,Mid Slope",-122.73659309,42.17301727,NA,NA,NA,NA,NA,NA,NA,NA,NA,NA,NA,NA,NA,NA,NA,1967
"A02","35","A020067_new","Ashland","AW15_035_03_new","2_new",1,NA,"Hardwood","A","density",0.1,NA,"NO","ARME",36.0921749930884,2,"LIVE",1,NA,NA,NA,NA,NA,NA,"PSME-ABCO/SYMO","White fir - Intermediate","Mediterranean California Dry-Mesic Mixed Conifer Forest and Woodland","Warm",1307130.625,"Mid Slope",NA,2011,6,565,761,197,1290,3.93700787401575,0.225043282266502,0.0845395547225848,368,319,177,"White fir - Intermediate,Warm,Mid Slope",-122.73659309,42.17301727,NA,NA,NA,NA,NA,NA,NA,NA,NA,NA,NA,NA,NA,NA,NA,1967
"A02","46","A020094_new","Ashland","AW15_046_04_new","3_new",1,NA,"Hardwood","A","density",0.1,NA,"NO","ARME",15.5864284988686,0,"OLDER DEAD",4,NA,NA,NA,NA,NA,NA,"PSME-ABCO/SYMO","White fir - Intermediate","Mediterranean California Dry-Mesic Mixed Conifer Forest and Woodland","Warm",1307130.625,"Mid Slope",NA,2011,6,565,761,197,1290,4.33070866141732,0.262116493604645,0.102292861214328,368,319,177,"White fir - Intermediate,Warm,Mid Slope",-122.73659309,42.17301727,"Pacific madrone","Other","Small",0.0497322111706197,0.0850555555555556,-7.60356803384786,-3.80178401692393,-1.57788293118239,-7.60356803384786,-3.80178401692393,-1.57788293118239,2007,2007,2007,2007,1963
"A02","47","A020096_new","Ashland","AW15_047_03_new","2_new",1,NA,"Hardwood","A","density",0.1,NA,"NO","ARME",35.5289677103979,2,"LIVE",1,NA,NA,NA,NA,NA,NA,"PSME-ABCO/SYMO","White fir - Intermediate","Mediterranean California Dry-Mesic Mixed Conifer Forest and Woodland","Warm",1307130.625,"Mid Slope",NA,2011,6,565,761,197,1290,4.7244094488189,0.301270110735157,0.121736958800522,368,319,177,"White fir - Intermediate,Warm,Mid Slope",-122.73659309,42.17301727,NA,NA,NA,NA,NA,NA,NA,NA,NA,NA,NA,NA,NA,NA,NA,1966
"A02","49","A020108_new","Ashland","AW15_049_07_new","6_new",1,NA,"Hardwood","A","density",0.1,NA,"NO","ARME",40.2079473523629,0,"RECENT DEAD",3,NA,NA,NA,NA,NA,NA,"PSME-ABCO/SYMO","White fir - Intermediate","Mediterranean California Dry-Mesic Mixed Conifer Forest and Woodland","Warm",1307130.625,"Mid Slope",NA,2011,6,565,761,197,1290,4.68503937007874,0.297263229453207,0.119716463442652,368,319,177,"White fir - Intermediate,Warm,Mid Slope",-122.73659309,42.17301727,"Pacific madrone","Other","Small",0.0497322111706197,0.0850555555555556,NA,NA,NA,NA,NA,NA,NA,NA,2011,2011,1966
"A03","20","A030031_new","Ashland","AW27_020_03_new","2_new",1,NA,"Hardwood","A","density",0.1,NA,"NO","ARME",11.9656284884429,0,"BROKEN TOPPED SNAG",6,NA,NA,NA,NA,NA,NA,"PSME-PIPO/RHDI6","Douglas-fir - Dry","Mediterranean California Dry-Mesic Mixed Conifer Forest and Woodland","Warm",1377170.5,"Bottom Slope",NA,2011,6,517,645,128,998,4.33070866141732,0.262116493604645,0.102292861214328,328,260,149,"Douglas-fir - Dry,Warm,Bottom Slope",-122.72518208,42.16986597,"Pacific madrone","Other","Small",0.0497322111706197,0.0850555555555556,-46.0852578110958,-23.0426289055479,-9.56355507776901,-34.504947450749,-17.2524737253745,-7.16042355135339,1988,1994,1988,1994,1967
"A03","54","A030067_new","Ashland","AW27_054_03_new","2_new",1,NA,"Hardwood","A","density",0.1,NA,"NO","ARME",11.2402462130433,0,"BROKEN TOPPED SNAG",6,NA,NA,NA,NA,NA,NA,"PSME-PIPO/RHDI6","Douglas-fir - Dry","Mediterranean California Dry-Mesic Mixed Conifer Forest and Woodland","Warm",1377170.5,"Bottom Slope",NA,2011,6,517,645,128,998,8.07086614173228,0.709695793509139,0.355277478721663,328,260,149,"Douglas-fir - Dry,Warm,Bottom Slope",-122.72518208,42.16986597,"Pacific madrone","Other","Medium",0.0497322111706197,0.0831666666666667,-46.0852578110958,-23.0426289055479,-9.56355507776901,-34.8753260570119,-17.4376630285059,-7.23728405661826,1988,1994,1988,1994,1960
"A05","43","A050053_new","Ashland","AW31_043_03_new","2_new",1,NA,"Hardwood","A","density",0.1,NA,"NO","ARME",15.2654495538167,0,"CUT STUMP",2,NA,NA,NA,NA,NA,2005,"PIPO-PSME","Ponderosa pine - Dry","Northern Rocky Mountain Ponderosa Pine Woodland and Savanna - Mesic","Warm",1433473.375,"Ridge Top",NA,2011,6,570,781,212,1248,2.99212598425197,0.145066723146496,0.048830046807765,154,285,206,"Ponderosa pine - Dry,Warm,Ridge Top",-122.73195903,42.16751545,"Pacific madrone","Ridgetop","Small",0.0497322111706197,0.143888888888889,NA,NA,NA,NA,NA,NA,NA,NA,2005,2005,1956
"A05","8","A050015_new","Ashland","AW31_008_03_new","2_new",1,NA,"Hardwood","A","density",0.1,NA,"NO","ARME",10.9835621657599,0,"CUT STUMP",2,NA,NA,NA,NA,NA,2005,"PIPO-PSME","Ponderosa pine - Dry","Northern Rocky Mountain Ponderosa Pine Woodland and Savanna - Mesic","Warm",1433473.375,"Ridge Top",NA,2011,6,570,781,212,1248,2.99212598425197,0.145066723146496,0.048830046807765,154,285,206,"Ponderosa pine - Dry,Warm,Ridge Top",-122.73195903,42.16751545,"Pacific madrone","Ridgetop","Small",0.0497322111706197,0.143888888888889,NA,NA,NA,NA,NA,NA,NA,NA,2005,2005,1956
"A07","11","A070030_002_new","Ashland","AW69_011_02_002_new","2_new",1,NA,"Hardwood","A","density",0.1,NA,"NO","ARME",21.7908748645965,0,"OLDER DEAD",4,NA,NA,NA,NA,NA,NA,"PSME/DRY SHRUB","Douglas-fir - Dry","Mediterranean California Dry-Mesic Mixed Conifer Forest and Woodland","Cool",916706.0625,"Mid Slope",NA,2012,6,534,738,204,923,0.984251968503937,0.024488944517889,0.00528372217016155,255,267,168,"Douglas-fir - Dry,Cool,Mid Slope",-122.70899549,42.16578451,"Pacific madrone","Other","Small",0.0497322111706197,0.0850555555555556,-7.60356803384786,-3.80178401692393,-1.57788293118239,-7.60356803384786,-3.80178401692393,-1.57788293118239,2008,2008,2008,2008,1959
"A07","22","A070039_004_new","Ashland","AW69_022_02_004_new","2_new",1,NA,"Hardwood","A","density",0.1,NA,"NO","ARME",20.6789318715663,0,"OLDER DEAD",4,NA,NA,NA,NA,NA,NA,"PSME/DRY SHRUB","Douglas-fir - Dry","Mediterranean California Dry-Mesic Mixed Conifer Forest and Woodland","Cool",916706.0625,"Mid Slope",NA,2012,6,534,738,204,923,0.984251968503937,0.024488944517889,0.00528372217016155,255,267,168,"Douglas-fir - Dry,Cool,Mid Slope",-122.70899549,42.16578451,"Pacific madrone","Other","Small",0.0497322111706197,0.0850555555555556,-7.60356803384786,-3.80178401692393,-1.57788293118239,-7.60356803384786,-3.80178401692393,-1.57788293118239,2008,2008,2008,2008,1959
"A07","7","A070025_new","Ashland","AW69_007_02_new","2_new",1,NA,"Hardwood","A","density",0.1,NA,"NO","ARME",13.3079492363691,4,"LIVE",1,NA,NA,NA,NA,NA,NA,"PSME/DRY SHRUB","Douglas-fir - Dry","Mediterranean California Dry-Mesic Mixed Conifer Forest and Woodland","Cool",916706.0625,"Mid Slope",NA,2012,6,534,738,204,923,2.79527559055118,0.130100633523509,0.042616389535655,255,267,168,"Douglas-fir - Dry,Cool,Mid Slope",-122.70899549,42.16578451,NA,NA,NA,NA,NA,NA,NA,NA,NA,NA,NA,NA,NA,NA,NA,1963
"A07","74","A070096_new","Ashland","AW69_074_02_new","2_new",1,NA,"Hardwood","A","density",0.1,NA,"NO","QUKE",19.8217775316906,0,"OLDER DEAD",4,NA,NA,NA,NA,NA,NA,"PSME/DRY SHRUB","Douglas-fir - Dry","Mediterranean California Dry-Mesic Mixed Conifer Forest and Woodland","Cool",916706.0625,"Mid Slope",NA,2012,3,534,738,204,923,0.984251968503937,0.024488944517889,0.00528372217016155,255,267,168,"Douglas-fir - Dry,Cool,Mid Slope",-122.70899549,42.16578451,"Misc hardwoods","Other","Small",0.0716364450414148,0.133833333333333,-7.60356803384786,-3.80178401692393,-1.57788293118239,-7.60356803384786,-3.80178401692393,-1.57788293118239,2008,2008,2008,2008,1959
"A07","75","A070101_001_new","Ashland","AW69_075_05_001_new","5_new",1,NA,"Hardwood","A","density",0.1,NA,"NO","ARME",31.860737972656,4,"LIVE",1,NA,NA,NA,NA,NA,NA,"PSME/DRY SHRUB","Douglas-fir - Dry","Mediterranean California Dry-Mesic Mixed Conifer Forest and Woodland","Cool",916706.0625,"Mid Slope",NA,2012,6,534,738,204,923,2.95275590551181,0.14202476352394,0.0475534995314539,255,267,168,"Douglas-fir - Dry,Cool,Mid Slope",-122.70899549,42.16578451,NA,NA,NA,NA,NA,NA,NA,NA,NA,NA,NA,NA,NA,NA,NA,1926
"A07","82","A070112_new","Ashland","AW69_082_02_new","2_new",1,NA,"Hardwood","A","density",0.1,NA,"NO","ARME",19.9354961958759,0,"OLDER DEAD",4,NA,NA,NA,NA,NA,NA,"PSME/DRY SHRUB","Douglas-fir - Dry","Mediterranean California Dry-Mesic Mixed Conifer Forest and Woodland","Cool",916706.0625,"Mid Slope",NA,2012,6,534,738,204,923,0.984251968503937,0.024488944517889,0.00528372217016155,255,267,168,"Douglas-fir - Dry,Cool,Mid Slope",-122.70899549,42.16578451,"Pacific madrone","Other","Small",0.0497322111706197,0.0850555555555556,-7.60356803384786,-3.80178401692393,-1.57788293118239,-7.60356803384786,-3.80178401692393,-1.57788293118239,2008,2008,2008,2008,1927
"A09","31","A090035_new","Ashland","AW21_031_04_new","3_new",1,NA,"Hardwood","A","density",0.1,NA,"NO","ACMA",20.3245047090546,4,"LIVE",1,NA,NA,NA,NA,NA,NA,"ABCO-PSME/ROGY","White fir - Intermediate","Mediterranean California Mesic Mixed Conifer Forest and Woodland","Cool",1007686.938,"Bottom Slope",NA,2011,6,571,821,250,946,7.83464566929134,0.676754224839765,0.334785090656908,101,216,152,"White fir - Intermediate,Cool,Bottom Slope",-122.71158292,42.16080867,NA,NA,NA,NA,NA,NA,NA,NA,NA,NA,NA,NA,NA,NA,NA,1921
"A12","3","A120023_002_new","Ashland","AW73_003_03_002_new","3_new",1,NA,"Hardwood","A","density",0.1,NA,"NO","ARME",22.7283760432986,0,"OLDER DEAD",4,NA,NA,NA,NA,NA,NA,"PSME-PIPO/RHDI6","Douglas-fir - Dry","Mediterranean California Dry-Mesic Mixed Conifer Forest and Woodland","Warm",1284636.75,"Mid Slope",NA,2012,6,540,725,185,1032,2.95275590551181,0.14202476352394,0.0475534995314539,231,325,211,"Douglas-fir - Dry,Warm,Mid Slope",-122.70004468,42.15691476,"Pacific madrone","Other","Small",0.0497322111706197,0.0850555555555556,-7.60356803384786,-3.80178401692393,-1.57788293118239,-7.60356803384786,-3.80178401692393,-1.57788293118239,2008,2008,2008,2008,1940
"A12","66","A120093_new","Ashland","AW73_066_01_new","1_new",1,54,"Hardwood","A","density",0.1,NA,"NO","ARME",18.2347064892637,3,"LIVE",1,NA,NA,NA,NA,NA,NA,"PSME-PIPO/RHDI6","Douglas-fir - Dry","Mediterranean California Dry-Mesic Mixed Conifer Forest and Woodland","Warm",1284636.75,"Mid Slope",NA,2012,6,540,725,185,1032,4.25196850393701,0.254532980033102,0.0986069366284229,231,325,211,"Douglas-fir - Dry,Warm,Mid Slope",-122.70004468,42.15691476,NA,NA,NA,NA,NA,NA,NA,NA,NA,NA,NA,NA,NA,NA,NA,1932
"A12","78","A120128_new","Ashland","AW73_078_02_new","2_new",1,NA,"Hardwood","A","density",0.1,NA,"NO","ARME",17.3085814030032,4,"LIVE",1,NA,NA,NA,NA,NA,NA,"PSME-PIPO/RHDI6","Douglas-fir - Dry","Mediterranean California Dry-Mesic Mixed Conifer Forest and Woodland","Warm",1284636.75,"Mid Slope",NA,2012,6,540,725,185,1032,4.17322834645669,0.247033264668595,0.0949886436862962,231,325,211,"Douglas-fir - Dry,Warm,Mid Slope",-122.70004468,42.15691476,NA,NA,NA,NA,NA,NA,NA,NA,NA,NA,NA,NA,NA,NA,NA,1944
"A12","79","A120131_new","Ashland","AW73_079_03_new","3_new",1,NA,"Hardwood","A","density",0.1,NA,"NO","ARME",27.0443869964398,0,"OLDER DEAD",4,NA,NA,NA,NA,NA,NA,"PSME-PIPO/RHDI6","Douglas-fir - Dry","Mediterranean California Dry-Mesic Mixed Conifer Forest and Woodland","Warm",1284636.75,"Mid Slope",NA,2012,6,540,725,185,1032,2.95275590551181,0.14202476352394,0.0475534995314539,231,325,211,"Douglas-fir - Dry,Warm,Mid Slope",-122.70004468,42.15691476,"Pacific madrone","Other","Small",0.0497322111706197,0.0850555555555556,-7.60356803384786,-3.80178401692393,-1.57788293118239,-7.60356803384786,-3.80178401692393,-1.57788293118239,2008,2008,2008,2008,1940
"A12","80","A120135_new","Ashland","AW73_080_04_new","4_new",1,NA,"Hardwood","A","density",0.1,NA,"NO","ARME",22.4166122759242,0,"CUT STUMP",2,NA,NA,NA,NA,NA,1999,"PSME-PIPO/RHDI6","Douglas-fir - Dry","Mediterranean California Dry-Mesic Mixed Conifer Forest and Woodland","Warm",1284636.75,"Mid Slope",NA,2012,6,540,725,185,1032,4.50751692913386,0.279447215420213,0.110815911306506,231,325,211,"Douglas-fir - Dry,Warm,Mid Slope",-122.70004468,42.15691476,"Pacific madrone","Other","Small",0.0497322111706197,0.0850555555555556,NA,NA,NA,NA,NA,NA,NA,NA,1999,1999,1932
"A15","2","A150014_new","Ashland","AW20_002_03_new","2_new",1,NA,"Hardwood","A","density",0.1,NA,"NO","ARME",17.4629686308453,4,"LIVE",1,NA,NA,NA,NA,NA,NA,"PSME/HODI/WHMO-SWO","Douglas-fir - Dry","Mediterranean California Dry-Mesic Mixed Conifer Forest and Woodland","Cool",1069840.625,"Ridge Top",NA,2011,6,564,800,236,991,4.25196850393701,0.254532980033102,0.0986069366284229,214,192,111,"Douglas-fir - Dry,Cool,Ridge Top",-122.7219972,42.15413176,NA,NA,NA,NA,NA,NA,NA,NA,NA,NA,NA,NA,NA,NA,NA,1965
"A15","40","A150049_new","Ashland","AW20_040_03_new","2_new",1,NA,"Hardwood","A","density",0.1,NA,"NO","ARME",15.4485965973303,0,"OLDER DEAD",4,NA,NA,NA,NA,NA,NA,"PSME/HODI/WHMO-SWO","Douglas-fir - Dry","Mediterranean California Dry-Mesic Mixed Conifer Forest and Woodland","Cool",1069840.625,"Ridge Top",NA,2011,6,564,800,236,991,2.95275590551181,0.14202476352394,0.0475534995314539,214,192,111,"Douglas-fir - Dry,Cool,Ridge Top",-122.7219972,42.15413176,"Pacific madrone","Ridgetop","Small",0.0497322111706197,0.143888888888889,-7.60356803384786,-3.80178401692393,-1.57788293118239,-7.60356803384786,-3.80178401692393,-1.57788293118239,2007,2007,2007,2007,1941
"A17","103","A170119_new","Ashland","AW22_103_03_new","2_new",1,NA,"Hardwood","A","density",0.1,NA,"NO","ARME",16.5418557513383,0,"RECENT DEAD",3,NA,NA,NA,NA,NA,NA,"PSME-PIPO/RHDI6","Douglas-fir - Dry","Mediterranean California Dry-Mesic Mixed Conifer Forest and Woodland","Warm",1405492.5,"Ridge Top",NA,2012,6,544,700,156,1103,2.95275590551181,0.14202476352394,0.0475534995314539,437,361,205,"Douglas-fir - Dry,Warm,Ridge Top",-122.72987228,42.15189564,"Pacific madrone","Ridgetop","Small",0.0497322111706197,0.143888888888889,NA,NA,NA,NA,NA,NA,NA,NA,2012,2012,1964
"A17","2","A170011_new","Ashland","AW22_002_02_new","1_new",1,37,"Hardwood","A","density",0.1,NA,"NO","ARME",12.7173684630262,3,"LIVE",1,NA,NA,NA,NA,NA,NA,"PSME-PIPO/RHDI6","Douglas-fir - Dry","Mediterranean California Dry-Mesic Mixed Conifer Forest and Woodland","Warm",1405492.5,"Ridge Top",NA,2012,6,544,700,156,1103,5.23622047244095,0.355163787710378,0.14954201834878,437,361,205,"Douglas-fir - Dry,Warm,Ridge Top",-122.72987228,42.15189564,NA,NA,NA,NA,NA,NA,NA,NA,NA,NA,NA,NA,NA,NA,NA,1960
"A17","26","A170031_new","Ashland","AW22_026_02_new","1_new",1,35,"Hardwood","A","density",0.1,NA,"NO","ARME",12.0166482753371,4,"LIVE",1,NA,NA,NA,NA,NA,NA,"PSME-PIPO/RHDI6","Douglas-fir - Dry","Mediterranean California Dry-Mesic Mixed Conifer Forest and Woodland","Warm",1405492.5,"Ridge Top",NA,2012,6,544,700,156,1103,3.89763779527559,0.22145340628121,0.0828572175836054,437,361,205,"Douglas-fir - Dry,Warm,Ridge Top",-122.72987228,42.15189564,NA,NA,NA,NA,NA,NA,NA,NA,NA,NA,NA,NA,NA,NA,NA,1960
"A17","86","A170004_new","Ashland","AW22_086_02_new","1_new",1,120,"Hardwood","A","density",0.1,"A1704","YES","ARME",49.6650396036935,3,"LIVE",1,NA,NA,NA,NA,45,NA,"PSME-PIPO/RHDI6","Douglas-fir - Dry","Mediterranean California Dry-Mesic Mixed Conifer Forest and Woodland","Warm",1405492.5,"Ridge Top",NA,2012,6,544,700,156,1103,5.74803149606299,0.412316412659158,0.180204514846662,437,361,205,"Douglas-fir - Dry,Warm,Ridge Top",-122.72987228,42.15189564,NA,NA,NA,NA,NA,NA,NA,NA,NA,NA,NA,NA,NA,NA,NA,1960
"A19","1","A190011_new","Ashland","AW26_001_03_new","2_new",1,NA,"Hardwood","A","density",0.1,NA,"NO","ARME",26.2983331447567,0,"CUT STUMP",2,NA,NA,NA,NA,NA,2005,"PSME/HODI/WHMO-SWO","Douglas-fir - Dry","Mediterranean California Dry-Mesic Mixed Conifer Forest and Woodland","Cool",981117.9375,"Ridge Top",NA,2011,6,564,792,228,1019,6.5748031496063,0.511225380971867,0.235772364165817,105,193,127,"Douglas-fir - Dry,Cool,Ridge Top",-122.71329838,42.14932894,"Pacific madrone","Ridgetop","Small",0.0497322111706197,0.143888888888889,NA,NA,NA,NA,NA,NA,NA,NA,2005,2005,1928
"A19","59","A190103_new","Ashland","AW26_059_02_new","1_new",1,90,"Hardwood","A","density",0.1,NA,"NO","ARME",14.7728916150174,0,"OLDER DEAD",4,NA,NA,NA,NA,NA,NA,"PSME/HODI/WHMO-SWO","Douglas-fir - Dry","Mediterranean California Dry-Mesic Mixed Conifer Forest and Woodland","Cool",981117.9375,"Ridge Top",NA,2011,6,564,792,228,1019,14.0157480314961,1.7162717347852,1.07142050073215,105,193,127,"Douglas-fir - Dry,Cool,Ridge Top",-122.71329838,42.14932894,"Pacific madrone","Ridgetop","Medium",0.0497322111706197,0.140333333333333,-7.60356803384786,-3.80178401692393,-1.57788293118239,-7.60356803384786,-3.80178401692393,-1.57788293118239,2007,2007,2007,2007,1916
"A19","78","A190165_new","Ashland","AW26_078_03_new","2_new",1,NA,"Hardwood","A","density",0.1,NA,"NO","ARME",10.9373538483468,0,"BROKEN TOPPED SNAG",6,NA,NA,NA,NA,NA,NA,"PSME/HODI/WHMO-SWO","Douglas-fir - Dry","Mediterranean California Dry-Mesic Mixed Conifer Forest and Woodland","Cool",981117.9375,"Ridge Top",NA,2011,6,564,792,228,1019,0.984251968503937,0.024488944517889,0.00528372217016155,105,193,127,"Douglas-fir - Dry,Cool,Ridge Top",-122.71329838,42.14932894,"Pacific madrone","Ridgetop","Small",0.0497322111706197,0.143888888888889,-46.0852578110958,-23.0426289055479,-9.56355507776901,-27.8346365876187,-13.9173182938093,-5.77620898133034,1988,1997,1988,1997,1921
"A20","29","A200036_new","Ashland","AW74_029_02_new","2_new",1,NA,"Hardwood","A","density",0.1,NA,"NO","ARME",32.7682425885271,3,"LIVE",1,NA,NA,NA,NA,NA,NA,"PSME-PIPO/RHDI6","Douglas-fir - Dry","Mediterranean California Dry-Mesic Mixed Conifer Forest and Woodland","Warm",1302599.125,"Ridge Top",NA,2012,6,520,661,141,1153,10.3937007874016,1.06373227477399,0.589206880594527,251,380,245,"Douglas-fir - Dry,Warm,Ridge Top",-122.68582036,42.14811934,NA,NA,NA,NA,NA,NA,NA,NA,NA,NA,NA,NA,NA,NA,NA,1942
"A20","31","A200038_new","Ashland","AW74_031_01_new","1_new",1,30,"Hardwood","A","density",0.1,NA,"NO","ARME",13.2235188302616,0,"CUT STUMP",2,NA,NA,NA,NA,NA,2005,"PSME-PIPO/RHDI6","Douglas-fir - Dry","Mediterranean California Dry-Mesic Mixed Conifer Forest and Woodland","Warm",1302599.125,"Ridge Top",NA,2012,6,520,661,141,1153,4.50751692913386,0.279447215420213,0.110815911306506,251,380,245,"Douglas-fir - Dry,Warm,Ridge Top",-122.68582036,42.14811934,"Pacific madrone","Ridgetop","Small",0.0497322111706197,0.143888888888889,NA,NA,NA,NA,NA,NA,NA,NA,2005,2005,1932
"A21","109","A210111_new","Ashland","AW06_109_03_new","2_new",1,75,"Hardwood","A","density",0.1,NA,"NO","ARME",15.4992797099686,3,"LIVE",1,NA,NA,NA,NA,NA,NA,"ABCO/BENE2","White fir - Intermediate","Mediterranean California Mesic Mixed Conifer Forest and Woodland","Warm",1423627.25,"Mid Slope",NA,2011,6,565,750,185,1456,4.37007874015748,0.26593948259393,0.104161185373697,352,428,263,"White fir - Intermediate,Warm,Mid Slope",-122.74340448,42.1477074,NA,NA,NA,NA,NA,NA,NA,NA,NA,NA,NA,NA,NA,NA,NA,1961
"A28","20","A280024_new","Ashland","AW04_020_03_new","2_new",1,95,"Hardwood","A","density",0.1,NA,"NO","ARME",25.6600192813537,3,"LIVE",1,NA,NA,NA,NA,NA,NA,"ABCO-PSME/ROGY","White fir - Intermediate","Mediterranean California Mesic Mixed Conifer Forest and Woodland","Cool",1119313.5,"Ridge Top",NA,2011,6,582,825,243,1228,11.496062992126,1.24990963462325,0.720818059386647,348,353,217,"White fir - Intermediate,Cool,Ridge Top",-122.67312056,42.13829521,NA,NA,NA,NA,NA,NA,NA,NA,NA,NA,NA,NA,NA,NA,NA,1949
"A28","24","A280028_new","Ashland","AW04_024_02_new","1_new",1,NA,"Hardwood","A","density",0.1,NA,"NO","ARME",35.7274372860263,3,"LIVE",1,NA,NA,NA,NA,NA,NA,"ABCO-PSME/ROGY","White fir - Intermediate","Mediterranean California Mesic Mixed Conifer Forest and Woodland","Cool",1119313.5,"Ridge Top",NA,2011,6,582,825,243,1228,10.8267716535433,1.13552934904981,0.639330382589547,348,353,217,"White fir - Intermediate,Cool,Ridge Top",-122.67312056,42.13829521,NA,NA,NA,NA,NA,NA,NA,NA,NA,NA,NA,NA,NA,NA,NA,1949
"A28","66","A280077_new","Ashland","AW04_066_03_new","2_new",1,NA,"Hardwood","A","density",0.1,NA,"NO","ARME",28.560265560461,0,"OLDER DEAD",4,NA,NA,NA,NA,NA,NA,"ABCO-PSME/ROGY","White fir - Intermediate","Mediterranean California Mesic Mixed Conifer Forest and Woodland","Cool",1119313.5,"Ridge Top",NA,2011,6,582,825,243,1228,5.70866141732283,0.407807169792628,0.177744413804234,348,353,217,"White fir - Intermediate,Cool,Ridge Top",-122.67312056,42.13829521,"Pacific madrone","Ridgetop","Small",0.0497322111706197,0.143888888888889,-7.60356803384786,-3.80178401692393,-1.57788293118239,-7.60356803384786,-3.80178401692393,-1.57788293118239,2007,2007,2007,2007,1923
"A38","105","A380206_new","Ashland","AW48_105_02_new","1_new",1,80,"Hardwood","A","density",0.1,NA,"NO","ARME",27.5763394458438,3,"LIVE",1,NA,NA,NA,NA,NA,NA,"PSME-ABCO","White fir - Intermediate","Mediterranean California Dry-Mesic Mixed Conifer Forest and Woodland","Warm",1181808.5,"Ridge Top",NA,2011,6,562,757,194,1258,6.37795275590551,0.486956398427271,0.221865607413951,591,438,229,"White fir - Intermediate,Warm,Ridge Top",-122.72745247,42.12662687,NA,NA,NA,NA,NA,NA,NA,NA,NA,NA,NA,NA,NA,NA,NA,1928
"A38","107","A380214_new","Ashland","AW48_107_02_new","1_new",1,75,"Hardwood","A","density",0.1,NA,"NO","ARME",24.6619875750752,2,"LIVE",1,NA,NA,NA,NA,NA,NA,"PSME-ABCO","White fir - Intermediate","Mediterranean California Dry-Mesic Mixed Conifer Forest and Woodland","Warm",1181808.5,"Ridge Top",NA,2011,6,562,757,194,1258,8.85826771653543,0.823679168340479,0.427981495783085,591,438,229,"White fir - Intermediate,Warm,Ridge Top",-122.72745247,42.12662687,NA,NA,NA,NA,NA,NA,NA,NA,NA,NA,NA,NA,NA,NA,NA,1920
"A38","112","A380224_new","Ashland","AW48_112_04_new","3_new",1,NA,"Hardwood","A","density",0.1,NA,"NO","ARME",32.3629974861518,0,"BROKEN BUTT SNAG",7,NA,NA,NA,NA,NA,NA,"PSME-ABCO","White fir - Intermediate","Mediterranean California Dry-Mesic Mixed Conifer Forest and Woodland","Warm",1181808.5,"Ridge Top",NA,2011,6,562,757,194,1258,2.95275590551181,0.14202476352394,0.0475534995314539,591,438,229,"White fir - Intermediate,Warm,Ridge Top",-122.72745247,42.12662687,"Pacific madrone","Ridgetop","Small",0.0497322111706197,0.143888888888889,-74.647978679063,-37.3239893395315,-15.4908551985894,-38.1467362321087,-19.0733681160544,-7.91616300571204,1974,1992,1974,1992,1920
"A38","117","A380232_new","Ashland","AW48_117_03_new","2_new",1,NA,"Hardwood","A","density",0.1,NA,"NO","ARME",36.418093551823,0,"BROKEN TOPPED SNAG",6,NA,NA,NA,NA,NA,NA,"PSME-ABCO","White fir - Intermediate","Mediterranean California Dry-Mesic Mixed Conifer Forest and Woodland","Warm",1181808.5,"Ridge Top",NA,2011,6,562,757,194,1258,2.95275590551181,0.14202476352394,0.0475534995314539,591,438,229,"White fir - Intermediate,Warm,Ridge Top",-122.72745247,42.12662687,"Pacific madrone","Ridgetop","Small",0.0497322111706197,0.143888888888889,-46.0852578110958,-23.0426289055479,-9.56355507776901,-27.8346365876187,-13.9173182938093,-5.77620898133034,1988,1997,1988,1997,1920
"A38","118","A380234_new","Ashland","AW48_118_03_new","2_new",1,NA,"Hardwood","A","density",0.1,NA,"NO","ARME",19.7704238548332,0,"BROKEN BUTT SNAG",7,NA,NA,NA,NA,NA,NA,"PSME-ABCO","White fir - Intermediate","Mediterranean California Dry-Mesic Mixed Conifer Forest and Woodland","Warm",1181808.5,"Ridge Top",NA,2011,6,562,757,194,1258,0.984251968503937,0.024488944517889,0.00528372217016155,591,438,229,"White fir - Intermediate,Warm,Ridge Top",-122.72745247,42.12662687,"Pacific madrone","Ridgetop","Small",0.0497322111706197,0.143888888888889,-74.647978679063,-37.3239893395315,-15.4908551985894,-38.1467362321087,-19.0733681160544,-7.91616300571204,1974,1992,1974,1992,1920
"A38","119","A380236_new","Ashland","AW48_119_03_new","2_new",1,NA,"Hardwood","A","density",0.1,NA,"NO","ARME",48.230787157393,3,"LIVE",1,NA,NA,NA,NA,NA,NA,"PSME-ABCO","White fir - Intermediate","Mediterranean California Dry-Mesic Mixed Conifer Forest and Woodland","Warm",1181808.5,"Ridge Top",NA,2011,6,562,757,194,1258,7.91338582677165,0.687669472520084,0.341548255034715,591,438,229,"White fir - Intermediate,Warm,Ridge Top",-122.72745247,42.12662687,NA,NA,NA,NA,NA,NA,NA,NA,NA,NA,NA,NA,NA,NA,NA,1920
"A38","14","A380033_new","Ashland","AW48_014_05_new","4_new",1,NA,"Hardwood","A","density",0.1,NA,"NO","ARME",35.1568262380153,0,"CLEAN SNAG",5,NA,NA,NA,NA,NA,NA,"PSME-ABCO","White fir - Intermediate","Mediterranean California Dry-Mesic Mixed Conifer Forest and Woodland","Warm",1181808.5,"Ridge Top",NA,2011,6,562,757,194,1258,1.96850393700787,0.0742365978042368,0.0211348886806462,591,438,229,"White fir - Intermediate,Warm,Ridge Top",-122.72745247,42.12662687,"Pacific madrone","Ridgetop","Small",0.0497322111706197,0.143888888888889,-17.5225369431286,-8.76126847156432,-3.63625495694863,-17.5225369431286,-8.76126847156432,-3.63625495694863,2002,2002,2002,2002,1942
"A38","2","A380014_new","Ashland","AW48_002_04_new","3_new",1,NA,"Hardwood","A","density",0.1,NA,"NO","ARME",14.1069725923304,0,"CLEAN SNAG",5,NA,NA,NA,NA,NA,NA,"PSME-ABCO","White fir - Intermediate","Mediterranean California Dry-Mesic Mixed Conifer Forest and Woodland","Warm",1181808.5,"Ridge Top",NA,2011,6,562,757,194,1258,3.74015748031496,0.207311704254486,0.0762969481371328,591,438,229,"White fir - Intermediate,Warm,Ridge Top",-122.72745247,42.12662687,"Pacific madrone","Ridgetop","Small",0.0497322111706197,0.143888888888889,-17.5225369431286,-8.76126847156432,-3.63625495694863,-17.5225369431286,-8.76126847156432,-3.63625495694863,2002,2002,2002,2002,1920
"A38","25","A380006_new","Ashland","AW48_025_02_new","1_new",1,50,"Hardwood","A","density",0.1,"A3806","YES","ARME",20.6485047807132,3,"LIVE",1,NA,NA,NA,NA,72,NA,"PSME-ABCO","White fir - Intermediate","Mediterranean California Dry-Mesic Mixed Conifer Forest and Woodland","Warm",1181808.5,"Ridge Top",NA,2011,6,562,757,194,1258,5.35433070866142,0.368068208040462,0.156364360414893,591,438,229,"White fir - Intermediate,Warm,Ridge Top",-122.72745247,42.12662687,NA,NA,NA,NA,NA,NA,NA,NA,NA,NA,NA,NA,NA,NA,NA,1937
"A38","32","A380061_new","Ashland","AW48_032_05_new","4_new",1,NA,"Hardwood","A","density",0.1,NA,"NO","ARME",30.211659678832,2,"LIVE",1,NA,NA,NA,NA,NA,NA,"PSME-ABCO","White fir - Intermediate","Mediterranean California Dry-Mesic Mixed Conifer Forest and Woodland","Warm",1181808.5,"Ridge Top",NA,2011,6,562,757,194,1258,7.28346456692913,0.602200093840932,0.289336626038046,591,438,229,"White fir - Intermediate,Warm,Ridge Top",-122.72745247,42.12662687,NA,NA,NA,NA,NA,NA,NA,NA,NA,NA,NA,NA,NA,NA,NA,1937
"A38","43","A380078_new","Ashland","AW48_043_03_new","2_new",1,NA,"Hardwood","A","density",0.1,NA,"NO","ARME",20.0440600642963,0,"RECENT DEAD",3,NA,NA,NA,NA,NA,NA,"PSME-ABCO","White fir - Intermediate","Mediterranean California Dry-Mesic Mixed Conifer Forest and Woodland","Warm",1181808.5,"Ridge Top",NA,2011,6,562,757,194,1258,6.10236220472441,0.45372924288435,0.20310628022101,591,438,229,"White fir - Intermediate,Warm,Ridge Top",-122.72745247,42.12662687,"Pacific madrone","Ridgetop","Small",0.0497322111706197,0.143888888888889,NA,NA,NA,NA,NA,NA,NA,NA,2011,2011,1954
"A38","44","A380079_new","Ashland","AW48_044_02_new","1_new",1,90,"Hardwood","A","density",0.1,NA,"NO","ARME",32.9147320878248,3,"LIVE",1,NA,NA,NA,NA,NA,NA,"PSME-ABCO","White fir - Intermediate","Mediterranean California Dry-Mesic Mixed Conifer Forest and Woodland","Warm",1181808.5,"Ridge Top",NA,2011,6,562,757,194,1258,7.8740157480315,0.682203662226427,0.338158218890339,591,438,229,"White fir - Intermediate,Warm,Ridge Top",-122.72745247,42.12662687,NA,NA,NA,NA,NA,NA,NA,NA,NA,NA,NA,NA,NA,NA,NA,1923
"A38","45","A380084_new","Ashland","AW48_045_03_new","2_new",1,NA,"Hardwood","A","density",0.1,NA,"NO","ARME",21.3694472166404,0,"OLDER DEAD",4,NA,NA,NA,NA,NA,NA,"PSME-ABCO","White fir - Intermediate","Mediterranean California Dry-Mesic Mixed Conifer Forest and Woodland","Warm",1181808.5,"Ridge Top",NA,2011,6,562,757,194,1258,2.95275590551181,0.14202476352394,0.0475534995314539,591,438,229,"White fir - Intermediate,Warm,Ridge Top",-122.72745247,42.12662687,"Pacific madrone","Ridgetop","Small",0.0497322111706197,0.143888888888889,-7.60356803384786,-3.80178401692393,-1.57788293118239,-7.60356803384786,-3.80178401692393,-1.57788293118239,2007,2007,2007,2007,1920
"A38","54","A380104_new","Ashland","AW48_054_03_new","2_new",1,NA,"Hardwood","A","density",0.1,NA,"NO","ARME",11.0255547329642,0,"BROKEN TOPPED SNAG",6,NA,NA,NA,NA,NA,NA,"PSME-ABCO","White fir - Intermediate","Mediterranean California Dry-Mesic Mixed Conifer Forest and Woodland","Warm",1181808.5,"Ridge Top",NA,2011,6,562,757,194,1258,2.75590551181102,0.127181199719041,0.0414243818140665,591,438,229,"White fir - Intermediate,Warm,Ridge Top",-122.72745247,42.12662687,"Pacific madrone","Ridgetop","Small",0.0497322111706197,0.143888888888889,-46.0852578110958,-23.0426289055479,-9.56355507776901,-27.8346365876187,-13.9173182938093,-5.77620898133034,1988,1997,1988,1997,1937
"A38","58","A380110_new","Ashland","AW48_058_02_new","1_new",1,45,"Hardwood","A","density",0.1,NA,"NO","ARME",16.9738438711524,3,"LIVE",1,NA,NA,NA,NA,NA,NA,"PSME-ABCO","White fir - Intermediate","Mediterranean California Dry-Mesic Mixed Conifer Forest and Woodland","Warm",1181808.5,"Ridge Top",NA,2011,6,562,757,194,1258,5.62992125984252,0.398844597139188,0.172874935452214,591,438,229,"White fir - Intermediate,Warm,Ridge Top",-122.72745247,42.12662687,NA,NA,NA,NA,NA,NA,NA,NA,NA,NA,NA,NA,NA,NA,NA,1937
"A38","61","A380116_new","Ashland","AW48_061_02_new","1_new",1,90,"Hardwood","A","density",0.1,NA,"NO","ARME",14.02083266354,2,"LIVE",1,NA,NA,NA,NA,NA,NA,"PSME-ABCO","White fir - Intermediate","Mediterranean California Dry-Mesic Mixed Conifer Forest and Woodland","Warm",1181808.5,"Ridge Top",NA,2011,6,562,757,194,1258,11.0236220472441,1.1687426792305,0.662790109025065,591,438,229,"White fir - Intermediate,Warm,Ridge Top",-122.72745247,42.12662687,NA,NA,NA,NA,NA,NA,NA,NA,NA,NA,NA,NA,NA,NA,NA,1920
"A38","7","A380024_new","Ashland","AW48_007_03_new","2_new",1,NA,"Hardwood","A","density",0.1,NA,"NO","ARME",26.2211210251215,0,"OLDER DEAD",4,NA,NA,NA,NA,NA,NA,"PSME-ABCO","White fir - Intermediate","Mediterranean California Dry-Mesic Mixed Conifer Forest and Woodland","Warm",1181808.5,"Ridge Top",NA,2011,6,562,757,194,1258,3.97637795275591,0.228654762507714,0.0862387997725087,591,438,229,"White fir - Intermediate,Warm,Ridge Top",-122.72745247,42.12662687,"Pacific madrone","Ridgetop","Small",0.0497322111706197,0.143888888888889,-7.60356803384786,-3.80178401692393,-1.57788293118239,-7.60356803384786,-3.80178401692393,-1.57788293118239,2007,2007,2007,2007,1931
"A38","87","A380158_new","Ashland","AW48_087_03_new","2_new",1,NA,"Hardwood","A","density",0.1,NA,"NO","ARME",18.299603847441,3,"LIVE",1,NA,NA,NA,NA,NA,NA,"PSME-ABCO","White fir - Intermediate","Mediterranean California Dry-Mesic Mixed Conifer Forest and Woodland","Warm",1181808.5,"Ridge Top",NA,2011,6,562,757,194,1258,6.22047244094488,0.467861590132522,0.211044544409461,591,438,229,"White fir - Intermediate,Warm,Ridge Top",-122.72745247,42.12662687,NA,NA,NA,NA,NA,NA,NA,NA,NA,NA,NA,NA,NA,NA,NA,1949
"A38","97","A380187_new","Ashland","AW48_097_02_new","1_new",1,80,"Hardwood","A","density",0.1,NA,"NO","ARME",23.3104434306083,2,"LIVE",1,NA,NA,NA,NA,NA,NA,"PSME-ABCO","White fir - Intermediate","Mediterranean California Dry-Mesic Mixed Conifer Forest and Woodland","Warm",1181808.5,"Ridge Top",NA,2011,6,562,757,194,1258,10.4724409448819,1.0766552737144,0.598168073395121,591,438,229,"White fir - Intermediate,Warm,Ridge Top",-122.72745247,42.12662687,NA,NA,NA,NA,NA,NA,NA,NA,NA,NA,NA,NA,NA,NA,NA,1920
"A38","98","A380191_new","Ashland","AW48_098_04_new","3_new",1,NA,"Hardwood","A","density",0.1,NA,"NO","ARME",34.1638742456615,0,"BROKEN TOPPED SNAG",6,NA,NA,NA,NA,NA,NA,"PSME-ABCO","White fir - Intermediate","Mediterranean California Dry-Mesic Mixed Conifer Forest and Woodland","Warm",1181808.5,"Ridge Top",NA,2011,6,562,757,194,1258,0.984251968503937,0.024488944517889,0.00528372217016155,591,438,229,"White fir - Intermediate,Warm,Ridge Top",-122.72745247,42.12662687,"Pacific madrone","Ridgetop","Small",0.0497322111706197,0.143888888888889,-46.0852578110958,-23.0426289055479,-9.56355507776901,-27.8346365876187,-13.9173182938093,-5.77620898133034,1988,1997,1988,1997,1923
"A38","99","A380196_new","Ashland","AW48_099_05_new","4_new",1,NA,"Hardwood","A","density",0.1,NA,"NO","ARME",30.1754962344118,0,"BROKEN BUTT SNAG",7,NA,NA,NA,NA,NA,NA,"PSME-ABCO","White fir - Intermediate","Mediterranean California Dry-Mesic Mixed Conifer Forest and Woodland","Warm",1181808.5,"Ridge Top",NA,2011,6,562,757,194,1258,0.984251968503937,0.024488944517889,0.00528372217016155,591,438,229,"White fir - Intermediate,Warm,Ridge Top",-122.72745247,42.12662687,"Pacific madrone","Ridgetop","Small",0.0497322111706197,0.143888888888889,-74.647978679063,-37.3239893395315,-15.4908551985894,-38.1467362321087,-19.0733681160544,-7.91616300571204,1974,1992,1974,1992,1931
"A42","30","A420040_new","Ashland","AW44_030_03_new","2_new",1,NA,"Hardwood","A","density",0.1,NA,"NO","ARME",25.2031655256817,0,"BROKEN TOPPED SNAG",6,NA,NA,NA,NA,NA,NA,"PSME-ABCO","White fir - Intermediate","Mediterranean California Dry-Mesic Mixed Conifer Forest and Woodland","Cool",1107916.75,"Mid Slope",NA,2011,6,577,786,208,1252,2.95275590551181,0.14202476352394,0.0475534995314539,348,306,174,"White fir - Intermediate,Cool,Mid Slope",-122.73211391,42.12217268,"Pacific madrone","Other","Small",0.0497322111706197,0.0850555555555556,-46.0852578110958,-23.0426289055479,-9.56355507776901,-34.504947450749,-17.2524737253745,-7.16042355135339,1988,1994,1988,1994,1922
"A44","4","A440003_new","Ashland","AW24_004_02_new","1_new",1,110,"Hardwood","A","density",0.1,"A4403","YES","ARME",19.0463616290942,3,"LIVE",1,NA,NA,NA,NA,112,NA,"PSME-ABCO/SYMO","White fir - Intermediate","Mediterranean California Dry-Mesic Mixed Conifer Forest and Woodland","Warm",1266438.5,"Bottom Slope",NA,2011,6,586,804,218,1236,14.0944881889764,1.73172487784236,1.08349274914654,227,326,234,"White fir - Intermediate,Warm,Bottom Slope",-122.71355818,42.12156888,NA,NA,NA,NA,NA,NA,NA,NA,NA,NA,NA,NA,NA,NA,NA,1928
"A44","46","A440051_new","Ashland","AW24_046_04_new","3_new",1,NA,"Hardwood","A","density",0.1,NA,"NO","ACMA",21.0871402466448,0,"BROKEN TOPPED SNAG",6,NA,NA,NA,NA,NA,NA,"PSME-ABCO/SYMO","White fir - Intermediate","Mediterranean California Dry-Mesic Mixed Conifer Forest and Woodland","Warm",1266438.5,"Bottom Slope",NA,2011,6,586,804,218,1236,2.95275590551181,0.14202476352394,0.0475534995314539,227,326,234,"White fir - Intermediate,Warm,Bottom Slope",-122.71355818,42.12156888,"Alder","Other","Small",0.0497322111706197,0.154055555555556,-46.0852578110958,-23.0426289055479,-9.56355507776901,-27.1978023273882,-13.5989011636941,-5.64405393191975,1988,1997,1988,1997,1921
"AB","1087","A0B0091_new","Ashland","MPR108198_new","1_new",1,60,"Hardwood","A","stem",3,NA,"NO","ARME",13.3789987109798,2,"LIVE",1,NA,NA,NA,NA,NA,NA,"PSME-ABCO/SYMO","White fir - Intermediate","Mediterranean California Dry-Mesic Mixed Conifer Forest and Woodland","Warm",1273804.375,"Ridge Top",NA,2011,6,589,834,245,1209,8.38582677165354,0.754524626285682,0.383547505820895,175,284,190,"White fir - Intermediate,Warm,Ridge Top",-122.6952722,42.14464037,NA,NA,NA,NA,NA,NA,NA,NA,NA,NA,NA,NA,NA,NA,NA,1921
"AB","1108","A0B0121_new","Ashland","MPR110858_new","2_new",1,NA,"Hardwood","A","stem",3,NA,"NO","ARME",15.9817878004244,3,"LIVE",1,NA,NA,NA,NA,NA,NA,"PSME-ABCO/SYMO","White fir - Intermediate","Mediterranean California Dry-Mesic Mixed Conifer Forest and Woodland","Warm",1273804.375,"Ridge Top",NA,2011,6,589,834,245,1209,5.31496062992126,0.363747555160172,0.154073338481911,175,284,190,"White fir - Intermediate,Warm,Ridge Top",-122.6950582,42.14424364,NA,NA,NA,NA,NA,NA,NA,NA,NA,NA,NA,NA,NA,NA,NA,1918
"AB","1183","A0B0201_new","Ashland","MPR118377_new","1_new",1,75,"Hardwood","A","stem",3,NA,"NO","ARME",14.0968796983109,3,"LIVE",1,NA,NA,NA,NA,NA,NA,"PSME-ABCO/SYMO","White fir - Intermediate","Mediterranean California Dry-Mesic Mixed Conifer Forest and Woodland","Warm",1273804.375,"Ridge Top",NA,2011,6,589,834,245,1209,11.3779527559055,1.22942659006973,0.7060828149985,175,284,190,"White fir - Intermediate,Warm,Ridge Top",-122.6947575,42.14444365,NA,NA,NA,NA,NA,NA,NA,NA,NA,NA,NA,NA,NA,NA,NA,1918
"AB","1186","A0B0206_new","Ashland","MPR118664_new","2_new",1,NA,"Hardwood","A","stem",3,NA,"NO","ARME",19.1087742307032,0,"CLEAN SNAG",5,NA,NA,NA,NA,NA,NA,"PSME-ABCO/SYMO","White fir - Intermediate","Mediterranean California Dry-Mesic Mixed Conifer Forest and Woodland","Warm",1273804.375,"Ridge Top",NA,2011,6,589,834,245,1209,4.60629921259843,0.289309991277284,0.115726196459746,175,284,190,"White fir - Intermediate,Warm,Ridge Top",-122.6948738,42.14439697,"Pacific madrone","Ridgetop","Small",0.0497322111706197,0.143888888888889,-17.5225369431286,-8.76126847156432,-3.63625495694863,-17.5225369431286,-8.76126847156432,-3.63625495694863,2002,2002,2002,2002,1921
"AB","1189","A0B0209_new","Ashland","MPR118933_new","2_new",1,NA,"Hardwood","A","stem",3,NA,"NO","ARME",17.0156074966077,3,"LIVE",1,NA,NA,NA,NA,NA,NA,"PSME-ABCO/SYMO","White fir - Intermediate","Mediterranean California Dry-Mesic Mixed Conifer Forest and Woodland","Warm",1273804.375,"Ridge Top",NA,2011,6,589,834,245,1209,5.86614173228346,0.425955355407758,0.18768626543961,175,284,190,"White fir - Intermediate,Warm,Ridge Top",-122.6947728,42.14462874,NA,NA,NA,NA,NA,NA,NA,NA,NA,NA,NA,NA,NA,NA,NA,1929
"AB","1191","A0B0211_new","Ashland","MPR119149_new","2_new",1,NA,"Hardwood","A","stem",3,NA,"NO","ARME",18.535461012026,0,"OLDER DEAD",4,NA,NA,NA,NA,NA,NA,"PSME-ABCO/SYMO","White fir - Intermediate","Mediterranean California Dry-Mesic Mixed Conifer Forest and Woodland","Warm",1273804.375,"Ridge Top",NA,2011,6,589,834,245,1209,4.76377952755905,0.305297076756247,0.123774362069336,175,284,190,"White fir - Intermediate,Warm,Ridge Top",-122.6947668,42.14463933,"Pacific madrone","Ridgetop","Small",0.0497322111706197,0.143888888888889,-7.60356803384786,-3.80178401692393,-1.57788293118239,-7.60356803384786,-3.80178401692393,-1.57788293118239,2007,2007,2007,2007,1921
"AB","120","A0B0228_new","Ashland","MPR12062_new","2_new",1,NA,"Hardwood","A","stem",3,NA,"NO","ARME",18.4961125525577,3,"LIVE",1,NA,NA,NA,NA,NA,NA,"PSME-ABCO/SYMO","White fir - Intermediate","Mediterranean California Dry-Mesic Mixed Conifer Forest and Woodland","Warm",1273804.375,"Ridge Top",NA,2011,6,589,834,245,1209,5.35433070866142,0.368068208040462,0.156364360414893,175,284,190,"White fir - Intermediate,Warm,Ridge Top",-122.6940316,42.14449715,NA,NA,NA,NA,NA,NA,NA,NA,NA,NA,NA,NA,NA,NA,NA,1937
"AB","1210","A0B0234_new","Ashland","MPR121069_new","2_new",1,NA,"Hardwood","A","stem",3,NA,"NO","ARME",18.1606525725559,3,"LIVE",1,NA,NA,NA,NA,NA,NA,"PSME-ABCO/SYMO","White fir - Intermediate","Mediterranean California Dry-Mesic Mixed Conifer Forest and Woodland","Warm",1273804.375,"Ridge Top",NA,2011,6,589,834,245,1209,6.10236220472441,0.45372924288435,0.20310628022101,175,284,190,"White fir - Intermediate,Warm,Ridge Top",-122.6948053,42.14467606,NA,NA,NA,NA,NA,NA,NA,NA,NA,NA,NA,NA,NA,NA,NA,1939
"AB","1279","A0B0312_new","Ashland","MPR127926_new","3_new",1,NA,"Hardwood","A","stem",3,NA,"NO","ARME",41.228571219904,0,"OLDER DEAD",4,NA,NA,NA,NA,NA,NA,"PSME-ABCO/SYMO","White fir - Intermediate","Mediterranean California Dry-Mesic Mixed Conifer Forest and Woodland","Warm",1273804.375,"Ridge Top",NA,2011,6,589,834,245,1209,7.20472440944882,0.591817491696152,0.283114514810464,175,284,190,"White fir - Intermediate,Warm,Ridge Top",-122.6949414,42.14493288,"Pacific madrone","Ridgetop","Small",0.0497322111706197,0.143888888888889,-7.60356803384786,-3.80178401692393,-1.57788293118239,-7.60356803384786,-3.80178401692393,-1.57788293118239,2007,2007,2007,2007,1918
"AB","1338","A0B0384_new","Ashland","MPR133857_new","2_new",1,NA,"Hardwood","A","stem",3,NA,"NO","ARME",26.1307127108009,3,"LIVE",1,NA,NA,NA,NA,NA,NA,"PSME-ABCO/SYMO","White fir - Intermediate","Mediterranean California Dry-Mesic Mixed Conifer Forest and Woodland","Warm",1273804.375,"Ridge Top",NA,2011,6,589,834,245,1209,6.61417322834646,0.516132140427898,0.238604439249023,175,284,190,"White fir - Intermediate,Warm,Ridge Top",-122.6953544,42.14503138,NA,NA,NA,NA,NA,NA,NA,NA,NA,NA,NA,NA,NA,NA,NA,1921
"AB","1344","A0B0390_new","Ashland","MPR134449_new","1_new",1,60,"Hardwood","A","stem",3,NA,"NO","ARME",13.8820914321088,3,"LIVE",1,NA,NA,NA,NA,NA,NA,"PSME-ABCO/SYMO","White fir - Intermediate","Mediterranean California Dry-Mesic Mixed Conifer Forest and Woodland","Warm",1273804.375,"Ridge Top",NA,2011,6,589,834,245,1209,7.08661417322835,0.576370920806797,0.273908157301175,175,284,190,"White fir - Intermediate,Warm,Ridge Top",-122.6952808,42.14512154,NA,NA,NA,NA,NA,NA,NA,NA,NA,NA,NA,NA,NA,NA,NA,1937
"AB","1474","A0B0547_new","Ashland","MPR147417_new","2_new",1,NA,"Hardwood","A","stem",3,NA,"NO","ARME",19.9961383073148,0,"BROKEN TOPPED SNAG",6,NA,NA,NA,NA,NA,NA,"PSME-ABCO/SYMO","White fir - Intermediate","Mediterranean California Dry-Mesic Mixed Conifer Forest and Woodland","Warm",1273804.375,"Ridge Top",NA,2011,6,589,834,245,1209,6.41732283464567,0.491774743404415,0.224613142942436,175,284,190,"White fir - Intermediate,Warm,Ridge Top",-122.6947469,42.14510439,"Pacific madrone","Ridgetop","Small",0.0497322111706197,0.143888888888889,-46.0852578110958,-23.0426289055479,-9.56355507776901,-27.8346365876187,-13.9173182938093,-5.77620898133034,1988,1997,1988,1997,1921
"AB","153","A0B0621_new","Ashland","MPR15357_new","2_new",1,NA,"Hardwood","A","stem",3,NA,"NO","ARME",30.0698555784353,4,"LIVE",1,NA,NA,NA,NA,NA,NA,"PSME-ABCO/SYMO","White fir - Intermediate","Mediterranean California Dry-Mesic Mixed Conifer Forest and Woodland","Warm",1273804.375,"Ridge Top",NA,2011,6,589,834,245,1209,3.34645669291339,0.173514724311901,0.0610798282870675,175,284,190,"White fir - Intermediate,Warm,Ridge Top",-122.6942772,42.14432546,NA,NA,NA,NA,NA,NA,NA,NA,NA,NA,NA,NA,NA,NA,NA,1921
"AB","1546","A0B0635_new","Ashland","MPR154657_new","2_new",1,NA,"Hardwood","A","stem",3,NA,"NO","ARME",24.2525103882305,0,"OLDER DEAD",4,NA,NA,NA,NA,NA,NA,"PSME-ABCO/SYMO","White fir - Intermediate","Mediterranean California Dry-Mesic Mixed Conifer Forest and Woodland","Warm",1273804.375,"Ridge Top",NA,2011,6,589,834,245,1209,6.45669291338583,0.496610857382383,0.227377586381864,175,284,190,"White fir - Intermediate,Warm,Ridge Top",-122.6940617,42.1451813,"Pacific madrone","Ridgetop","Small",0.0497322111706197,0.143888888888889,-7.60356803384786,-3.80178401692393,-1.57788293118239,-7.60356803384786,-3.80178401692393,-1.57788293118239,2007,2007,2007,2007,1914
"AB","1549","A0B0639_new","Ashland","MPR154939_new","2_new",1,NA,"Hardwood","A","stem",3,NA,"NO","ARME",10.1765753296837,3,"LIVE",1,NA,NA,NA,NA,NA,NA,"PSME-ABCO/SYMO","White fir - Intermediate","Mediterranean California Dry-Mesic Mixed Conifer Forest and Woodland","Warm",1273804.375,"Ridge Top",NA,2011,6,589,834,245,1209,7.59842519685039,0.644403288186643,0.314901387386156,175,284,190,"White fir - Intermediate,Warm,Ridge Top",-122.69409,42.14515824,NA,NA,NA,NA,NA,NA,NA,NA,NA,NA,NA,NA,NA,NA,NA,1918
"AB","1622","A0B0729_new","Ashland","MPR162251_new","1_new",1,90,"Hardwood","A","stem",3,NA,"NO","ARME",26.4283548907039,3,"LIVE",1,NA,NA,NA,NA,NA,NA,"PSME-ABCO/SYMO","White fir - Intermediate","Mediterranean California Dry-Mesic Mixed Conifer Forest and Woodland","Warm",1273804.375,"Ridge Top",NA,2011,6,589,834,245,1209,8.62204724409449,0.788817682073436,0.405460158404989,175,284,190,"White fir - Intermediate,Warm,Ridge Top",-122.6933257,42.14523044,NA,NA,NA,NA,NA,NA,NA,NA,NA,NA,NA,NA,NA,NA,NA,1921
"AB","410","A0B1039_new","Ashland","MPR41030_new","2_new",1,NA,"Hardwood","A","stem",3,NA,"NO","ARME",19.2676593439956,0,"BROKEN TOPPED SNAG",6,NA,NA,NA,NA,NA,NA,"PSME-ABCO/SYMO","White fir - Intermediate","Mediterranean California Dry-Mesic Mixed Conifer Forest and Woodland","Warm",1273804.375,"Ridge Top",NA,2011,6,589,834,245,1209,5.11811023622047,0.342432847395884,0.142871847481168,175,284,190,"White fir - Intermediate,Warm,Ridge Top",-122.6942213,42.14501687,"Pacific madrone","Ridgetop","Small",0.0497322111706197,0.143888888888889,-46.0852578110958,-23.0426289055479,-9.56355507776901,-27.8346365876187,-13.9173182938093,-5.77620898133034,1988,1997,1988,1997,1925
"AB","436","A0B1068_new","Ashland","MPR43630_new","1_new",1,70,"Hardwood","A","stem",3,NA,"NO","ARME",13.8169944368989,3,"LIVE",1,NA,NA,NA,NA,NA,NA,"PSME-ABCO/SYMO","White fir - Intermediate","Mediterranean California Dry-Mesic Mixed Conifer Forest and Woodland","Warm",1273804.375,"Ridge Top",NA,2011,6,589,834,245,1209,9.13385826771654,0.865061191820305,0.45502569933884,175,284,190,"White fir - Intermediate,Warm,Ridge Top",-122.6941063,42.1449353,NA,NA,NA,NA,NA,NA,NA,NA,NA,NA,NA,NA,NA,NA,NA,1918
"AB","471","A0B1108_new","Ashland","MPR47161_new","2_new",1,NA,"Hardwood","A","stem",3,NA,"NO","ARME",26.5779053864556,4,"LIVE",1,NA,NA,NA,NA,NA,NA,"PSME-ABCO/SYMO","White fir - Intermediate","Mediterranean California Dry-Mesic Mixed Conifer Forest and Woodland","Warm",1273804.375,"Ridge Top",NA,2011,6,589,834,245,1209,7.04724409448819,0.571256168898805,0.270873187286634,175,284,190,"White fir - Intermediate,Warm,Ridge Top",-122.6939693,42.1449071,NA,NA,NA,NA,NA,NA,NA,NA,NA,NA,NA,NA,NA,NA,NA,1918
"AB","561","A0B1206_new","Ashland","MPR56120_new","1_new",1,40,"Hardwood","A","stem",3,NA,"NO","ARME",14.3359399309278,4,"LIVE",1,NA,NA,NA,NA,NA,NA,"PSME-ABCO/SYMO","White fir - Intermediate","Mediterranean California Dry-Mesic Mixed Conifer Forest and Woodland","Warm",1273804.375,"Ridge Top",NA,2011,6,589,834,245,1209,5.43307086614173,0.376766769703107,0.16099712801369,175,284,190,"White fir - Intermediate,Warm,Ridge Top",-122.6939124,42.14483465,NA,NA,NA,NA,NA,NA,NA,NA,NA,NA,NA,NA,NA,NA,NA,1939
"AB","663","A0B1321_new","Ashland","MPR66339_new","1_new",1,35,"Hardwood","A","stem",3,NA,"NO","ARME",11.8057326511014,3,"LIVE",1,NA,NA,NA,NA,NA,NA,"PSME-ABCO/SYMO","White fir - Intermediate","Mediterranean California Dry-Mesic Mixed Conifer Forest and Woodland","Warm",1273804.375,"Ridge Top",NA,2011,6,589,834,245,1209,5.03937007874016,0.334042715000915,0.138509606457483,175,284,190,"White fir - Intermediate,Warm,Ridge Top",-122.6933277,42.14492155,NA,NA,NA,NA,NA,NA,NA,NA,NA,NA,NA,NA,NA,NA,NA,1939
"AC","28","A0C0824_new","Ashland","AC02801_new","1_new",1,115,"Hardwood","A","stem",3,NA,"NO","ARME",13.2207702683844,3,"LIVE",1,NA,NA,NA,NA,NA,NA,"PSME-PIPO/RHDI6","Douglas-fir - Dry","Mediterranean California Dry-Mesic Mixed Conifer Forest and Woodland","Warm",1344412.5,"Ridge Top",NA,2011,6,584,812,227,1418,10.9448818897638,1.15541426963668,0.653355494718024,88,233,178,"Douglas-fir - Dry,Warm,Ridge Top",-122.7098423,42.12247834,NA,NA,NA,NA,NA,NA,NA,NA,NA,NA,NA,NA,NA,NA,NA,1939
"AC","669","A0C0574_new","Ashland","AC066902_new","2_new",1,NA,"Hardwood","A","stem",3,NA,"NO","ARME",50.2083104644024,3,"LIVE",1,NA,NA,NA,NA,NA,NA,"PSME-PIPO/RHDI6","Douglas-fir - Dry","Mediterranean California Dry-Mesic Mixed Conifer Forest and Woodland","Warm",1344412.5,"Ridge Top",NA,2011,6,584,812,227,1418,11.7716535433071,1.2981950676,0.75579207317538,88,233,178,"Douglas-fir - Dry,Warm,Ridge Top",-122.7096307,42.12326638,NA,NA,NA,NA,NA,NA,NA,NA,NA,NA,NA,NA,NA,NA,NA,1932
"AC","674","A0C0578_new","Ashland","AC067401_new","1_new",1,110,"Hardwood","A","stem",3,NA,"NO","ARME",23.2183767166634,3,"LIVE",1,NA,NA,NA,NA,NA,NA,"PSME-PIPO/RHDI6","Douglas-fir - Dry","Mediterranean California Dry-Mesic Mixed Conifer Forest and Woodland","Warm",1344412.5,"Ridge Top",NA,2011,6,584,812,227,1418,11.3385826771654,1.22262714492546,0.701204882691007,88,233,178,"Douglas-fir - Dry,Warm,Ridge Top",-122.709706,42.12338646,NA,NA,NA,NA,NA,NA,NA,NA,NA,NA,NA,NA,NA,NA,NA,1933
"AC","712","A0C0616_new","Ashland","AC071201_new","1_new",1,80,"Hardwood","A","stem",3,NA,"NO","ARME",15.8977098326901,3,"LIVE",1,NA,NA,NA,NA,NA,NA,"PSME-PIPO/RHDI6","Douglas-fir - Dry","Mediterranean California Dry-Mesic Mixed Conifer Forest and Woodland","Warm",1344412.5,"Ridge Top",NA,2011,6,584,812,227,1418,11.7322834645669,1.29125517757073,0.750745061758442,88,233,178,"Douglas-fir - Dry,Warm,Ridge Top",-122.7095333,42.12340975,NA,NA,NA,NA,NA,NA,NA,NA,NA,NA,NA,NA,NA,NA,NA,1932
"AC","797","A0C0701_new","Ashland","AC079702_new","2_new",1,NA,"Hardwood","A","stem",3,NA,"NO","ARME",10.8157659280724,3,"LIVE",1,NA,NA,NA,NA,NA,NA,"PSME-PIPO/RHDI6","Douglas-fir - Dry","Mediterranean California Dry-Mesic Mixed Conifer Forest and Woodland","Warm",1344412.5,"Ridge Top",NA,2011,6,584,812,227,1418,7.00787401574803,0.566158532771247,0.267855125183038,88,233,178,"Douglas-fir - Dry,Warm,Ridge Top",-122.7089231,42.12398264,NA,NA,NA,NA,NA,NA,NA,NA,NA,NA,NA,NA,NA,NA,NA,1950
"B01","3","B010010_new","Big Butte","BB01_003_02_new","2_new",1,NA,"Hardwood","B","density",0.1,NA,"NO","QUKE",26.6249449711734,4,"LIVE",1,NA,NA,NA,NA,NA,NA,"PSME/HODI/WHMO-SWO","Douglas-fir - Dry","Mediterranean California Dry-Mesic Mixed Conifer Forest and Woodland","Warm",1170325.875,"Mid Slope",NA,2012,3,564,780,216,671,4.60629921259843,0.289309991277284,0.115726196459746,202,254,160,"Douglas-fir - Dry,Warm,Mid Slope",-122.68636196,42.5600495,NA,NA,NA,NA,NA,NA,NA,NA,NA,NA,NA,NA,NA,NA,NA,1916
"B01","55","B010068_new","Big Butte","BB01_055_01_new","1_new",1,55,"Hardwood","B","density",0.1,NA,"NO","QUKE",21.6934008750424,4,"LIVE",1,NA,NA,NA,NA,NA,NA,"PSME/HODI/WHMO-SWO","Douglas-fir - Dry","Mediterranean California Dry-Mesic Mixed Conifer Forest and Woodland","Warm",1170325.875,"Mid Slope",NA,2012,3,564,780,216,671,5.31496062992126,0.363747555160172,0.154073338481911,202,254,160,"Douglas-fir - Dry,Warm,Mid Slope",-122.68636196,42.5600495,NA,NA,NA,NA,NA,NA,NA,NA,NA,NA,NA,NA,NA,NA,NA,1922
"B03","36","B030044_new","Big Butte","BB03_036_02_new","2_new",1,NA,"Hardwood","B","density",0.1,NA,"NO","ARME",26.9222027586248,4,"LIVE",1,NA,NA,NA,NA,NA,NA,"PSME-PIPO/RHDI6","Douglas-fir - Dry","Mediterranean California Dry-Mesic Mixed Conifer Forest and Woodland","Warm",1187062.75,"Mid Slope",NA,2012,6,566,781,214,693,7.16535433070866,0.586651619863571,0.28002882106309,328,336,207,"Douglas-fir - Dry,Warm,Mid Slope",-122.68467677,42.55834966,NA,NA,NA,NA,NA,NA,NA,NA,NA,NA,NA,NA,NA,NA,NA,1926
"B03","49","B030059_new","Big Butte","BB03_049_03_new","3_new",1,NA,"Hardwood","B","density",0.1,NA,"NO","QUKE",40.5877152281199,0,"BROKEN TOPPED SNAG",6,NA,NA,NA,NA,NA,NA,"PSME-PIPO/RHDI6","Douglas-fir - Dry","Mediterranean California Dry-Mesic Mixed Conifer Forest and Woodland","Warm",1187062.75,"Mid Slope",NA,2012,3,566,781,214,693,5.90551181102362,0.430538573855914,0.190213998125816,328,336,207,"Douglas-fir - Dry,Warm,Mid Slope",-122.68467677,42.55834966,"Misc hardwoods","Other","Small",0.0716364450414148,0.133833333333333,-37.5594948281219,-18.779747414061,-7.7942994038202,-28.5595414128617,-14.2797707064309,-5.92664032427235,1993,1998,1993,1998,1915
"B03","55","B030069_new","Big Butte","BB03_055_02_new","2_new",1,NA,"Hardwood","B","density",0.1,NA,"NO","ARME",25.4293375543141,0,"OLDER DEAD",4,NA,NA,NA,NA,NA,NA,"PSME-PIPO/RHDI6","Douglas-fir - Dry","Mediterranean California Dry-Mesic Mixed Conifer Forest and Woodland","Warm",1187062.75,"Mid Slope",NA,2012,6,566,781,214,693,2.75590551181102,0.127181199719041,0.0414243818140665,328,336,207,"Douglas-fir - Dry,Warm,Mid Slope",-122.68467677,42.55834966,"Pacific madrone","Other","Small",0.0497322111706197,0.0850555555555556,-7.60356803384786,-3.80178401692393,-1.57788293118239,-7.60356803384786,-3.80178401692393,-1.57788293118239,2008,2008,2008,2008,1918
"B03","83","B030097_new","Big Butte","BB03_083_02_new","2_new",1,NA,"Hardwood","B","density",0.1,NA,"NO","QUKE",18.101338880943,4,"LIVE",1,NA,NA,NA,NA,NA,NA,"PSME-PIPO/RHDI6","Douglas-fir - Dry","Mediterranean California Dry-Mesic Mixed Conifer Forest and Woodland","Warm",1187062.75,"Mid Slope",NA,2012,3,566,781,214,693,3.1496062992126,0.15747442548858,0.0541053150224543,328,336,207,"Douglas-fir - Dry,Warm,Mid Slope",-122.68467677,42.55834966,NA,NA,NA,NA,NA,NA,NA,NA,NA,NA,NA,NA,NA,NA,NA,1928
"B08","10","B080006_new","Big Butte","BB08_010_01_new","1_new",1,35,"Hardwood","B","density",0.1,"B0806","YES","QUKE",10.5045398522877,3,"LIVE",1,1907,2012,1906,0.2,102,NA,"PSME/DRY SHRUB","Douglas-fir - Dry","Mediterranean California Dry-Mesic Mixed Conifer Forest and Woodland","Warm",1154701.75,"Mid Slope",106,2012,3,573,782,209,747,5.11811023622047,0.342432847395884,0.142871847481168,146,272,216,"Douglas-fir - Dry,Warm,Mid Slope",-122.68342427,42.55516765,NA,NA,NA,NA,NA,NA,NA,NA,NA,NA,NA,NA,NA,NA,NA,1912
"C10","48","C100053_new","Trail Creek","TL11_048_02_new","2_new",1,NA,"Hardwood","C","density",0.1,NA,"NO","ARME",34.9257324450416,0,"OLDER DEAD",4,NA,NA,NA,NA,NA,NA,"PSME/DRY SHRUB","Douglas-fir - Dry","Mediterranean California Dry-Mesic Mixed Conifer Forest and Woodland","Cool",1086468.625,"Bottom Slope",NA,2012,6,536,731,194,649,2.95275590551181,0.14202476352394,0.0475534995314539,202,268,174,"Douglas-fir - Dry,Cool,Bottom Slope",-122.85432378,42.69575777,"Pacific madrone","Other","Small",0.0497322111706197,0.0850555555555556,-7.60356803384786,-3.80178401692393,-1.57788293118239,-7.60356803384786,-3.80178401692393,-1.57788293118239,2008,2008,2008,2008,1915
"C11","34","C110042_new","Trail Creek","TL10_034_01_new","1_new",1,38,"Hardwood","C","density",0.1,NA,"NO","QUKE",12.2470125815685,0,"CUT STUMP",2,NA,NA,NA,NA,NA,2004,"PSME/DRY SHRUB","Douglas-fir - Dry","Mediterranean California Dry-Mesic Mixed Conifer Forest and Woodland","Warm",1163660.25,"Mid Slope",NA,2012,3,555,765,210,624,6.29212322834646,0.476513875397793,0.215934397007251,219,296,191,"Douglas-fir - Dry,Warm,Mid Slope",-122.84961148,42.69487001,"Misc hardwoods","Other","Small",0.0716364450414148,0.133833333333333,NA,NA,NA,NA,NA,NA,NA,NA,2004,2004,1923
"C11","35","C110044_new","Trail Creek","TL10_035_01_new","1_new",1,45,"Hardwood","C","density",0.1,NA,"NO","QUKE",17.323281812747,0,"CUT STUMP",2,NA,NA,NA,NA,NA,2004,"PSME/DRY SHRUB","Douglas-fir - Dry","Mediterranean California Dry-Mesic Mixed Conifer Forest and Woodland","Warm",1163660.25,"Mid Slope",NA,2012,3,555,765,210,624,6.29212322834646,0.476513875397793,0.215934397007251,219,296,191,"Douglas-fir - Dry,Warm,Mid Slope",-122.84961148,42.69487001,"Misc hardwoods","Other","Small",0.0716364450414148,0.133833333333333,NA,NA,NA,NA,NA,NA,NA,NA,2004,2004,1923
"E03","34","E030046_new","Elder Creek","ED03_034_01_new","1_new",1,51,"Hardwood","E","density",0.1,NA,"NO","QUCH",22.6925394618648,3,"LIVE",1,NA,NA,NA,NA,NA,NA,"PSME-CADE27-PIJE","Jeffrey pine","Mediterranean California Dry-Mesic Mixed Conifer Forest and Woodland","Warm",1382142.5,"Mid Slope",NA,2014,3,607,823,216,895,5.31496062992126,0.363747555160172,0.154073338481911,129,484,404,"Jeffrey pine,Warm,Mid Slope",-123.56438933,42.0536577,NA,NA,NA,NA,NA,NA,NA,NA,NA,NA,NA,NA,NA,NA,NA,1926
"E03","56","E030013_new","Elder Creek","ED03_056_01_new","1_new",1,45,"Hardwood","E","density",0.1,"E0313","YES","QUCH",19.6870618777063,4,"LIVE",1,NA,NA,NA,NA,NA,NA,"PSME-CADE27-PIJE","Jeffrey pine","Mediterranean California Dry-Mesic Mixed Conifer Forest and Woodland","Warm",1382142.5,"Mid Slope",NA,2014,3,607,823,216,895,5.31496062992126,0.363747555160172,0.154073338481911,129,484,404,"Jeffrey pine,Warm,Mid Slope",-123.56438933,42.0536577,NA,NA,NA,NA,NA,NA,NA,NA,NA,NA,NA,NA,NA,NA,NA,1926
"E03","9","E030021_new","Elder Creek","ED03_009_01_new","1_new",1,50,"Hardwood","E","density",0.1,NA,"NO","QUCH",22.6532608685757,4,"LIVE",1,NA,NA,NA,NA,NA,NA,"PSME-CADE27-PIJE","Jeffrey pine","Mediterranean California Dry-Mesic Mixed Conifer Forest and Woodland","Warm",1382142.5,"Mid Slope",NA,2014,3,607,823,216,895,5.03937007874016,0.334042715000915,0.138509606457483,129,484,404,"Jeffrey pine,Warm,Mid Slope",-123.56438933,42.0536577,NA,NA,NA,NA,NA,NA,NA,NA,NA,NA,NA,NA,NA,NA,NA,1927
"E04","12","E040015_new","Elder Creek","ED04_012_02_new","2_new",1,NA,"Hardwood","E","density",0.1,NA,"NO","QUKE",19.0269064008457,0,"DOWN DEAD",8,NA,NA,NA,NA,NA,NA,"PSME-CADE27-PIJE","Jeffrey pine","Mediterranean California Dry-Mesic Mixed Conifer Forest and Woodland","Warm",1352875,"Ridge Top",NA,2014,3,629,859,231,995,4.96062992125984,0.325730874759323,0.134214997077576,158,508,449,"Jeffrey pine,Warm,Ridge Top",-123.56500208,42.05665793,"Misc hardwoods","Ridgetop","Small",0.0716364450414148,0.226333333333333,-77.6334105981085,-38.8167052990543,-16.1103882975633,-37.9063522548189,-18.9531761274095,-7.86627882331151,1975,1995,1975,1995,1926
"E06","33","E060048_new","Elder Creek","ED06_033_02_new","2_new",1,NA,"Hardwood","E","density",0.1,NA,"NO","QUGA",14.5970297581333,3,"LIVE",1,NA,NA,NA,NA,NA,NA,"PSME-CADE27-PIJE","Jeffrey pine","Mediterranean California Dry-Mesic Mixed Conifer Forest and Woodland","Warm",1394763.125,"Mid Slope",NA,2014,3,624,851,227,996,5.31496062992126,0.363747555160172,0.154073338481911,271,360,237,"Jeffrey pine,Warm,Mid Slope",-123.56601234,42.05887349,NA,NA,NA,NA,NA,NA,NA,NA,NA,NA,NA,NA,NA,NA,NA,1957
"G01","50","G010080_new","Grayback Creek","GB01_050_01_new","1_new",1,72,"Hardwood","G","density",0.1,NA,"NO","LIDE",22.1716450346903,3,"LIVE",1,NA,NA,NA,NA,NA,NA,"LIDE3-PSME-QUCH2/RHDI6","Tan oak - Douglas-fir - Dry","Mediterranean California Mixed-Evergreen Forest -- Interior","Warm",1374851.125,"Mid Slope",NA,2014,3,568,776,208,784,8.50393700787402,0.771599709118868,0.394427746513692,158,338,274,"Tan oak - Douglas-fir - Dry,Warm,Mid Slope",-123.45100927,42.14707493,NA,NA,NA,NA,NA,NA,NA,NA,NA,NA,NA,NA,NA,NA,NA,1922
"G01","52","G010087_new","Grayback Creek","GB01_052_02_new","2_new",1,NA,"Hardwood","G","density",0.1,NA,"NO","ARME",19.8369425085818,0,"CLEAN SNAG",5,NA,NA,NA,NA,NA,NA,"LIDE3-PSME-QUCH2/RHDI6","Tan oak - Douglas-fir - Dry","Mediterranean California Mixed-Evergreen Forest -- Interior","Warm",1374851.125,"Mid Slope",NA,2014,6,568,776,208,784,2.95275590551181,0.14202476352394,0.0475534995314539,158,338,274,"Tan oak - Douglas-fir - Dry,Warm,Mid Slope",-123.45100927,42.14707493,"Pacific madrone","Other","Small",0.0497322111706197,0.0850555555555556,-17.5225369431286,-8.76126847156432,-3.63625495694863,-17.5225369431286,-8.76126847156432,-3.63625495694863,2005,2005,2005,2005,1935
"G01","53","G010088_002_new","Grayback Creek","GB01_053_01_002_new","1_new",1,61,"Hardwood","G","density",0.1,NA,"NO","CHCH",21.7891750062141,0,"OLDER DEAD",4,NA,NA,NA,NA,NA,NA,"LIDE3-PSME-QUCH2/RHDI6","Tan oak - Douglas-fir - Dry","Mediterranean California Mixed-Evergreen Forest -- Interior","Warm",1374851.125,"Mid Slope",NA,2014,7,568,776,208,784,5.77206988188976,0.415078777207308,0.18171490446458,158,338,274,"Tan oak - Douglas-fir - Dry,Warm,Mid Slope",-123.45100927,42.14707493,"Western redcedar","Other","Small",0.0363667850030306,0.0452777777777778,-7.60356803384786,-3.80178401692393,-1.57788293118239,-7.60356803384786,-3.80178401692393,-1.57788293118239,2010,2010,2010,2010,1940
"G01","57","G010097_new","Grayback Creek","GB01_057_06_new","6_new",1,NA,"Hardwood","G","density",0.1,NA,"NO","LIDE",33.0397247500615,0,"CLEAN SNAG",5,NA,NA,NA,NA,NA,NA,"LIDE3-PSME-QUCH2/RHDI6","Tan oak - Douglas-fir - Dry","Mediterranean California Mixed-Evergreen Forest -- Interior","Warm",1374851.125,"Mid Slope",NA,2014,3,568,776,208,784,2.95275590551181,0.14202476352394,0.0475534995314539,158,338,274,"Tan oak - Douglas-fir - Dry,Warm,Mid Slope",-123.45100927,42.14707493,"Misc hardwoods","Other","Small",0.0716364450414148,0.133833333333333,-17.5225369431286,-8.76126847156432,-3.63625495694863,-17.5225369431286,-8.76126847156432,-3.63625495694863,2005,2005,2005,2005,1922
"G01","6","G010011_new","Grayback Creek","GB01_006_01_new","1_new",1,93,"Hardwood","G","density",0.1,NA,"NO","ARME",31.2425696548816,2,"LIVE",1,NA,NA,NA,NA,NA,NA,"LIDE3-PSME-QUCH2/RHDI6","Tan oak - Douglas-fir - Dry","Mediterranean California Mixed-Evergreen Forest -- Interior","Warm",1374851.125,"Mid Slope",NA,2014,6,568,776,208,784,9.17322834645669,0.871034841223869,0.458956788633441,158,338,274,"Tan oak - Douglas-fir - Dry,Warm,Mid Slope",-123.45100927,42.14707493,NA,NA,NA,NA,NA,NA,NA,NA,NA,NA,NA,NA,NA,NA,NA,1927
"G01","67","G010108_new","Grayback Creek","GB01_067_02_new","2_new",1,NA,"Hardwood","G","density",0.1,NA,"NO","ARME",41.1016088700338,0,"BROKEN BUTT SNAG",7,NA,NA,NA,NA,NA,NA,"LIDE3-PSME-QUCH2/RHDI6","Tan oak - Douglas-fir - Dry","Mediterranean California Mixed-Evergreen Forest -- Interior","Warm",1374851.125,"Mid Slope",NA,2014,6,568,776,208,784,4.68503937007874,0.297263229453207,0.119716463442652,158,338,274,"Tan oak - Douglas-fir - Dry,Warm,Mid Slope",-123.45100927,42.14707493,"Pacific madrone","Other","Small",0.0497322111706197,0.0850555555555556,-74.647978679063,-37.3239893395315,-15.4908551985894,-51.4873579583693,-25.7436789791847,-10.6845921457581,1977,1988,1977,1988,1918
"G01","70","G010112_new","Grayback Creek","GB01_070_01_new","1_new",1,104,"Hardwood","G","density",0.1,NA,"NO","ARME",39.7936278957018,2,"LIVE",1,NA,NA,NA,NA,NA,NA,"LIDE3-PSME-QUCH2/RHDI6","Tan oak - Douglas-fir - Dry","Mediterranean California Mixed-Evergreen Forest -- Interior","Warm",1374851.125,"Mid Slope",NA,2014,6,568,776,208,784,9.64566929133858,0.94391261086494,0.507448677222315,158,338,274,"Tan oak - Douglas-fir - Dry,Warm,Mid Slope",-123.45100927,42.14707493,NA,NA,NA,NA,NA,NA,NA,NA,NA,NA,NA,NA,NA,NA,NA,1918
"G01","71","G010114_new","Grayback Creek","GB01_071_01_new","1_new",1,70,"Hardwood","G","density",0.1,NA,"NO","ARME",21.2045516315819,2,"LIVE",1,NA,NA,NA,NA,NA,NA,"LIDE3-PSME-QUCH2/RHDI6","Tan oak - Douglas-fir - Dry","Mediterranean California Mixed-Evergreen Forest -- Interior","Warm",1374851.125,"Mid Slope",NA,2014,6,568,776,208,784,7.32283464566929,0.607416750550542,0.292473043518254,158,338,274,"Tan oak - Douglas-fir - Dry,Warm,Mid Slope",-123.45100927,42.14707493,NA,NA,NA,NA,NA,NA,NA,NA,NA,NA,NA,NA,NA,NA,NA,1944
"G01","72","G010116_new","Grayback Creek","GB01_072_01_new","1_new",1,67,"Hardwood","G","density",0.1,NA,"NO","ARME",26.2780905259581,2,"LIVE",1,NA,NA,NA,NA,NA,NA,"LIDE3-PSME-QUCH2/RHDI6","Tan oak - Douglas-fir - Dry","Mediterranean California Mixed-Evergreen Forest -- Interior","Warm",1374851.125,"Mid Slope",NA,2014,6,568,776,208,784,7.71653543307087,0.660504479895363,0.324767153422282,158,338,274,"Tan oak - Douglas-fir - Dry,Warm,Mid Slope",-123.45100927,42.14707493,NA,NA,NA,NA,NA,NA,NA,NA,NA,NA,NA,NA,NA,NA,NA,1944
"G01","74","G010120_new","Grayback Creek","GB01_074_02_new","2_new",1,NA,"Hardwood","G","density",0.1,NA,"NO","ARME",42.6267099835551,0,"BROKEN TOPPED SNAG",6,NA,NA,NA,NA,NA,NA,"LIDE3-PSME-QUCH2/RHDI6","Tan oak - Douglas-fir - Dry","Mediterranean California Mixed-Evergreen Forest -- Interior","Warm",1374851.125,"Mid Slope",NA,2014,6,568,776,208,784,5.5511811023622,0.389956921900511,0.168073088743971,158,338,274,"Tan oak - Douglas-fir - Dry,Warm,Mid Slope",-123.45100927,42.14707493,"Pacific madrone","Other","Small",0.0497322111706197,0.0850555555555556,-46.0852578110958,-23.0426289055479,-9.56355507776901,-34.504947450749,-17.2524737253745,-7.16042355135339,1991,1997,1991,1997,1927
"G01","77","G010123_new","Grayback Creek","GB01_077_01_new","1_new",1,116,"Hardwood","G","density",0.1,NA,"NO","ARME",38.8807496093701,2,"LIVE",1,NA,NA,NA,NA,NA,NA,"LIDE3-PSME-QUCH2/RHDI6","Tan oak - Douglas-fir - Dry","Mediterranean California Mixed-Evergreen Forest -- Interior","Warm",1374851.125,"Mid Slope",NA,2014,6,568,776,208,784,12.7952755905512,1.48347226437119,0.892949046757302,158,338,274,"Tan oak - Douglas-fir - Dry,Warm,Mid Slope",-123.45100927,42.14707493,NA,NA,NA,NA,NA,NA,NA,NA,NA,NA,NA,NA,NA,NA,NA,1917
"G01","81","G010134_new","Grayback Creek","GB01_081_01_new","1_new",1,174,"Hardwood","G","density",0.1,NA,"NO","ARME",73.1974590154567,0,"BROKEN TOPPED SNAG",6,NA,NA,NA,NA,NA,NA,"LIDE3-PSME-QUCH2/RHDI6","Tan oak - Douglas-fir - Dry","Mediterranean California Mixed-Evergreen Forest -- Interior","Warm",1374851.125,"Mid Slope",NA,2014,6,568,776,208,784,6.2992125984252,0.477373191029495,0.216421260089817,158,338,274,"Tan oak - Douglas-fir - Dry,Warm,Mid Slope",-123.45100927,42.14707493,"Pacific madrone","Other","Small",0.0497322111706197,0.0850555555555556,-46.0852578110958,-23.0426289055479,-9.56355507776901,-34.504947450749,-17.2524737253745,-7.16042355135339,1991,1997,1991,1997,1927
"G01","9","G010017_new","Grayback Creek","GB01_009_02_new","2_new",1,NA,"Hardwood","G","density",0.1,NA,"NO","LIDE",51.9777185927814,3,"LIVE",1,NA,NA,NA,NA,NA,NA,"LIDE3-PSME-QUCH2/RHDI6","Tan oak - Douglas-fir - Dry","Mediterranean California Mixed-Evergreen Forest -- Interior","Warm",1374851.125,"Mid Slope",NA,2014,3,568,776,208,784,4.80314960629921,0.309344060954229,0.125828673249095,158,338,274,"Tan oak - Douglas-fir - Dry,Warm,Mid Slope",-123.45100927,42.14707493,NA,NA,NA,NA,NA,NA,NA,NA,NA,NA,NA,NA,NA,NA,NA,1928
"G01","92","G010158_new","Grayback Creek","GB01_092_04_new","4_new",1,NA,"Hardwood","G","density",0.1,NA,"NO","LIDE",18.9565957768512,0,"OLDER DEAD",4,NA,NA,NA,NA,NA,NA,"LIDE3-PSME-QUCH2/RHDI6","Tan oak - Douglas-fir - Dry","Mediterranean California Mixed-Evergreen Forest -- Interior","Warm",1374851.125,"Mid Slope",NA,2014,3,568,776,208,784,0.984251968503937,0.024488944517889,0.00528372217016155,158,338,274,"Tan oak - Douglas-fir - Dry,Warm,Mid Slope",-123.45100927,42.14707493,"Misc hardwoods","Other","Small",0.0716364450414148,0.133833333333333,-7.60356803384786,-3.80178401692393,-1.57788293118239,-7.60356803384786,-3.80178401692393,-1.57788293118239,2010,2010,2010,2010,1929
"G02","2","G020010_new","Grayback Creek","GB02_002_01_new","1_new",1,32,"Hardwood","G","density",0.1,NA,"NO","LIDE",12.5206412852484,3,"LIVE",1,NA,NA,NA,NA,NA,NA,"LIDE3-PSME-QUCH2/RHDI6","Tan oak - Douglas-fir - Dry","Mediterranean California Mixed-Evergreen Forest -- Interior","Warm",1365469.25,"Mid Slope",NA,2014,3,568,783,215,738,5.11811023622047,0.342432847395884,0.142871847481168,57,317,297,"Tan oak - Douglas-fir - Dry,Warm,Mid Slope",-123.45257044,42.14538389,NA,NA,NA,NA,NA,NA,NA,NA,NA,NA,NA,NA,NA,NA,NA,1917
"G02","50","G020069_new","Grayback Creek","GB02_050_01_new","1_new",1,70,"Hardwood","G","density",0.1,NA,"NO","LIDE",25.2676419413054,3,"LIVE",1,NA,NA,NA,NA,NA,NA,"LIDE3-PSME-QUCH2/RHDI6","Tan oak - Douglas-fir - Dry","Mediterranean California Mixed-Evergreen Forest -- Interior","Warm",1365469.25,"Mid Slope",NA,2014,3,568,783,215,738,8.85826771653543,0.823679168340479,0.427981495783085,57,317,297,"Tan oak - Douglas-fir - Dry,Warm,Mid Slope",-123.45257044,42.14538389,NA,NA,NA,NA,NA,NA,NA,NA,NA,NA,NA,NA,NA,NA,NA,1916
"G03","10","G030015_new","Grayback Creek","GB03_010_01_new","1_new",1,86,"Hardwood","G","density",0.1,NA,"NO","LIDE",19.3886595509547,3,"LIVE",1,NA,NA,NA,NA,NA,NA,"LIDE3-PSME-QUCH2/RHDI6","Tan oak - Douglas-fir - Dry","Mediterranean California Mixed-Evergreen Forest -- Interior","Warm",1368490.75,"Ridge Top",NA,2014,3,568,803,235,675,9.52755905511811,0.92548767389328,0.495097448277345,158,336,285,"Tan oak - Douglas-fir - Dry,Warm,Ridge Top",-123.45766626,42.14301422,NA,NA,NA,NA,NA,NA,NA,NA,NA,NA,NA,NA,NA,NA,NA,1915
"G04","13","G040035_new","Grayback Creek","GB04_013_03_new","3_new",1,NA,"Hardwood","G","density",0.1,NA,"NO","ARME",28.9650500771343,0,"BROKEN BUTT SNAG",7,NA,NA,NA,NA,NA,NA,"LIDE3-PSME-QUCH2/RHDI6","Tan oak - Douglas-fir - Dry","Mediterranean California Mixed-Evergreen Forest -- Interior","Warm",1377836.875,"Mid Slope",NA,2014,6,567,776,210,768,3.93700787401575,0.225043282266502,0.0845395547225848,158,488,397,"Tan oak - Douglas-fir - Dry,Warm,Mid Slope",-123.45195001,42.14631724,"Pacific madrone","Other","Small",0.0497322111706197,0.0850555555555556,-74.647978679063,-37.3239893395315,-15.4908551985894,-51.4873579583693,-25.7436789791847,-10.6845921457581,1977,1988,1977,1988,1924
"G04","17","G040047_003_new","Grayback Creek","GB04_017_06_003_new","6_new",1,NA,"Hardwood","G","density",0.1,NA,"NO","ARME",57.9376202292372,0,"OLDER DEAD",4,NA,NA,NA,NA,NA,NA,"LIDE3-PSME-QUCH2/RHDI6","Tan oak - Douglas-fir - Dry","Mediterranean California Mixed-Evergreen Forest -- Interior","Warm",1377836.875,"Mid Slope",NA,2014,6,567,776,210,768,2.95275590551181,0.14202476352394,0.0475534995314539,158,488,397,"Tan oak - Douglas-fir - Dry,Warm,Mid Slope",-123.45195001,42.14631724,"Pacific madrone","Other","Small",0.0497322111706197,0.0850555555555556,-7.60356803384786,-3.80178401692393,-1.57788293118239,-7.60356803384786,-3.80178401692393,-1.57788293118239,2010,2010,2010,2010,1934
"G04","18","G040048_new","Grayback Creek","GB04_018_01_new","1_new",1,50,"Hardwood","G","density",0.1,NA,"NO","ARME",21.0952255990044,0,"OLDER DEAD",4,NA,NA,NA,NA,NA,NA,"LIDE3-PSME-QUCH2/RHDI6","Tan oak - Douglas-fir - Dry","Mediterranean California Mixed-Evergreen Forest -- Interior","Warm",1377836.875,"Mid Slope",NA,2014,6,567,776,210,768,5.90551181102362,0.430538573855914,0.190213998125816,158,488,397,"Tan oak - Douglas-fir - Dry,Warm,Mid Slope",-123.45195001,42.14631724,"Pacific madrone","Other","Small",0.0497322111706197,0.0850555555555556,-7.60356803384786,-3.80178401692393,-1.57788293118239,-7.60356803384786,-3.80178401692393,-1.57788293118239,2010,2010,2010,2010,1934
"G04","19","G040051_new","Grayback Creek","GB04_019_02_new","2_new",1,NA,"Hardwood","G","density",0.1,NA,"NO","ARME",12.1690380233149,0,"DOWN DEAD",8,NA,NA,NA,NA,NA,NA,"LIDE3-PSME-QUCH2/RHDI6","Tan oak - Douglas-fir - Dry","Mediterranean California Mixed-Evergreen Forest -- Interior","Warm",1377836.875,"Mid Slope",NA,2014,6,567,776,210,768,3.4367531496063,0.181066181539767,0.0644204965428123,158,488,397,"Tan oak - Douglas-fir - Dry,Warm,Mid Slope",-123.45195001,42.14631724,"Pacific madrone","Other","Small",0.0497322111706197,0.0850555555555556,-103.21069954703,-51.6053497735151,-21.4181553194097,-68.4697684659897,-34.2348842329948,-14.2087607401629,1962,1980,1962,1980,1916
"G04","20","G040053_new","Grayback Creek","GB04_020_02_new","2_new",1,NA,"Hardwood","G","density",0.1,NA,"NO","LIDE",11.9177029052906,0,"CLEAN SNAG",5,NA,NA,NA,NA,NA,NA,"LIDE3-PSME-QUCH2/RHDI6","Tan oak - Douglas-fir - Dry","Mediterranean California Mixed-Evergreen Forest -- Interior","Warm",1377836.875,"Mid Slope",NA,2014,3,567,776,210,768,2.95275590551181,0.14202476352394,0.0475534995314539,158,488,397,"Tan oak - Douglas-fir - Dry,Warm,Mid Slope",-123.45195001,42.14631724,"Misc hardwoods","Other","Small",0.0716364450414148,0.133833333333333,-17.5225369431286,-8.76126847156432,-3.63625495694863,-17.5225369431286,-8.76126847156432,-3.63625495694863,2005,2005,2005,2005,1938
"G04","22","G040056_new","Grayback Creek","GB04_022_01_new","1_new",1,92,"Hardwood","G","density",0.1,NA,"NO","ARME",17.4482446489389,2,"LIVE",1,NA,NA,NA,NA,NA,NA,"LIDE3-PSME-QUCH2/RHDI6","Tan oak - Douglas-fir - Dry","Mediterranean California Mixed-Evergreen Forest -- Interior","Warm",1377836.875,"Mid Slope",NA,2014,6,567,776,210,768,13.9763779527559,1.7085646566002,1.06540973839137,158,488,397,"Tan oak - Douglas-fir - Dry,Warm,Mid Slope",-123.45195001,42.14631724,NA,NA,NA,NA,NA,NA,NA,NA,NA,NA,NA,NA,NA,NA,NA,1917
"G04","35","G040079_new","Grayback Creek","GB04_035_01_new","1_new",1,73,"Hardwood","G","density",0.1,NA,"NO","ARME",27.249548681107,2,"LIVE",1,NA,NA,NA,NA,NA,NA,"LIDE3-PSME-QUCH2/RHDI6","Tan oak - Douglas-fir - Dry","Mediterranean California Mixed-Evergreen Forest -- Interior","Warm",1377836.875,"Mid Slope",NA,2014,6,567,776,210,768,8.30708661417323,0.743221016368925,0.37637855158042,158,488,397,"Tan oak - Douglas-fir - Dry,Warm,Mid Slope",-123.45195001,42.14631724,NA,NA,NA,NA,NA,NA,NA,NA,NA,NA,NA,NA,NA,NA,NA,1941
"G04","38","G040087_new","Grayback Creek","GB04_038_02_new","2_new",1,NA,"Hardwood","G","density",0.1,NA,"NO","ARME",56.6120148705891,0,"OLDER DEAD",4,NA,NA,NA,NA,NA,NA,"LIDE3-PSME-QUCH2/RHDI6","Tan oak - Douglas-fir - Dry","Mediterranean California Mixed-Evergreen Forest -- Interior","Warm",1377836.875,"Mid Slope",NA,2014,6,567,776,210,768,5.74803149606299,0.412316412659158,0.180204514846662,158,488,397,"Tan oak - Douglas-fir - Dry,Warm,Mid Slope",-123.45195001,42.14631724,"Pacific madrone","Other","Small",0.0497322111706197,0.0850555555555556,-7.60356803384786,-3.80178401692393,-1.57788293118239,-7.60356803384786,-3.80178401692393,-1.57788293118239,2010,2010,2010,2010,1930
"G04","40","G040090_new","Grayback Creek","GB04_040_01_new","1_new",1,108,"Hardwood","G","density",0.1,NA,"NO","LIDE",44.1292534848258,3,"LIVE",1,NA,NA,NA,NA,NA,NA,"LIDE3-PSME-QUCH2/RHDI6","Tan oak - Douglas-fir - Dry","Mediterranean California Mixed-Evergreen Forest -- Interior","Warm",1377836.875,"Mid Slope",NA,2014,3,567,776,210,768,6.65354330708661,0.521056455427938,0.241453422243174,158,488,397,"Tan oak - Douglas-fir - Dry,Warm,Mid Slope",-123.45195001,42.14631724,NA,NA,NA,NA,NA,NA,NA,NA,NA,NA,NA,NA,NA,NA,NA,1935
"G04","41","G040093_new","Grayback Creek","GB04_041_01_new","1_new",1,102,"Hardwood","G","density",0.1,NA,"NO","LIDE",24.4261045925414,3,"LIVE",1,NA,NA,NA,NA,NA,NA,"LIDE3-PSME-QUCH2/RHDI6","Tan oak - Douglas-fir - Dry","Mediterranean California Mixed-Evergreen Forest -- Interior","Warm",1377836.875,"Mid Slope",NA,2014,3,567,776,210,768,10.2755905511811,1.04445772207784,0.57589190072572,158,488,397,"Tan oak - Douglas-fir - Dry,Warm,Mid Slope",-123.45195001,42.14631724,NA,NA,NA,NA,NA,NA,NA,NA,NA,NA,NA,NA,NA,NA,NA,1934
"G04","47","G040101_new","Grayback Creek","GB04_047_01_new","1_new",1,62,"Hardwood","G","density",0.1,NA,"NO","ARME",23.646366598463,0,"RECENT DEAD",3,NA,NA,NA,NA,NA,NA,"LIDE3-PSME-QUCH2/RHDI6","Tan oak - Douglas-fir - Dry","Mediterranean California Mixed-Evergreen Forest -- Interior","Warm",1377836.875,"Mid Slope",NA,2014,6,567,776,210,768,7.67716535433071,0.655120865081644,0.321461656832629,158,488,397,"Tan oak - Douglas-fir - Dry,Warm,Mid Slope",-123.45195001,42.14631724,"Pacific madrone","Other","Small",0.0497322111706197,0.0850555555555556,NA,NA,NA,NA,NA,NA,NA,NA,2014,2014,1934
"G04","49","G040104_new","Grayback Creek","GB04_049_02_new","2_new",1,NA,"Hardwood","G","density",0.1,NA,"NO","ARME",25.9451886741639,0,"OLDER DEAD",4,NA,NA,NA,NA,NA,NA,"LIDE3-PSME-QUCH2/RHDI6","Tan oak - Douglas-fir - Dry","Mediterranean California Mixed-Evergreen Forest -- Interior","Warm",1377836.875,"Mid Slope",NA,2014,6,567,776,210,768,7.08661417322835,0.576370920806797,0.273908157301175,158,488,397,"Tan oak - Douglas-fir - Dry,Warm,Mid Slope",-123.45195001,42.14631724,"Pacific madrone","Other","Small",0.0497322111706197,0.0850555555555556,-7.60356803384786,-3.80178401692393,-1.57788293118239,-7.60356803384786,-3.80178401692393,-1.57788293118239,2010,2010,2010,2010,1925
"G04","5","G040014_new","Grayback Creek","GB04_005_01_new","1_new",1,51,"Hardwood","G","density",0.1,NA,"NO","ARME",17.8889646505493,0,"RECENT DEAD",3,NA,NA,NA,NA,NA,NA,"LIDE3-PSME-QUCH2/RHDI6","Tan oak - Douglas-fir - Dry","Mediterranean California Mixed-Evergreen Forest -- Interior","Warm",1377836.875,"Mid Slope",NA,2014,6,567,776,210,768,6.73228346456693,0.530957585899779,0.24720211196431,158,488,397,"Tan oak - Douglas-fir - Dry,Warm,Mid Slope",-123.45195001,42.14631724,"Pacific madrone","Other","Small",0.0497322111706197,0.0850555555555556,NA,NA,NA,NA,NA,NA,NA,NA,2014,2014,1935
"G04","70","G040133_new","Grayback Creek","GB04_070_01_new","1_new",1,90,"Hardwood","G","density",0.1,NA,"NO","LIDE",23.9674999061413,3,"LIVE",1,NA,NA,NA,NA,NA,NA,"LIDE3-PSME-QUCH2/RHDI6","Tan oak - Douglas-fir - Dry","Mediterranean California Mixed-Evergreen Forest -- Interior","Warm",1377836.875,"Mid Slope",NA,2014,3,567,776,210,768,10.3937007874016,1.06373227477399,0.589206880594527,158,488,397,"Tan oak - Douglas-fir - Dry,Warm,Mid Slope",-123.45195001,42.14631724,NA,NA,NA,NA,NA,NA,NA,NA,NA,NA,NA,NA,NA,NA,NA,1930
"G04","75","G040141_new","Grayback Creek","GB04_075_01_new","1_new",1,52,"Hardwood","G","density",0.1,NA,"NO","LIDE",18.3182141557207,3,"LIVE",1,NA,NA,NA,NA,NA,NA,"LIDE3-PSME-QUCH2/RHDI6","Tan oak - Douglas-fir - Dry","Mediterranean California Mixed-Evergreen Forest -- Interior","Warm",1377836.875,"Mid Slope",NA,2014,3,567,776,210,768,6.81102362204724,0.540928443472128,0.253018433329224,158,488,397,"Tan oak - Douglas-fir - Dry,Warm,Mid Slope",-123.45195001,42.14631724,NA,NA,NA,NA,NA,NA,NA,NA,NA,NA,NA,NA,NA,NA,NA,1934
"G04","92","G040162_new","Grayback Creek","GB04_092_02_new","2_new",1,NA,"Hardwood","G","density",0.1,NA,"NO","LIDE",26.5487362279952,0,"OLDER DEAD",4,NA,NA,NA,NA,NA,NA,"LIDE3-PSME-QUCH2/RHDI6","Tan oak - Douglas-fir - Dry","Mediterranean California Mixed-Evergreen Forest -- Interior","Warm",1377836.875,"Mid Slope",NA,2014,3,567,776,210,768,4.88188976377953,0.317497821445598,0.129988019341446,158,488,397,"Tan oak - Douglas-fir - Dry,Warm,Mid Slope",-123.45195001,42.14631724,"Misc hardwoods","Other","Small",0.0716364450414148,0.133833333333333,-7.60356803384786,-3.80178401692393,-1.57788293118239,-7.60356803384786,-3.80178401692393,-1.57788293118239,2010,2010,2010,2010,1941
"G04","95","G040169_new","Grayback Creek","GB04_095_03_new","3_new",1,NA,"Hardwood","G","density",0.1,NA,"NO","ARME",52.5925815784223,0,"OLDER DEAD",4,NA,NA,NA,NA,NA,NA,"LIDE3-PSME-QUCH2/RHDI6","Tan oak - Douglas-fir - Dry","Mediterranean California Mixed-Evergreen Forest -- Interior","Warm",1377836.875,"Mid Slope",NA,2014,6,567,776,210,768,5.90551181102362,0.430538573855914,0.190213998125816,158,488,397,"Tan oak - Douglas-fir - Dry,Warm,Mid Slope",-123.45195001,42.14631724,"Pacific madrone","Other","Small",0.0497322111706197,0.0850555555555556,-7.60356803384786,-3.80178401692393,-1.57788293118239,-7.60356803384786,-3.80178401692393,-1.57788293118239,2010,2010,2010,2010,1929
"G05","38","G050087_new","Grayback Creek","GB05_038_01_new","1_new",1,45,"Hardwood","G","density",0.1,NA,"NO","LIDE",20.7515705513254,4,"LIVE",1,NA,NA,NA,NA,NA,NA,"LIDE3-PSME-QUCH2/RHDI6","Tan oak - Douglas-fir - Dry","Mediterranean California Mixed-Evergreen Forest -- Interior","Warm",1351937.625,"Mid Slope",NA,2014,3,567,804,236,627,4.7244094488189,0.301270110735157,0.121736958800522,69,463,466,"Tan oak - Douglas-fir - Dry,Warm,Mid Slope",-123.45793745,42.14233661,NA,NA,NA,NA,NA,NA,NA,NA,NA,NA,NA,NA,NA,NA,NA,1943
"G05","50","G050098_new","Grayback Creek","GB05_050_01_new","1_new",1,26,"Hardwood","G","density",0.1,NA,"NO","LIDE",12.4040907714379,4,"LIVE",1,NA,NA,NA,NA,NA,NA,"LIDE3-PSME-QUCH2/RHDI6","Tan oak - Douglas-fir - Dry","Mediterranean California Mixed-Evergreen Forest -- Interior","Warm",1351937.625,"Mid Slope",NA,2014,3,567,804,236,627,3.93700787401575,0.225043282266502,0.0845395547225848,69,463,466,"Tan oak - Douglas-fir - Dry,Warm,Mid Slope",-123.45793745,42.14233661,NA,NA,NA,NA,NA,NA,NA,NA,NA,NA,NA,NA,NA,NA,NA,1944
"G05","52","G050100_001_new","Grayback Creek","GB05_052_01_001_new","1_new",1,42,"Hardwood","G","density",0.1,NA,"NO","QUCH",15.7030748591662,4,"LIVE",1,NA,NA,NA,NA,NA,NA,"LIDE3-PSME-QUCH2/RHDI6","Tan oak - Douglas-fir - Dry","Mediterranean California Mixed-Evergreen Forest -- Interior","Warm",1351937.625,"Mid Slope",NA,2014,3,567,804,236,627,4.37871161417323,0.26678054104155,0.104573122373905,69,463,466,"Tan oak - Douglas-fir - Dry,Warm,Mid Slope",-123.45793745,42.14233661,NA,NA,NA,NA,NA,NA,NA,NA,NA,NA,NA,NA,NA,NA,NA,1943
"G05","54","G050103_new","Grayback Creek","GB05_054_01_new","1_new",1,42,"Hardwood","G","density",0.1,NA,"NO","LIDE",19.6987865466535,4,"LIVE",1,NA,NA,NA,NA,NA,NA,"LIDE3-PSME-QUCH2/RHDI6","Tan oak - Douglas-fir - Dry","Mediterranean California Mixed-Evergreen Forest -- Interior","Warm",1351937.625,"Mid Slope",NA,2014,3,567,804,236,627,4.37007874015748,0.26593948259393,0.104161185373697,69,463,466,"Tan oak - Douglas-fir - Dry,Warm,Mid Slope",-123.45793745,42.14233661,NA,NA,NA,NA,NA,NA,NA,NA,NA,NA,NA,NA,NA,NA,NA,1924
"G06","15","G060036_006_new","Grayback Creek","GB06_015_02_006_new","2_new",1,NA,"Hardwood","G","density",0.1,NA,"NO","LIDE",18.0576410153188,3,"LIVE",1,NA,NA,NA,NA,NA,NA,"LIDE3-PSME-QUCH2/RHDI6","Tan oak - Douglas-fir - Dry","Mediterranean California Mixed-Evergreen Forest -- Interior","Warm",1365462,"Ridge Top",NA,2014,3,553,758,205,672,0.984251968503937,0.024488944517889,0.00528372217016155,69,493,484,"Tan oak - Douglas-fir - Dry,Warm,Ridge Top",-123.45627471,42.1428335,NA,NA,NA,NA,NA,NA,NA,NA,NA,NA,NA,NA,NA,NA,NA,1917
"G06","2","G060012_new","Grayback Creek","GB06_002_02_new","2_new",1,NA,"Hardwood","G","density",0.1,NA,"NO","LIDE",35.3787509587176,4,"LIVE",1,NA,NA,NA,NA,NA,NA,"LIDE3-PSME-QUCH2/RHDI6","Tan oak - Douglas-fir - Dry","Mediterranean California Mixed-Evergreen Forest -- Interior","Warm",1365462,"Ridge Top",NA,2014,3,553,758,205,672,2.95275590551181,0.14202476352394,0.0475534995314539,69,493,484,"Tan oak - Douglas-fir - Dry,Warm,Ridge Top",-123.45627471,42.1428335,NA,NA,NA,NA,NA,NA,NA,NA,NA,NA,NA,NA,NA,NA,NA,1917
"G06","20","G060046_new","Grayback Creek","GB06_020_02_new","2_new",1,NA,"Hardwood","G","density",0.1,NA,"NO","LIDE",31.1330740773826,0,"RECENT DEAD",3,NA,NA,NA,NA,NA,NA,"LIDE3-PSME-QUCH2/RHDI6","Tan oak - Douglas-fir - Dry","Mediterranean California Mixed-Evergreen Forest -- Interior","Warm",1365462,"Ridge Top",NA,2014,3,553,758,205,672,2.95275590551181,0.14202476352394,0.0475534995314539,69,493,484,"Tan oak - Douglas-fir - Dry,Warm,Ridge Top",-123.45627471,42.1428335,"Misc hardwoods","Ridgetop","Small",0.0716364450414148,0.226333333333333,NA,NA,NA,NA,NA,NA,NA,NA,2014,2014,1917
"G06","24","G060055_new","Grayback Creek","GB06_024_01_new","1_new",1,34,"Hardwood","G","density",0.1,NA,"NO","LIDE",15.1303052020478,0,"RECENT DEAD",3,NA,NA,NA,NA,NA,NA,"LIDE3-PSME-QUCH2/RHDI6","Tan oak - Douglas-fir - Dry","Mediterranean California Mixed-Evergreen Forest -- Interior","Warm",1365462,"Ridge Top",NA,2014,3,553,758,205,672,4.68503937007874,0.297263229453207,0.119716463442652,69,493,484,"Tan oak - Douglas-fir - Dry,Warm,Ridge Top",-123.45627471,42.1428335,"Misc hardwoods","Ridgetop","Small",0.0716364450414148,0.226333333333333,NA,NA,NA,NA,NA,NA,NA,NA,2014,2014,1917
"G06","31","G060065_new","Grayback Creek","GB06_031_01_new","1_new",1,40,"Hardwood","G","density",0.1,NA,"NO","LIDE",10.3042412550779,3,"LIVE",1,NA,NA,NA,NA,NA,NA,"LIDE3-PSME-QUCH2/RHDI6","Tan oak - Douglas-fir - Dry","Mediterranean California Mixed-Evergreen Forest -- Interior","Warm",1365462,"Ridge Top",NA,2014,3,553,758,205,672,6.81102362204724,0.540928443472128,0.253018433329224,69,493,484,"Tan oak - Douglas-fir - Dry,Warm,Ridge Top",-123.45627471,42.1428335,NA,NA,NA,NA,NA,NA,NA,NA,NA,NA,NA,NA,NA,NA,NA,1915
"G06","34","G060075_new","Grayback Creek","GB06_034_02_new","2_new",1,NA,"Hardwood","G","density",0.1,NA,"NO","LIDE",17.5678318348356,3,"LIVE",1,NA,NA,NA,NA,NA,NA,"LIDE3-PSME-QUCH2/RHDI6","Tan oak - Douglas-fir - Dry","Mediterranean California Mixed-Evergreen Forest -- Interior","Warm",1365462,"Ridge Top",NA,2014,3,553,758,205,672,7.79527559055118,0.671321193221177,0.331428870334421,69,493,484,"Tan oak - Douglas-fir - Dry,Warm,Ridge Top",-123.45627471,42.1428335,NA,NA,NA,NA,NA,NA,NA,NA,NA,NA,NA,NA,NA,NA,NA,1915
"G06","4","G060015_new","Grayback Creek","GB06_004_01_new","1_new",1,60,"Hardwood","G","density",0.1,NA,"NO","LIDE",22.5119266198398,3,"LIVE",1,NA,NA,NA,NA,NA,NA,"LIDE3-PSME-QUCH2/RHDI6","Tan oak - Douglas-fir - Dry","Mediterranean California Mixed-Evergreen Forest -- Interior","Warm",1365462,"Ridge Top",NA,2014,3,553,758,205,672,4.68503937007874,0.297263229453207,0.119716463442652,69,493,484,"Tan oak - Douglas-fir - Dry,Warm,Ridge Top",-123.45627471,42.1428335,NA,NA,NA,NA,NA,NA,NA,NA,NA,NA,NA,NA,NA,NA,NA,1917
"G06","40","G060089_new","Grayback Creek","GB06_040_02_new","2_new",1,NA,"Hardwood","G","density",0.1,NA,"NO","LIDE",18.065801422431,0,"RECENT DEAD",3,NA,NA,NA,NA,NA,NA,"LIDE3-PSME-QUCH2/RHDI6","Tan oak - Douglas-fir - Dry","Mediterranean California Mixed-Evergreen Forest -- Interior","Warm",1365462,"Ridge Top",NA,2014,3,553,758,205,672,0.984251968503937,0.024488944517889,0.00528372217016155,69,493,484,"Tan oak - Douglas-fir - Dry,Warm,Ridge Top",-123.45627471,42.1428335,"Misc hardwoods","Ridgetop","Small",0.0716364450414148,0.226333333333333,NA,NA,NA,NA,NA,NA,NA,NA,2014,2014,1917
"G06","44","G060101_001_new","Grayback Creek","GB06_044_05_001_new","5_new",1,NA,"Hardwood","G","density",0.1,NA,"NO","LIDE",25.0909320992688,0,"RECENT DEAD",3,NA,NA,NA,NA,NA,NA,"LIDE3-PSME-QUCH2/RHDI6","Tan oak - Douglas-fir - Dry","Mediterranean California Mixed-Evergreen Forest -- Interior","Warm",1365462,"Ridge Top",NA,2014,3,553,758,205,672,0.984251968503937,0.024488944517889,0.00528372217016155,69,493,484,"Tan oak - Douglas-fir - Dry,Warm,Ridge Top",-123.45627471,42.1428335,"Misc hardwoods","Ridgetop","Small",0.0716364450414148,0.226333333333333,NA,NA,NA,NA,NA,NA,NA,NA,2014,2014,1915
"G06","48","G060109_new","Grayback Creek","GB06_048_03_new","3_new",1,NA,"Hardwood","G","density",0.1,NA,"NO","LIDE",18.9205359387783,4,"LIVE",1,NA,NA,NA,NA,NA,NA,"LIDE3-PSME-QUCH2/RHDI6","Tan oak - Douglas-fir - Dry","Mediterranean California Mixed-Evergreen Forest -- Interior","Warm",1365462,"Ridge Top",NA,2014,3,553,758,205,672,0.984251968503937,0.024488944517889,0.00528372217016155,69,493,484,"Tan oak - Douglas-fir - Dry,Warm,Ridge Top",-123.45627471,42.1428335,NA,NA,NA,NA,NA,NA,NA,NA,NA,NA,NA,NA,NA,NA,NA,1917
"G06","56","G060126_new","Grayback Creek","GB06_056_01_new","1_new",1,55,"Hardwood","G","density",0.1,NA,"NO","LIDE",24.2287537288267,4,"LIVE",1,NA,NA,NA,NA,NA,NA,"LIDE3-PSME-QUCH2/RHDI6","Tan oak - Douglas-fir - Dry","Mediterranean California Mixed-Evergreen Forest -- Interior","Warm",1365462,"Ridge Top",NA,2014,3,553,758,205,672,5.47244094488189,0.38114456725137,0.163338873679506,69,493,484,"Tan oak - Douglas-fir - Dry,Warm,Ridge Top",-123.45627471,42.1428335,NA,NA,NA,NA,NA,NA,NA,NA,NA,NA,NA,NA,NA,NA,NA,1914
"G06","61","G060139_new","Grayback Creek","GB06_061_02_new","2_new",1,NA,"Hardwood","G","density",0.1,NA,"NO","LIDE",22.8568210030835,0,"OLDER DEAD",4,NA,NA,NA,NA,NA,NA,"LIDE3-PSME-QUCH2/RHDI6","Tan oak - Douglas-fir - Dry","Mediterranean California Mixed-Evergreen Forest -- Interior","Warm",1365462,"Ridge Top",NA,2014,3,553,758,205,672,2.95275590551181,0.14202476352394,0.0475534995314539,69,493,484,"Tan oak - Douglas-fir - Dry,Warm,Ridge Top",-123.45627471,42.1428335,"Misc hardwoods","Ridgetop","Small",0.0716364450414148,0.226333333333333,-7.60356803384786,-3.80178401692393,-1.57788293118239,-7.60356803384786,-3.80178401692393,-1.57788293118239,2010,2010,2010,2010,1912
"G06","64","G060143_new","Grayback Creek","GB06_064_01_new","1_new",1,92,"Hardwood","G","density",0.1,NA,"NO","LIDE",36.6718490215725,3,"LIVE",1,NA,NA,NA,NA,NA,NA,"LIDE3-PSME-QUCH2/RHDI6","Tan oak - Douglas-fir - Dry","Mediterranean California Mixed-Evergreen Forest -- Interior","Warm",1365462,"Ridge Top",NA,2014,3,553,758,205,672,8.85826771653543,0.823679168340479,0.427981495783085,69,493,484,"Tan oak - Douglas-fir - Dry,Warm,Ridge Top",-123.45627471,42.1428335,NA,NA,NA,NA,NA,NA,NA,NA,NA,NA,NA,NA,NA,NA,NA,1915
"G06","65","G060146_002_new","Grayback Creek","GB06_065_02_002_new","2_new",1,NA,"Hardwood","G","density",0.1,NA,"NO","LIDE",55.5712621086334,4,"LIVE",1,NA,NA,NA,NA,NA,NA,"LIDE3-PSME-QUCH2/RHDI6","Tan oak - Douglas-fir - Dry","Mediterranean California Mixed-Evergreen Forest -- Interior","Warm",1365462,"Ridge Top",NA,2014,3,553,758,205,672,2.95275590551181,0.14202476352394,0.0475534995314539,69,493,484,"Tan oak - Douglas-fir - Dry,Warm,Ridge Top",-123.45627471,42.1428335,NA,NA,NA,NA,NA,NA,NA,NA,NA,NA,NA,NA,NA,NA,NA,1917
"G06","69","G060162_new","Grayback Creek","GB06_069_03_new","3_new",1,NA,"Hardwood","G","density",0.1,NA,"NO","LIDE",21.862142526477,0,"RECENT DEAD",3,NA,NA,NA,NA,NA,NA,"LIDE3-PSME-QUCH2/RHDI6","Tan oak - Douglas-fir - Dry","Mediterranean California Mixed-Evergreen Forest -- Interior","Warm",1365462,"Ridge Top",NA,2014,3,553,758,205,672,0.984251968503937,0.024488944517889,0.00528372217016155,69,493,484,"Tan oak - Douglas-fir - Dry,Warm,Ridge Top",-123.45627471,42.1428335,"Misc hardwoods","Ridgetop","Small",0.0716364450414148,0.226333333333333,NA,NA,NA,NA,NA,NA,NA,NA,2014,2014,1915
"G06","73","G060172_new","Grayback Creek","GB06_073_02_new","2_new",1,NA,"Hardwood","G","density",0.1,NA,"NO","LIDE",33.4781367741238,0,"RECENT DEAD",3,NA,NA,NA,NA,NA,NA,"LIDE3-PSME-QUCH2/RHDI6","Tan oak - Douglas-fir - Dry","Mediterranean California Mixed-Evergreen Forest -- Interior","Warm",1365462,"Ridge Top",NA,2014,3,553,758,205,672,4.40944881889764,0.269783192536893,0.10604641744401,69,493,484,"Tan oak - Douglas-fir - Dry,Warm,Ridge Top",-123.45627471,42.1428335,"Misc hardwoods","Ridgetop","Small",0.0716364450414148,0.226333333333333,NA,NA,NA,NA,NA,NA,NA,NA,2014,2014,1912
"G07","11","G070032_new","Grayback Creek","GB07_011_02_new","2_new",1,NA,"Hardwood","G","density",0.1,NA,"NO","LIDE",31.2028184712183,3,"LIVE",1,NA,NA,NA,NA,NA,NA,"LIDE3-PSME-QUCH2/RHDI6","Tan oak - Douglas-fir - Dry","Mediterranean California Mixed-Evergreen Forest -- Interior","Warm",1382572.375,"Ridge Top",NA,2014,3,558,772,214,714,4.92125984251969,0.321604468383684,0.132093054254039,109,314,285,"Tan oak - Douglas-fir - Dry,Warm,Ridge Top",-123.455999,42.14360666,NA,NA,NA,NA,NA,NA,NA,NA,NA,NA,NA,NA,NA,NA,NA,1928
"G07","15","G070042_new","Grayback Creek","GB07_015_03_new","3_new",1,NA,"Hardwood","G","density",0.1,NA,"NO","LIDE",36.6613223374236,3,"LIVE",1,NA,NA,NA,NA,NA,NA,"LIDE3-PSME-QUCH2/RHDI6","Tan oak - Douglas-fir - Dry","Mediterranean California Mixed-Evergreen Forest -- Interior","Warm",1382572.375,"Ridge Top",NA,2014,3,558,772,214,714,0.984251968503937,0.024488944517889,0.00528372217016155,109,314,285,"Tan oak - Douglas-fir - Dry,Warm,Ridge Top",-123.455999,42.14360666,NA,NA,NA,NA,NA,NA,NA,NA,NA,NA,NA,NA,NA,NA,NA,1927
"G07","16","G070044_new","Grayback Creek","GB07_016_01_new","1_new",1,56,"Hardwood","G","density",0.1,NA,"NO","CHCH",10.8540040571323,0,"RECENT DEAD",3,NA,NA,NA,NA,NA,NA,"LIDE3-PSME-QUCH2/RHDI6","Tan oak - Douglas-fir - Dry","Mediterranean California Mixed-Evergreen Forest -- Interior","Warm",1382572.375,"Ridge Top",NA,2014,7,558,772,214,714,6.45669291338583,0.496610857382383,0.227377586381864,109,314,285,"Tan oak - Douglas-fir - Dry,Warm,Ridge Top",-123.455999,42.14360666,"Western redcedar","Ridgetop","Small",0.0363667850030306,0.0767777777777778,NA,NA,NA,NA,NA,NA,NA,NA,2014,2014,1924
"G07","21","G070055_new","Grayback Creek","GB07_021_02_new","2_new",1,NA,"Hardwood","G","density",0.1,NA,"NO","LIDE",11.9737030738021,0,"OLDER DEAD",4,NA,NA,NA,NA,NA,NA,"LIDE3-PSME-QUCH2/RHDI6","Tan oak - Douglas-fir - Dry","Mediterranean California Mixed-Evergreen Forest -- Interior","Warm",1382572.375,"Ridge Top",NA,2014,3,558,772,214,714,5.19685039370079,0.350900787877182,0.147301720148632,109,314,285,"Tan oak - Douglas-fir - Dry,Warm,Ridge Top",-123.455999,42.14360666,"Misc hardwoods","Ridgetop","Small",0.0716364450414148,0.226333333333333,-7.60356803384786,-3.80178401692393,-1.57788293118239,-7.60356803384786,-3.80178401692393,-1.57788293118239,2010,2010,2010,2010,1926
"G07","26","G070077_new","Grayback Creek","GB07_026_01_new","1_new",1,113,"Hardwood","G","density",0.1,NA,"NO","LIDE",35.9714857619627,3,"LIVE",1,NA,NA,NA,NA,NA,NA,"LIDE3-PSME-QUCH2/RHDI6","Tan oak - Douglas-fir - Dry","Mediterranean California Mixed-Evergreen Forest -- Interior","Warm",1382572.375,"Ridge Top",NA,2014,3,558,772,214,714,11.5748031496063,1.26363539464746,0.730726095200134,109,314,285,"Tan oak - Douglas-fir - Dry,Warm,Ridge Top",-123.455999,42.14360666,NA,NA,NA,NA,NA,NA,NA,NA,NA,NA,NA,NA,NA,NA,NA,1917
"G07","3","G070013_new","Grayback Creek","GB07_003_03_new","3_new",1,NA,"Hardwood","G","density",0.1,NA,"NO","ARME",42.6726846697278,0,"BROKEN TOPPED SNAG",6,NA,NA,NA,NA,NA,NA,"LIDE3-PSME-QUCH2/RHDI6","Tan oak - Douglas-fir - Dry","Mediterranean California Mixed-Evergreen Forest -- Interior","Warm",1382572.375,"Ridge Top",NA,2014,6,558,772,214,714,3.93700787401575,0.225043282266502,0.0845395547225848,109,314,285,"Tan oak - Douglas-fir - Dry,Warm,Ridge Top",-123.455999,42.14360666,"Pacific madrone","Ridgetop","Small",0.0497322111706197,0.143888888888889,-46.0852578110958,-23.0426289055479,-9.56355507776901,-27.8346365876187,-13.9173182938093,-5.77620898133034,1991,2000,1991,2000,1914
"G07","31","G070091_001_new","Grayback Creek","GB07_031_02_001_new","2_new",1,NA,"Hardwood","G","density",0.1,NA,"NO","LIDE",43.8513395995836,0,"BROKEN TOPPED SNAG",6,NA,NA,NA,NA,NA,NA,"LIDE3-PSME-QUCH2/RHDI6","Tan oak - Douglas-fir - Dry","Mediterranean California Mixed-Evergreen Forest -- Interior","Warm",1382572.375,"Ridge Top",NA,2014,3,558,772,214,714,2.95275590551181,0.14202476352394,0.0475534995314539,109,314,285,"Tan oak - Douglas-fir - Dry,Warm,Ridge Top",-123.455999,42.14360666,"Misc hardwoods","Ridgetop","Small",0.0716364450414148,0.226333333333333,-37.5594948281219,-18.779747414061,-7.7942994038202,-24.3171420470254,-12.1585710235127,-5.04626291240292,1995,2002,1995,2002,1921
"G07","36","G070099_new","Grayback Creek","GB07_036_01_new","1_new",1,70,"Hardwood","G","density",0.1,NA,"NO","LIDE",26.6249449711734,3,"LIVE",1,NA,NA,NA,NA,NA,NA,"LIDE3-PSME-QUCH2/RHDI6","Tan oak - Douglas-fir - Dry","Mediterranean California Mixed-Evergreen Forest -- Interior","Warm",1382572.375,"Ridge Top",NA,2014,3,558,772,214,714,6.45669291338583,0.496610857382383,0.227377586381864,109,314,285,"Tan oak - Douglas-fir - Dry,Warm,Ridge Top",-123.455999,42.14360666,NA,NA,NA,NA,NA,NA,NA,NA,NA,NA,NA,NA,NA,NA,NA,1921
"G07","4","G070015_new","Grayback Creek","GB07_004_02_new","2_new",1,NA,"Hardwood","G","density",0.1,NA,"NO","ARME",36.3773682985391,0,"BROKEN TOPPED SNAG",6,NA,NA,NA,NA,NA,NA,"LIDE3-PSME-QUCH2/RHDI6","Tan oak - Douglas-fir - Dry","Mediterranean California Mixed-Evergreen Forest -- Interior","Warm",1382572.375,"Ridge Top",NA,2014,6,558,772,214,714,5.47244094488189,0.38114456725137,0.163338873679506,109,314,285,"Tan oak - Douglas-fir - Dry,Warm,Ridge Top",-123.455999,42.14360666,"Pacific madrone","Ridgetop","Small",0.0497322111706197,0.143888888888889,-46.0852578110958,-23.0426289055479,-9.56355507776901,-27.8346365876187,-13.9173182938093,-5.77620898133034,1991,2000,1991,2000,1914
"G07","46","G070118_new","Grayback Creek","GB07_046_01_new","1_new",1,80,"Hardwood","G","density",0.1,NA,"NO","LIDE",32.0153465951173,3,"LIVE",1,NA,NA,NA,NA,NA,NA,"LIDE3-PSME-QUCH2/RHDI6","Tan oak - Douglas-fir - Dry","Mediterranean California Mixed-Evergreen Forest -- Interior","Warm",1382572.375,"Ridge Top",NA,2014,3,558,772,214,714,5.59055118110236,0.39439137109016,0.17046555814262,109,314,285,"Tan oak - Douglas-fir - Dry,Warm,Ridge Top",-123.455999,42.14360666,NA,NA,NA,NA,NA,NA,NA,NA,NA,NA,NA,NA,NA,NA,NA,1920
"G07","47","G070122_new","Grayback Creek","GB07_047_02_new","2_new",1,NA,"Hardwood","G","density",0.1,NA,"NO","ARME",56.3935852183115,0,"OLDER DEAD",4,NA,NA,NA,NA,NA,NA,"LIDE3-PSME-QUCH2/RHDI6","Tan oak - Douglas-fir - Dry","Mediterranean California Mixed-Evergreen Forest -- Interior","Warm",1382572.375,"Ridge Top",NA,2014,6,558,772,214,714,7.28346456692913,0.602200093840932,0.289336626038046,109,314,285,"Tan oak - Douglas-fir - Dry,Warm,Ridge Top",-123.455999,42.14360666,"Pacific madrone","Ridgetop","Small",0.0497322111706197,0.143888888888889,-7.60356803384786,-3.80178401692393,-1.57788293118239,-7.60356803384786,-3.80178401692393,-1.57788293118239,2010,2010,2010,2010,1924
"G07","48","G070126_new","Grayback Creek","GB07_048_04_new","4_new",1,NA,"Hardwood","G","density",0.1,NA,"NO","ARME",88.8408750678982,0,"BROKEN BUTT SNAG",7,NA,NA,NA,NA,NA,NA,"LIDE3-PSME-QUCH2/RHDI6","Tan oak - Douglas-fir - Dry","Mediterranean California Mixed-Evergreen Forest -- Interior","Warm",1382572.375,"Ridge Top",NA,2014,6,558,772,214,714,5.51181102362205,0.385541302725637,0.165697527256266,109,314,285,"Tan oak - Douglas-fir - Dry,Warm,Ridge Top",-123.455999,42.14360666,"Pacific madrone","Ridgetop","Small",0.0497322111706197,0.143888888888889,-74.647978679063,-37.3239893395315,-15.4908551985894,-38.1467362321087,-19.0733681160544,-7.91616300571204,1977,1995,1977,1995,1914
"G07","56","G070138_new","Grayback Creek","GB07_056_02_new","2_new",1,NA,"Hardwood","G","density",0.1,NA,"NO","ARME",38.7473834072645,0,"BROKEN TOPPED SNAG",6,NA,NA,NA,NA,NA,NA,"LIDE3-PSME-QUCH2/RHDI6","Tan oak - Douglas-fir - Dry","Mediterranean California Mixed-Evergreen Forest -- Interior","Warm",1382572.375,"Ridge Top",NA,2014,6,558,772,214,714,4.37007874015748,0.26593948259393,0.104161185373697,109,314,285,"Tan oak - Douglas-fir - Dry,Warm,Ridge Top",-123.455999,42.14360666,"Pacific madrone","Ridgetop","Small",0.0497322111706197,0.143888888888889,-46.0852578110958,-23.0426289055479,-9.56355507776901,-27.8346365876187,-13.9173182938093,-5.77620898133034,1991,2000,1991,2000,1919
"G07","57","G070140_new","Grayback Creek","GB07_057_02_new","2_new",1,NA,"Hardwood","G","density",0.1,NA,"NO","ARME",19.3487804643471,0,"BROKEN TOPPED SNAG",6,NA,NA,NA,NA,NA,NA,"LIDE3-PSME-QUCH2/RHDI6","Tan oak - Douglas-fir - Dry","Mediterranean California Mixed-Evergreen Forest -- Interior","Warm",1382572.375,"Ridge Top",NA,2014,6,558,772,214,714,6.69291338582677,0.525998284346066,0.24431931314827,109,314,285,"Tan oak - Douglas-fir - Dry,Warm,Ridge Top",-123.455999,42.14360666,"Pacific madrone","Ridgetop","Small",0.0497322111706197,0.143888888888889,-46.0852578110958,-23.0426289055479,-9.56355507776901,-27.8346365876187,-13.9173182938093,-5.77620898133034,1991,2000,1991,2000,1914
"G07","58","G070142_011_new","Grayback Creek","GB07_058_02_011_new","2_new",1,NA,"Hardwood","G","density",0.1,NA,"NO","LIDE",69.4043634329161,3,"LIVE",1,NA,NA,NA,NA,NA,NA,"LIDE3-PSME-QUCH2/RHDI6","Tan oak - Douglas-fir - Dry","Mediterranean California Mixed-Evergreen Forest -- Interior","Warm",1382572.375,"Ridge Top",NA,2014,3,558,772,214,714,0.984251968503937,0.024488944517889,0.00528372217016155,109,314,285,"Tan oak - Douglas-fir - Dry,Warm,Ridge Top",-123.455999,42.14360666,NA,NA,NA,NA,NA,NA,NA,NA,NA,NA,NA,NA,NA,NA,NA,1926
"G07","66","G070160_new","Grayback Creek","GB07_066_01_new","1_new",1,88,"Hardwood","G","density",0.1,NA,"NO","LIDE",12.4245622190511,2,"LIVE",1,NA,NA,NA,NA,NA,NA,"LIDE3-PSME-QUCH2/RHDI6","Tan oak - Douglas-fir - Dry","Mediterranean California Mixed-Evergreen Forest -- Interior","Warm",1382572.375,"Ridge Top",NA,2014,3,558,772,214,714,13.3858267716535,1.59452862707876,0.97727725259308,109,314,285,"Tan oak - Douglas-fir - Dry,Warm,Ridge Top",-123.455999,42.14360666,NA,NA,NA,NA,NA,NA,NA,NA,NA,NA,NA,NA,NA,NA,NA,1916
"G07","67","G070165_new","Grayback Creek","GB07_067_03_new","3_new",1,NA,"Hardwood","G","density",0.1,NA,"NO","ARME",37.7827685327457,0,"BROKEN TOPPED SNAG",6,NA,NA,NA,NA,NA,NA,"LIDE3-PSME-QUCH2/RHDI6","Tan oak - Douglas-fir - Dry","Mediterranean California Mixed-Evergreen Forest -- Interior","Warm",1382572.375,"Ridge Top",NA,2014,6,558,772,214,714,4.48818897637795,0.27753247938981,0.109867605317471,109,314,285,"Tan oak - Douglas-fir - Dry,Warm,Ridge Top",-123.455999,42.14360666,"Pacific madrone","Ridgetop","Small",0.0497322111706197,0.143888888888889,-46.0852578110958,-23.0426289055479,-9.56355507776901,-27.8346365876187,-13.9173182938093,-5.77620898133034,1991,2000,1991,2000,1914
"G07","69","G070168_new","Grayback Creek","GB07_069_01_new","1_new",1,152,"Hardwood","G","density",0.1,NA,"NO","ARME",60.7136042404851,2,"LIVE",1,NA,NA,NA,NA,NA,NA,"LIDE3-PSME-QUCH2/RHDI6","Tan oak - Douglas-fir - Dry","Mediterranean California Mixed-Evergreen Forest -- Interior","Warm",1382572.375,"Ridge Top",NA,2014,6,558,772,214,714,9.88188976377953,0.981169428226074,0.532607648707756,109,314,285,"Tan oak - Douglas-fir - Dry,Warm,Ridge Top",-123.455999,42.14360666,NA,NA,NA,NA,NA,NA,NA,NA,NA,NA,NA,NA,NA,NA,NA,1923
"G08","19","G080036_new","Grayback Creek","GB08_019_02_new","2_new",1,NA,"Hardwood","G","density",0.1,NA,"NO","LIDE",29.3223700651187,4,"LIVE",1,NA,NA,NA,NA,NA,NA,"LIDE3-PSME-QUCH2/RHDI6","Tan oak - Douglas-fir - Dry","Mediterranean California Mixed-Evergreen Forest -- Interior","Warm",1365764.25,"Mid Slope",NA,2014,3,562,766,204,740,0.984251968503937,0.024488944517889,0.00528372217016155,158,402,338,"Tan oak - Douglas-fir - Dry,Warm,Mid Slope",-123.4507647,42.14583106,NA,NA,NA,NA,NA,NA,NA,NA,NA,NA,NA,NA,NA,NA,NA,1917
"G08","62","G080091_new","Grayback Creek","GB08_062_02_new","2_new",1,NA,"Hardwood","G","density",0.1,NA,"NO","LIDE",21.6377081166394,0,"RECENT DEAD",3,NA,NA,NA,NA,NA,NA,"LIDE3-PSME-QUCH2/RHDI6","Tan oak - Douglas-fir - Dry","Mediterranean California Mixed-Evergreen Forest -- Interior","Warm",1365764.25,"Mid Slope",NA,2014,3,562,766,204,740,2.95275590551181,0.14202476352394,0.0475534995314539,158,402,338,"Tan oak - Douglas-fir - Dry,Warm,Mid Slope",-123.4507647,42.14583106,"Misc hardwoods","Other","Small",0.0716364450414148,0.133833333333333,NA,NA,NA,NA,NA,NA,NA,NA,2014,2014,1914
"G08","64","G080097_new","Grayback Creek","GB08_064_03_new","3_new",1,NA,"Hardwood","G","density",0.1,NA,"NO","LIDE",46.9002098446995,3,"LIVE",1,NA,NA,NA,NA,NA,NA,"LIDE3-PSME-QUCH2/RHDI6","Tan oak - Douglas-fir - Dry","Mediterranean California Mixed-Evergreen Forest -- Interior","Warm",1365764.25,"Mid Slope",NA,2014,3,562,766,204,740,9.25196850393701,0.883028321601197,0.466869690955474,158,402,338,"Tan oak - Douglas-fir - Dry,Warm,Mid Slope",-123.4507647,42.14583106,NA,NA,NA,NA,NA,NA,NA,NA,NA,NA,NA,NA,NA,NA,NA,1916
"G08","8","G080018_new","Grayback Creek","GB08_008_01_new","1_new",1,88,"Hardwood","G","density",0.1,NA,"NO","LIDE",31.5869486652424,3,"LIVE",1,NA,NA,NA,NA,NA,NA,"LIDE3-PSME-QUCH2/RHDI6","Tan oak - Douglas-fir - Dry","Mediterranean California Mixed-Evergreen Forest -- Interior","Warm",1365764.25,"Mid Slope",NA,2014,3,562,766,204,740,5.47244094488189,0.38114456725137,0.163338873679506,158,402,338,"Tan oak - Douglas-fir - Dry,Warm,Mid Slope",-123.4507647,42.14583106,NA,NA,NA,NA,NA,NA,NA,NA,NA,NA,NA,NA,NA,NA,NA,1917
"G09","1","G090008_new","Grayback Creek","GB09_001_02_new","2_new",1,NA,"Hardwood","G","density",0.1,NA,"NO","LIDE",20.281684172268,3,"LIVE",1,NA,NA,NA,NA,NA,NA,"LIDE3-PSME-QUCH2/RHDI6","Tan oak - Douglas-fir - Dry","Mediterranean California Mixed-Evergreen Forest -- Interior","Warm",1158818.375,"Ridge Top",NA,2014,3,582,823,241,667,5.74803149606299,0.412316412659158,0.180204514846662,85,238,212,"Tan oak - Douglas-fir - Dry,Warm,Ridge Top",-123.45892443,42.1436159,NA,NA,NA,NA,NA,NA,NA,NA,NA,NA,NA,NA,NA,NA,NA,1918
"G09","11","G090040_new","Grayback Creek","GB09_011_01_new","1_new",1,92,"Hardwood","G","density",0.1,NA,"NO","LIDE",34.6899315102712,3,"LIVE",1,NA,NA,NA,NA,NA,NA,"LIDE3-PSME-QUCH2/RHDI6","Tan oak - Douglas-fir - Dry","Mediterranean California Mixed-Evergreen Forest -- Interior","Warm",1158818.375,"Ridge Top",NA,2014,3,582,823,241,667,8.97637795275591,0.841321153511681,0.439470421269885,85,238,212,"Tan oak - Douglas-fir - Dry,Warm,Ridge Top",-123.45892443,42.1436159,NA,NA,NA,NA,NA,NA,NA,NA,NA,NA,NA,NA,NA,NA,NA,1916
"G09","12","G090045_001_new","Grayback Creek","GB09_012_01_001_new","1_new",1,110,"Hardwood","G","density",0.1,NA,"NO","LIDE",37.0775713431997,4,"LIVE",1,NA,NA,NA,NA,NA,NA,"LIDE3-PSME-QUCH2/RHDI6","Tan oak - Douglas-fir - Dry","Mediterranean California Mixed-Evergreen Forest -- Interior","Warm",1158818.375,"Ridge Top",NA,2014,3,582,823,241,667,9.36546751968504,0.900424159699855,0.478394649045704,85,238,212,"Tan oak - Douglas-fir - Dry,Warm,Ridge Top",-123.45892443,42.1436159,NA,NA,NA,NA,NA,NA,NA,NA,NA,NA,NA,NA,NA,NA,NA,1920
"G09","2","G090009_new","Grayback Creek","GB09_002_01_new","1_new",1,78,"Hardwood","G","density",0.1,NA,"NO","LIDE",31.2268454757678,2,"LIVE",1,NA,NA,NA,NA,NA,NA,"LIDE3-PSME-QUCH2/RHDI6","Tan oak - Douglas-fir - Dry","Mediterranean California Mixed-Evergreen Forest -- Interior","Warm",1158818.375,"Ridge Top",NA,2014,3,582,823,241,667,6.33858267716535,0.482155866244433,0.219134979796412,85,238,212,"Tan oak - Douglas-fir - Dry,Warm,Ridge Top",-123.45892443,42.1436159,NA,NA,NA,NA,NA,NA,NA,NA,NA,NA,NA,NA,NA,NA,NA,1918
"G09","21","G090077_new","Grayback Creek","GB09_021_01_new","1_new",1,30,"Hardwood","G","density",0.1,NA,"NO","LIDE",14.4877258263928,4,"LIVE",1,NA,NA,NA,NA,NA,NA,"LIDE3-PSME-QUCH2/RHDI6","Tan oak - Douglas-fir - Dry","Mediterranean California Mixed-Evergreen Forest -- Interior","Warm",1158818.375,"Ridge Top",NA,2014,3,582,823,241,667,4.01574803149606,0.232287761185964,0.0879549527333772,85,238,212,"Tan oak - Douglas-fir - Dry,Warm,Ridge Top",-123.45892443,42.1436159,NA,NA,NA,NA,NA,NA,NA,NA,NA,NA,NA,NA,NA,NA,NA,1919
"G09","23","G090089_new","Grayback Creek","GB09_023_03_new","3_new",1,NA,"Hardwood","G","density",0.1,NA,"NO","ARME",69.9819108299041,0,"OLDER DEAD",4,NA,NA,NA,NA,NA,NA,"LIDE3-PSME-QUCH2/RHDI6","Tan oak - Douglas-fir - Dry","Mediterranean California Mixed-Evergreen Forest -- Interior","Warm",1158818.375,"Ridge Top",NA,2014,6,582,823,241,667,2.95275590551181,0.14202476352394,0.0475534995314539,85,238,212,"Tan oak - Douglas-fir - Dry,Warm,Ridge Top",-123.45892443,42.1436159,"Pacific madrone","Ridgetop","Small",0.0497322111706197,0.143888888888889,-7.60356803384786,-3.80178401692393,-1.57788293118239,-7.60356803384786,-3.80178401692393,-1.57788293118239,2010,2010,2010,2010,1915
"G09","26","G090097_003_new","Grayback Creek","GB09_026_03_003_new","3_new",1,NA,"Hardwood","G","density",0.1,NA,"NO","LIDE",28.879770368781,0,"RECENT DEAD",3,NA,NA,NA,NA,NA,NA,"LIDE3-PSME-QUCH2/RHDI6","Tan oak - Douglas-fir - Dry","Mediterranean California Mixed-Evergreen Forest -- Interior","Warm",1158818.375,"Ridge Top",NA,2014,3,582,823,241,667,0.984251968503937,0.024488944517889,0.00528372217016155,85,238,212,"Tan oak - Douglas-fir - Dry,Warm,Ridge Top",-123.45892443,42.1436159,"Misc hardwoods","Ridgetop","Small",0.0716364450414148,0.226333333333333,NA,NA,NA,NA,NA,NA,NA,NA,2014,2014,1919
"G09","39","G090143_002_new","Grayback Creek","GB09_039_02_002_new","2_new",1,NA,"Hardwood","G","density",0.1,NA,"NO","QUCH",48.0619625226249,3,"LIVE",1,NA,NA,NA,NA,NA,NA,"LIDE3-PSME-QUCH2/RHDI6","Tan oak - Douglas-fir - Dry","Mediterranean California Mixed-Evergreen Forest -- Interior","Warm",1158818.375,"Ridge Top",NA,2014,3,582,823,241,667,2.95275590551181,0.14202476352394,0.0475534995314539,85,238,212,"Tan oak - Douglas-fir - Dry,Warm,Ridge Top",-123.45892443,42.1436159,NA,NA,NA,NA,NA,NA,NA,NA,NA,NA,NA,NA,NA,NA,NA,1919
"G09","42","G090155_new","Grayback Creek","GB09_042_03_new","3_new",1,NA,"Hardwood","G","density",0.1,NA,"NO","CHCH",70.2784726053461,0,"RECENT DEAD",3,NA,NA,NA,NA,NA,NA,"LIDE3-PSME-QUCH2/RHDI6","Tan oak - Douglas-fir - Dry","Mediterranean California Mixed-Evergreen Forest -- Interior","Warm",1158818.375,"Ridge Top",NA,2014,7,582,823,241,667,4.01574803149606,0.232287761185964,0.0879549527333772,85,238,212,"Tan oak - Douglas-fir - Dry,Warm,Ridge Top",-123.45892443,42.1436159,"Western redcedar","Ridgetop","Small",0.0363667850030306,0.0767777777777778,NA,NA,NA,NA,NA,NA,NA,NA,2014,2014,1919
"G09","57","G090197_new","Grayback Creek","GB09_057_01_new","1_new",1,114,"Hardwood","G","density",0.1,NA,"NO","LIDE",49.5293562228904,3,"LIVE",1,NA,NA,NA,NA,NA,NA,"LIDE3-PSME-QUCH2/RHDI6","Tan oak - Douglas-fir - Dry","Mediterranean California Mixed-Evergreen Forest -- Interior","Warm",1158818.375,"Ridge Top",NA,2014,3,582,823,241,667,5.51181102362205,0.385541302725637,0.165697527256266,85,238,212,"Tan oak - Douglas-fir - Dry,Warm,Ridge Top",-123.45892443,42.1436159,NA,NA,NA,NA,NA,NA,NA,NA,NA,NA,NA,NA,NA,NA,NA,1916
"G09","65","G090222_new","Grayback Creek","GB09_065_01_new","1_new",1,40,"Hardwood","G","density",0.1,NA,"NO","LIDE",19.4584192919091,3,"LIVE",1,NA,NA,NA,NA,NA,NA,"LIDE3-PSME-QUCH2/RHDI6","Tan oak - Douglas-fir - Dry","Mediterranean California Mixed-Evergreen Forest -- Interior","Warm",1158818.375,"Ridge Top",NA,2014,3,582,823,241,667,4.01574803149606,0.232287761185964,0.0879549527333772,85,238,212,"Tan oak - Douglas-fir - Dry,Warm,Ridge Top",-123.45892443,42.1436159,NA,NA,NA,NA,NA,NA,NA,NA,NA,NA,NA,NA,NA,NA,NA,1919
"G09","70","G090239_new","Grayback Creek","GB09_070_02_new","2_new",1,NA,"Hardwood","G","density",0.1,NA,"NO","LIDE",24.0354875644242,3,"LIVE",1,NA,NA,NA,NA,NA,NA,"LIDE3-PSME-QUCH2/RHDI6","Tan oak - Douglas-fir - Dry","Mediterranean California Mixed-Evergreen Forest -- Interior","Warm",1158818.375,"Ridge Top",NA,2014,3,582,823,241,667,4.17322834645669,0.247033264668595,0.0949886436862962,85,238,212,"Tan oak - Douglas-fir - Dry,Warm,Ridge Top",-123.45892443,42.1436159,NA,NA,NA,NA,NA,NA,NA,NA,NA,NA,NA,NA,NA,NA,NA,1918
"G09","71","G090242_001_new","Grayback Creek","GB09_071_03_001_new","3_new",1,NA,"Hardwood","G","density",0.1,NA,"NO","LIDE",62.612415412032,0,"RECENT DEAD",3,NA,NA,NA,NA,NA,NA,"LIDE3-PSME-QUCH2/RHDI6","Tan oak - Douglas-fir - Dry","Mediterranean California Mixed-Evergreen Forest -- Interior","Warm",1158818.375,"Ridge Top",NA,2014,3,582,823,241,667,0.984251968503937,0.024488944517889,0.00528372217016155,85,238,212,"Tan oak - Douglas-fir - Dry,Warm,Ridge Top",-123.45892443,42.1436159,"Misc hardwoods","Ridgetop","Small",0.0716364450414148,0.226333333333333,NA,NA,NA,NA,NA,NA,NA,NA,2014,2014,1918
"G09","74","G090251_new","Grayback Creek","GB09_074_02_new","2_new",1,NA,"Hardwood","G","density",0.1,NA,"NO","LIDE",66.4335318580451,4,"LIVE",1,NA,NA,NA,NA,NA,NA,"LIDE3-PSME-QUCH2/RHDI6","Tan oak - Douglas-fir - Dry","Mediterranean California Mixed-Evergreen Forest -- Interior","Warm",1158818.375,"Ridge Top",NA,2014,3,582,823,241,667,6.41732283464567,0.491774743404415,0.224613142942436,85,238,212,"Tan oak - Douglas-fir - Dry,Warm,Ridge Top",-123.45892443,42.1436159,NA,NA,NA,NA,NA,NA,NA,NA,NA,NA,NA,NA,NA,NA,NA,1918
"G09","75","G090257_004_new","Grayback Creek","GB09_075_03_004_new","3_new",1,NA,"Hardwood","G","density",0.1,NA,"NO","LIDE",43.4059659422751,4,"LIVE",1,NA,NA,NA,NA,NA,NA,"LIDE3-PSME-QUCH2/RHDI6","Tan oak - Douglas-fir - Dry","Mediterranean California Mixed-Evergreen Forest -- Interior","Warm",1158818.375,"Ridge Top",NA,2014,3,582,823,241,667,2.95275590551181,0.14202476352394,0.0475534995314539,85,238,212,"Tan oak - Douglas-fir - Dry,Warm,Ridge Top",-123.45892443,42.1436159,NA,NA,NA,NA,NA,NA,NA,NA,NA,NA,NA,NA,NA,NA,NA,1916
"G09","79","G090265_new","Grayback Creek","GB09_079_01_new","1_new",1,116,"Hardwood","G","density",0.1,NA,"NO","LIDE",49.2681546702615,3,"LIVE",1,NA,NA,NA,NA,NA,NA,"LIDE3-PSME-QUCH2/RHDI6","Tan oak - Douglas-fir - Dry","Mediterranean California Mixed-Evergreen Forest -- Interior","Warm",1158818.375,"Ridge Top",NA,2014,3,582,823,241,667,6.8503937007874,0.545939918599844,0.255951955878098,85,238,212,"Tan oak - Douglas-fir - Dry,Warm,Ridge Top",-123.45892443,42.1436159,NA,NA,NA,NA,NA,NA,NA,NA,NA,NA,NA,NA,NA,NA,NA,1916
"G09","8","G090027_002_new","Grayback Creek","GB09_008_05_002_new","5_new",1,NA,"Hardwood","G","density",0.1,NA,"NO","LIDE",57.0574293089295,0,"RECENT DEAD",3,NA,NA,NA,NA,NA,NA,"LIDE3-PSME-QUCH2/RHDI6","Tan oak - Douglas-fir - Dry","Mediterranean California Mixed-Evergreen Forest -- Interior","Warm",1158818.375,"Ridge Top",NA,2014,3,582,823,241,667,0.984251968503937,0.024488944517889,0.00528372217016155,85,238,212,"Tan oak - Douglas-fir - Dry,Warm,Ridge Top",-123.45892443,42.1436159,"Misc hardwoods","Ridgetop","Small",0.0716364450414148,0.226333333333333,NA,NA,NA,NA,NA,NA,NA,NA,2014,2014,1919
"G09","82","G090272_002_new","Grayback Creek","GB09_082_03_002_new","3_new",1,NA,"Hardwood","G","density",0.1,NA,"NO","LIDE",98.5195371851111,4,"LIVE",1,NA,NA,NA,NA,NA,NA,"LIDE3-PSME-QUCH2/RHDI6","Tan oak - Douglas-fir - Dry","Mediterranean California Mixed-Evergreen Forest -- Interior","Warm",1158818.375,"Ridge Top",NA,2014,3,582,823,241,667,2.95275590551181,0.14202476352394,0.0475534995314539,85,238,212,"Tan oak - Douglas-fir - Dry,Warm,Ridge Top",-123.45892443,42.1436159,NA,NA,NA,NA,NA,NA,NA,NA,NA,NA,NA,NA,NA,NA,NA,1916
"L04","21","L040041_001_new","Elliot Ridge","ET04_021_02_001_new","2_new",1,NA,"Hardwood","L","density",0.1,NA,"NO","QUCH",25.9896598498367,3,"LIVE",1,NA,NA,NA,NA,NA,NA,"PIPO-PSME","Ponderosa pine - Dry","Northern Rocky Mountain Ponderosa Pine Woodland and Savanna - Mesic","Warm",1501024.625,"Mid Slope",NA,2014,3,571,810,240,1360,0.984251968503937,0.024488944517889,0.00528372217016155,36,113,95,"Ponderosa pine - Dry,Warm,Mid Slope",-123.03211504,42.01231733,NA,NA,NA,NA,NA,NA,NA,NA,NA,NA,NA,NA,NA,NA,NA,1957
"L04","3","L040013_004_new","Elliot Ridge","ET04_003_01_004_new","1_new",1,95,"Hardwood","L","density",0.1,NA,"NO","QUCH",39.0087074928098,3,"LIVE",1,NA,NA,NA,NA,NA,NA,"PIPO-PSME","Ponderosa pine - Dry","Northern Rocky Mountain Ponderosa Pine Woodland and Savanna - Mesic","Warm",1501024.625,"Mid Slope",NA,2014,3,571,810,240,1360,4.13272391732283,0.243208209122059,0.0931537143854574,36,113,95,"Ponderosa pine - Dry,Warm,Mid Slope",-123.03211504,42.01231733,NA,NA,NA,NA,NA,NA,NA,NA,NA,NA,NA,NA,NA,NA,NA,1962
"L06","22","L060033_new","Elliot Ridge","ET06_022_02_new","2_new",1,NA,"Hardwood","L","density",0.1,NA,"NO","QUCH",21.0642599641415,2,"LIVE",1,NA,NA,NA,NA,NA,NA,"PIPO-PSME","Ponderosa pine - Dry","Northern Rocky Mountain Ponderosa Pine Woodland and Savanna - Mesic","Warm",1414166.875,"Mid Slope",NA,2014,3,590,833,244,1425,7.48031496062992,0.628451569140058,0.305187792548531,170,192,115,"Ponderosa pine - Dry,Warm,Mid Slope",-123.0180434,42.01239793,NA,NA,NA,NA,NA,NA,NA,NA,NA,NA,NA,NA,NA,NA,NA,1929
"R01","14","R010030_new","Briggs Secret","BS01_014_01_new","1_new",1,83,"Hardwood","R","density",0.1,NA,"NO","ARME",34.0865249281306,0,"RECENT DEAD",3,NA,NA,NA,NA,NA,NA,"LIDE3-PSME-QUCH2/BENE2","Tan oak - Douglas-fir - Dry","Mediterranean California Mixed-Evergreen Forest -- Interior","Warm",1322780.25,"Ridge Top",NA,2014,6,605,820,215,899,7.24409448818898,0.59700032866904,0.286217116468783,251,623,546,"Tan oak - Douglas-fir - Dry,Warm,Ridge Top",-123.67694937,42.43215315,"Pacific madrone","Ridgetop","Small",0.0497322111706197,0.143888888888889,NA,NA,NA,NA,NA,NA,NA,NA,2014,2014,1919
"R01","19","R010037_new","Briggs Secret","BS01_019_01_new","1_new",1,40,"Hardwood","R","density",0.1,NA,"NO","QUKE",13.9270249282786,0,"CLEAN SNAG",5,NA,NA,NA,NA,NA,NA,"LIDE3-PSME-QUCH2/BENE2","Tan oak - Douglas-fir - Dry","Mediterranean California Mixed-Evergreen Forest -- Interior","Warm",1322780.25,"Ridge Top",NA,2014,3,605,820,215,899,5.5511811023622,0.389956921900511,0.168073088743971,251,623,546,"Tan oak - Douglas-fir - Dry,Warm,Ridge Top",-123.67694937,42.43215315,"Misc hardwoods","Ridgetop","Small",0.0716364450414148,0.226333333333333,-17.5225369431286,-8.76126847156432,-3.63625495694863,-17.5225369431286,-8.76126847156432,-3.63625495694863,2005,2005,2005,2005,1914
"R01","23","R010042_new","Briggs Secret","BS01_023_02_new","2_new",1,NA,"Hardwood","R","density",0.1,NA,"NO","LIDE",19.5703464739927,0,"RECENT DEAD",3,NA,NA,NA,NA,NA,NA,"LIDE3-PSME-QUCH2/BENE2","Tan oak - Douglas-fir - Dry","Mediterranean California Mixed-Evergreen Forest -- Interior","Warm",1322780.25,"Ridge Top",NA,2014,3,605,820,215,899,2.95275590551181,0.14202476352394,0.0475534995314539,251,623,546,"Tan oak - Douglas-fir - Dry,Warm,Ridge Top",-123.67694937,42.43215315,"Misc hardwoods","Ridgetop","Small",0.0716364450414148,0.226333333333333,NA,NA,NA,NA,NA,NA,NA,NA,2014,2014,1923
"R01","25","R010044_new","Briggs Secret","BS01_025_02_new","2_new",1,NA,"Hardwood","R","density",0.1,NA,"NO","QUKE",54.045867783925,0,"OLDER DEAD",4,NA,NA,NA,NA,NA,NA,"LIDE3-PSME-QUCH2/BENE2","Tan oak - Douglas-fir - Dry","Mediterranean California Mixed-Evergreen Forest -- Interior","Warm",1322780.25,"Ridge Top",NA,2014,3,605,820,215,899,5.31496062992126,0.363747555160172,0.154073338481911,251,623,546,"Tan oak - Douglas-fir - Dry,Warm,Ridge Top",-123.67694937,42.43215315,"Misc hardwoods","Ridgetop","Small",0.0716364450414148,0.226333333333333,-7.60356803384786,-3.80178401692393,-1.57788293118239,-7.60356803384786,-3.80178401692393,-1.57788293118239,2010,2010,2010,2010,1919
"R02","40","R020056_new","Briggs Secret","BS02_040_02_new","2_new",1,NA,"Hardwood","R","density",0.1,NA,"NO","QUKE",47.1004664528604,0,"OLDER DEAD",4,NA,NA,NA,NA,NA,NA,"LIDE3-PSME-QUCH2/BENE2","Tan oak - Douglas-fir - Dry","Mediterranean California Mixed-Evergreen Forest -- Interior","Warm",1191566.375,"Ridge Top",NA,2014,3,610,824,215,888,5.51181102362205,0.385541302725637,0.165697527256266,194,392,293,"Tan oak - Douglas-fir - Dry,Warm,Ridge Top",-123.67752159,42.43313138,"Misc hardwoods","Ridgetop","Small",0.0716364450414148,0.226333333333333,-7.60356803384786,-3.80178401692393,-1.57788293118239,-7.60356803384786,-3.80178401692393,-1.57788293118239,2010,2010,2010,2010,1937
"R02","7","R020019_new","Briggs Secret","BS02_007_02_new","2_new",1,NA,"Hardwood","R","density",0.1,NA,"NO","QUKE",31.488022056858,3,"LIVE",1,NA,NA,NA,NA,NA,NA,"LIDE3-PSME-QUCH2/BENE2","Tan oak - Douglas-fir - Dry","Mediterranean California Mixed-Evergreen Forest -- Interior","Warm",1191566.375,"Ridge Top",NA,2014,3,610,824,215,888,8.58267716535433,0.783062529920231,0.401765779863612,194,392,293,"Tan oak - Douglas-fir - Dry,Warm,Ridge Top",-123.67752159,42.43313138,NA,NA,NA,NA,NA,NA,NA,NA,NA,NA,NA,NA,NA,NA,NA,1921
"R02","8","R020021_new","Briggs Secret","BS02_008_02_new","2_new",1,NA,"Hardwood","R","density",0.1,NA,"NO","QUKE",33.9831805882079,0,"OLDER DEAD",4,NA,NA,NA,NA,NA,NA,"LIDE3-PSME-QUCH2/BENE2","Tan oak - Douglas-fir - Dry","Mediterranean California Mixed-Evergreen Forest -- Interior","Warm",1191566.375,"Ridge Top",NA,2014,3,610,824,215,888,5.62992125984252,0.398844597139188,0.172874935452214,194,392,293,"Tan oak - Douglas-fir - Dry,Warm,Ridge Top",-123.67752159,42.43313138,"Misc hardwoods","Ridgetop","Small",0.0716364450414148,0.226333333333333,-7.60356803384786,-3.80178401692393,-1.57788293118239,-7.60356803384786,-3.80178401692393,-1.57788293118239,2010,2010,2010,2010,1921
"R03","10","R030030_002_new","Briggs Secret","BS03_010_02_002_new","2_new",1,NA,"Hardwood","R","density",0.1,NA,"NO","LIDE",23.2808788592986,3,"LIVE",1,NA,NA,NA,NA,NA,NA,"LIDE3-PSME-QUCH2/BENE2","Tan oak - Douglas-fir - Dry","Mediterranean California Mixed-Evergreen Forest -- Interior","Warm",1353783.375,"Ridge Top",NA,2014,3,545,697,152,927,2.95275590551181,0.14202476352394,0.0475534995314539,77,247,225,"Tan oak - Douglas-fir - Dry,Warm,Ridge Top",-123.67234639,42.43421934,NA,NA,NA,NA,NA,NA,NA,NA,NA,NA,NA,NA,NA,NA,NA,1933
"R03","13","R030039_new","Briggs Secret","BS03_013_04_new","4_new",1,NA,"Hardwood","R","density",0.1,NA,"NO","QUCH",35.2900356550731,0,"RECENT DEAD",3,NA,NA,NA,NA,NA,NA,"LIDE3-PSME-QUCH2/BENE2","Tan oak - Douglas-fir - Dry","Mediterranean California Mixed-Evergreen Forest -- Interior","Warm",1353783.375,"Ridge Top",NA,2014,3,545,697,152,927,2.95275590551181,0.14202476352394,0.0475534995314539,77,247,225,"Tan oak - Douglas-fir - Dry,Warm,Ridge Top",-123.67234639,42.43421934,"Misc hardwoods","Ridgetop","Small",0.0716364450414148,0.226333333333333,NA,NA,NA,NA,NA,NA,NA,NA,2014,2014,1931
"R03","16","R030046_new","Briggs Secret","BS03_016_01_new","1_new",1,60,"Hardwood","R","density",0.1,NA,"NO","LIDE",23.9826063196187,3,"LIVE",1,NA,NA,NA,NA,NA,NA,"LIDE3-PSME-QUCH2/BENE2","Tan oak - Douglas-fir - Dry","Mediterranean California Mixed-Evergreen Forest -- Interior","Warm",1353783.375,"Ridge Top",NA,2014,3,545,697,152,927,7.04724409448819,0.571256168898805,0.270873187286634,77,247,225,"Tan oak - Douglas-fir - Dry,Warm,Ridge Top",-123.67234639,42.43421934,NA,NA,NA,NA,NA,NA,NA,NA,NA,NA,NA,NA,NA,NA,NA,1938
"R03","18","R030048_new","Briggs Secret","BS03_018_01_new","1_new",1,28,"Hardwood","R","density",0.1,NA,"NO","LIDE",10.6912520588244,3,"LIVE",1,NA,NA,NA,NA,NA,NA,"LIDE3-PSME-QUCH2/BENE2","Tan oak - Douglas-fir - Dry","Mediterranean California Mixed-Evergreen Forest -- Interior","Warm",1353783.375,"Ridge Top",NA,2014,3,545,697,152,927,4.80314960629921,0.309344060954229,0.125828673249095,77,247,225,"Tan oak - Douglas-fir - Dry,Warm,Ridge Top",-123.67234639,42.43421934,NA,NA,NA,NA,NA,NA,NA,NA,NA,NA,NA,NA,NA,NA,NA,1944
"R03","26","R030059_new","Briggs Secret","BS03_026_01_new","1_new",1,60,"Hardwood","R","density",0.1,NA,"NO","LIDE",26.7823943412682,3,"LIVE",1,NA,NA,NA,NA,NA,NA,"LIDE3-PSME-QUCH2/BENE2","Tan oak - Douglas-fir - Dry","Mediterranean California Mixed-Evergreen Forest -- Interior","Warm",1353783.375,"Ridge Top",NA,2014,3,545,697,152,927,4.4488188976378,0.273647549229568,0.107948557425269,77,247,225,"Tan oak - Douglas-fir - Dry,Warm,Ridge Top",-123.67234639,42.43421934,NA,NA,NA,NA,NA,NA,NA,NA,NA,NA,NA,NA,NA,NA,NA,1931
"R03","32","R030071_new","Briggs Secret","BS03_032_01_new","1_new",1,48,"Hardwood","R","density",0.1,NA,"NO","QUCH",20.3884175682854,3,"LIVE",1,NA,NA,NA,NA,NA,NA,"LIDE3-PSME-QUCH2/BENE2","Tan oak - Douglas-fir - Dry","Mediterranean California Mixed-Evergreen Forest -- Interior","Warm",1353783.375,"Ridge Top",NA,2014,3,545,697,152,927,4.92125984251969,0.321604468383684,0.132093054254039,77,247,225,"Tan oak - Douglas-fir - Dry,Warm,Ridge Top",-123.67234639,42.43421934,NA,NA,NA,NA,NA,NA,NA,NA,NA,NA,NA,NA,NA,NA,NA,1935
"R03","33","R030074_new","Briggs Secret","BS03_033_01_new","1_new",1,72,"Hardwood","R","density",0.1,NA,"NO","QUCH",27.459898218312,3,"LIVE",1,NA,NA,NA,NA,NA,NA,"LIDE3-PSME-QUCH2/BENE2","Tan oak - Douglas-fir - Dry","Mediterranean California Mixed-Evergreen Forest -- Interior","Warm",1353783.375,"Ridge Top",NA,2014,3,545,697,152,927,5.98425196850394,0.439760071045044,0.19532018723106,77,247,225,"Tan oak - Douglas-fir - Dry,Warm,Ridge Top",-123.67234639,42.43421934,NA,NA,NA,NA,NA,NA,NA,NA,NA,NA,NA,NA,NA,NA,NA,1933
"R03","37","R030086_new","Briggs Secret","BS03_037_04_new","4_new",1,NA,"Hardwood","R","density",0.1,NA,"NO","ARME",59.3266667571014,0,"BROKEN TOPPED SNAG",6,NA,NA,NA,NA,NA,NA,"LIDE3-PSME-QUCH2/BENE2","Tan oak - Douglas-fir - Dry","Mediterranean California Mixed-Evergreen Forest -- Interior","Warm",1353783.375,"Ridge Top",NA,2014,6,545,697,152,927,5.70866141732283,0.407807169792628,0.177744413804234,77,247,225,"Tan oak - Douglas-fir - Dry,Warm,Ridge Top",-123.67234639,42.43421934,"Pacific madrone","Ridgetop","Small",0.0497322111706197,0.143888888888889,-46.0852578110958,-23.0426289055479,-9.56355507776901,-27.8346365876187,-13.9173182938093,-5.77620898133034,1991,2000,1991,2000,1926
"R03","39","R030089_001_new","Briggs Secret","BS03_039_01_001_new","1_new",1,88,"Hardwood","R","density",0.1,NA,"NO","QUCH",27.9834828378938,3,"LIVE",1,NA,NA,NA,NA,NA,NA,"LIDE3-PSME-QUCH2/BENE2","Tan oak - Douglas-fir - Dry","Mediterranean California Mixed-Evergreen Forest -- Interior","Warm",1353783.375,"Ridge Top",NA,2014,3,545,697,152,927,7.75210531496063,0.665382635040026,0.32776812557655,77,247,225,"Tan oak - Douglas-fir - Dry,Warm,Ridge Top",-123.67234639,42.43421934,NA,NA,NA,NA,NA,NA,NA,NA,NA,NA,NA,NA,NA,NA,NA,1919
"R03","4","R030022_007_new","Briggs Secret","BS03_004_01_007_new","1_new",1,110,"Hardwood","R","density",0.1,NA,"NO","LIDE",47.6294062470343,3,"LIVE",1,NA,NA,NA,NA,NA,NA,"LIDE3-PSME-QUCH2/BENE2","Tan oak - Douglas-fir - Dry","Mediterranean California Mixed-Evergreen Forest -- Interior","Warm",1353783.375,"Ridge Top",NA,2014,3,545,697,152,927,2.34136687992126,0.0979830949290185,0.0298996655653565,77,247,225,"Tan oak - Douglas-fir - Dry,Warm,Ridge Top",-123.67234639,42.43421934,NA,NA,NA,NA,NA,NA,NA,NA,NA,NA,NA,NA,NA,NA,NA,1935
"R03","44","R030100_new","Briggs Secret","BS03_044_01_new","1_new",1,73,"Hardwood","R","density",0.1,NA,"NO","QUCH",22.6987796657285,3,"LIVE",1,NA,NA,NA,NA,NA,NA,"LIDE3-PSME-QUCH2/BENE2","Tan oak - Douglas-fir - Dry","Mediterranean California Mixed-Evergreen Forest -- Interior","Warm",1353783.375,"Ridge Top",NA,2014,3,545,697,152,927,8.34645669291339,0.748864823474676,0.379954574745185,77,247,225,"Tan oak - Douglas-fir - Dry,Warm,Ridge Top",-123.67234639,42.43421934,NA,NA,NA,NA,NA,NA,NA,NA,NA,NA,NA,NA,NA,NA,NA,1933
"R03","52","R030114_new","Briggs Secret","BS03_052_02_new","2_new",1,NA,"Hardwood","R","density",0.1,NA,"NO","ARME",24.3728325470956,2,"LIVE",1,NA,NA,NA,NA,NA,NA,"LIDE3-PSME-QUCH2/BENE2","Tan oak - Douglas-fir - Dry","Mediterranean California Mixed-Evergreen Forest -- Interior","Warm",1353783.375,"Ridge Top",NA,2014,6,545,697,152,927,7.36220472440945,0.612650262412976,0.295626368909407,77,247,225,"Tan oak - Douglas-fir - Dry,Warm,Ridge Top",-123.67234639,42.43421934,NA,NA,NA,NA,NA,NA,NA,NA,NA,NA,NA,NA,NA,NA,NA,1934
"R03","53","R030115_001_new","Briggs Secret","BS03_053_01_001_new","1_new",1,52,"Hardwood","R","density",0.1,NA,"NO","LIDE",18.9263177572662,3,"LIVE",1,NA,NA,NA,NA,NA,NA,"LIDE3-PSME-QUCH2/BENE2","Tan oak - Douglas-fir - Dry","Mediterranean California Mixed-Evergreen Forest -- Interior","Warm",1353783.375,"Ridge Top",NA,2014,3,545,697,152,927,5.11205807086614,0.341785194321339,0.142534155340473,77,247,225,"Tan oak - Douglas-fir - Dry,Warm,Ridge Top",-123.67234639,42.43421934,NA,NA,NA,NA,NA,NA,NA,NA,NA,NA,NA,NA,NA,NA,NA,1945
"R03","54","R030117_new","Briggs Secret","BS03_054_01_new","1_new",1,32,"Hardwood","R","density",0.1,NA,"NO","QUCH",13.5962244621297,3,"LIVE",1,NA,NA,NA,NA,NA,NA,"LIDE3-PSME-QUCH2/BENE2","Tan oak - Douglas-fir - Dry","Mediterranean California Mixed-Evergreen Forest -- Interior","Warm",1353783.375,"Ridge Top",NA,2014,3,545,697,152,927,4.80314960629921,0.309344060954229,0.125828673249095,77,247,225,"Tan oak - Douglas-fir - Dry,Warm,Ridge Top",-123.67234639,42.43421934,NA,NA,NA,NA,NA,NA,NA,NA,NA,NA,NA,NA,NA,NA,NA,1944
"R03","58","R030127_001_new","Briggs Secret","BS03_058_01_001_new","1_new",1,86,"Hardwood","R","density",0.1,NA,"NO","LIDE",28.5716970210793,3,"LIVE",1,NA,NA,NA,NA,NA,NA,"LIDE3-PSME-QUCH2/BENE2","Tan oak - Douglas-fir - Dry","Mediterranean California Mixed-Evergreen Forest -- Interior","Warm",1353783.375,"Ridge Top",NA,2014,3,545,697,152,927,7.60543602362205,0.64535486435313,0.315482754581648,77,247,225,"Tan oak - Douglas-fir - Dry,Warm,Ridge Top",-123.67234639,42.43421934,NA,NA,NA,NA,NA,NA,NA,NA,NA,NA,NA,NA,NA,NA,NA,1935
"R03","63","R030140_001_new","Briggs Secret","BS03_063_01_001_new","1_new",1,89,"Hardwood","R","density",0.1,NA,"NO","QUCH",30.3718491075812,3,"LIVE",1,NA,NA,NA,NA,NA,NA,"LIDE3-PSME-QUCH2/BENE2","Tan oak - Douglas-fir - Dry","Mediterranean California Mixed-Evergreen Forest -- Interior","Warm",1353783.375,"Ridge Top",NA,2014,3,545,697,152,927,7.82543996062992,0.675482375452383,0.33399880790653,77,247,225,"Tan oak - Douglas-fir - Dry,Warm,Ridge Top",-123.67234639,42.43421934,NA,NA,NA,NA,NA,NA,NA,NA,NA,NA,NA,NA,NA,NA,NA,1931
"R03","7","R030027_004_new","Briggs Secret","BS03_007_01_004_new","1_new",1,93,"Hardwood","R","density",0.1,NA,"NO","QUCH",39.4972565540668,3,"LIVE",1,NA,NA,NA,NA,NA,NA,"LIDE3-PSME-QUCH2/BENE2","Tan oak - Douglas-fir - Dry","Mediterranean California Mixed-Evergreen Forest -- Interior","Warm",1353783.375,"Ridge Top",NA,2014,3,545,697,152,927,2.7062595144357,0.123535308720184,0.03994535364185,77,247,225,"Tan oak - Douglas-fir - Dry,Warm,Ridge Top",-123.67234639,42.43421934,NA,NA,NA,NA,NA,NA,NA,NA,NA,NA,NA,NA,NA,NA,NA,1935
"R04","12","R040026_new","Briggs Secret","BS04_012_02_new","2_new",1,NA,"Hardwood","R","density",0.1,NA,"NO","ARME",44.9015120661949,0,"OLDER DEAD",4,NA,NA,NA,NA,NA,NA,"LIDE3-PSME-QUCH2/BENE2","Tan oak - Douglas-fir - Dry","Mediterranean California Mixed-Evergreen Forest -- Interior","Cool",845141.375,"Mid Slope",NA,2014,6,583,770,187,852,4.4488188976378,0.273647549229568,0.107948557425269,109,361,311,"Tan oak - Douglas-fir - Dry,Cool,Mid Slope",-123.67558738,42.4358371,"Pacific madrone","Other","Small",0.0497322111706197,0.0850555555555556,-7.60356803384786,-3.80178401692393,-1.57788293118239,-7.60356803384786,-3.80178401692393,-1.57788293118239,2010,2010,2010,2010,1919
"R04","18","R040031_004_new","Briggs Secret","BS04_018_01_004_new","1_new",1,50,"Hardwood","R","density",0.1,NA,"NO","QUCH",23.4977586219609,3,"LIVE",1,NA,NA,NA,NA,NA,NA,"LIDE3-PSME-QUCH2/BENE2","Tan oak - Douglas-fir - Dry","Mediterranean California Mixed-Evergreen Forest -- Interior","Cool",845141.375,"Mid Slope",NA,2014,3,583,770,187,852,1.98615551181102,0.0753045468967249,0.0215156211691201,109,361,311,"Tan oak - Douglas-fir - Dry,Cool,Mid Slope",-123.67558738,42.4358371,NA,NA,NA,NA,NA,NA,NA,NA,NA,NA,NA,NA,NA,NA,NA,1925
"R04","22","R040040_new","Briggs Secret","BS04_022_02_new","2_new",1,NA,"Hardwood","R","density",0.1,NA,"NO","ARME",49.6844054880046,0,"RECENT DEAD",3,NA,NA,NA,NA,NA,NA,"LIDE3-PSME-QUCH2/BENE2","Tan oak - Douglas-fir - Dry","Mediterranean California Mixed-Evergreen Forest -- Interior","Cool",845141.375,"Mid Slope",NA,2014,6,583,770,187,852,4.21259842519685,0.250772608651591,0.0967893362018873,109,361,311,"Tan oak - Douglas-fir - Dry,Cool,Mid Slope",-123.67558738,42.4358371,"Pacific madrone","Other","Small",0.0497322111706197,0.0850555555555556,NA,NA,NA,NA,NA,NA,NA,NA,2014,2014,1919
"R04","24","R040043_006_new","Briggs Secret","BS04_024_01_006_new","1_new",1,74,"Hardwood","R","density",0.1,NA,"NO","LIDE",32.5904704083301,3,"LIVE",1,NA,NA,NA,NA,NA,NA,"LIDE3-PSME-QUCH2/BENE2","Tan oak - Douglas-fir - Dry","Mediterranean California Mixed-Evergreen Forest -- Interior","Cool",845141.375,"Mid Slope",NA,2014,3,583,770,187,852,1.92154865016873,0.0714236787466539,0.0201386409170537,109,361,311,"Tan oak - Douglas-fir - Dry,Cool,Mid Slope",-123.67558738,42.4358371,NA,NA,NA,NA,NA,NA,NA,NA,NA,NA,NA,NA,NA,NA,NA,1925
"R04","38","R040060_new","Briggs Secret","BS04_038_03_new","3_new",1,NA,"Hardwood","R","density",0.1,NA,"NO","QUCH",14.1792017240466,0,"RECENT DEAD",3,NA,NA,NA,NA,NA,NA,"LIDE3-PSME-QUCH2/BENE2","Tan oak - Douglas-fir - Dry","Mediterranean California Mixed-Evergreen Forest -- Interior","Cool",845141.375,"Mid Slope",NA,2014,3,583,770,187,852,7.71980826771654,0.660952763352245,0.325042700552977,109,361,311,"Tan oak - Douglas-fir - Dry,Cool,Mid Slope",-123.67558738,42.4358371,"Misc hardwoods","Other","Small",0.0716364450414148,0.133833333333333,NA,NA,NA,NA,NA,NA,NA,NA,2014,2014,1918
"R04","8","R040023_002_new","Briggs Secret","BS04_008_01_002_new","1_new",1,66,"Hardwood","R","density",0.1,NA,"NO","LIDE",23.370661748833,3,"LIVE",1,NA,NA,NA,NA,NA,NA,"LIDE3-PSME-QUCH2/BENE2","Tan oak - Douglas-fir - Dry","Mediterranean California Mixed-Evergreen Forest -- Interior","Cool",845141.375,"Mid Slope",NA,2014,3,583,770,187,852,6.13874311023622,0.458065027666816,0.205535246737001,109,361,311,"Tan oak - Douglas-fir - Dry,Cool,Mid Slope",-123.67558738,42.4358371,NA,NA,NA,NA,NA,NA,NA,NA,NA,NA,NA,NA,NA,NA,NA,1925
"R05","1","R050001_new","Briggs Secret","BS05_001_01_new","1_new",1,42,"Hardwood","R","density",0.1,"R0501","YES","QUCH",15.2004493224242,3,"LIVE",1,NA,NA,NA,NA,100,NA,"LIDE3-PSME-QUCH2/BENE2","Tan oak - Douglas-fir - Dry","Mediterranean California Mixed-Evergreen Forest -- Interior","Cool",888113.125,"Mid Slope",NA,2014,3,583,771,187,790,6.33858267716535,0.482155866244433,0.219134979796412,89,343,319,"Tan oak - Douglas-fir - Dry,Cool,Mid Slope",-123.67782687,42.43600707,NA,NA,NA,NA,NA,NA,NA,NA,NA,NA,NA,NA,NA,NA,NA,1940
"R05","16","R050032_new","Briggs Secret","BS05_016_02_new","2_new",1,NA,"Hardwood","R","density",0.1,NA,"NO","LIDE",25.5388767509824,0,"RECENT DEAD",3,NA,NA,NA,NA,NA,NA,"LIDE3-PSME-QUCH2/BENE2","Tan oak - Douglas-fir - Dry","Mediterranean California Mixed-Evergreen Forest -- Interior","Cool",888113.125,"Mid Slope",NA,2014,3,583,771,187,790,0.984251968503937,0.024488944517889,0.00528372217016155,89,343,319,"Tan oak - Douglas-fir - Dry,Cool,Mid Slope",-123.67782687,42.43600707,"Misc hardwoods","Other","Small",0.0716364450414148,0.133833333333333,NA,NA,NA,NA,NA,NA,NA,NA,2014,2014,1940
"R05","34","R050053_new","Briggs Secret","BS05_034_03_new","3_new",1,NA,"Hardwood","R","density",0.1,NA,"NO","ARME",36.4697458587693,0,"CLEAN SNAG",5,NA,NA,NA,NA,NA,NA,"LIDE3-PSME-QUCH2/BENE2","Tan oak - Douglas-fir - Dry","Mediterranean California Mixed-Evergreen Forest -- Interior","Cool",888113.125,"Mid Slope",NA,2014,6,583,771,187,790,7.8740157480315,0.682203662226427,0.338158218890339,89,343,319,"Tan oak - Douglas-fir - Dry,Cool,Mid Slope",-123.67782687,42.43600707,"Pacific madrone","Other","Medium",0.0497322111706197,0.0831666666666667,-17.5225369431286,-8.76126847156432,-3.63625495694863,-17.5225369431286,-8.76126847156432,-3.63625495694863,2005,2005,2005,2005,1932
"R05","41","R050060_new","Briggs Secret","BS05_041_01_new","1_new",1,50,"Hardwood","R","density",0.1,NA,"NO","LIDE",23.1190449850133,3,"LIVE",1,NA,NA,NA,NA,NA,NA,"LIDE3-PSME-QUCH2/BENE2","Tan oak - Douglas-fir - Dry","Mediterranean California Mixed-Evergreen Forest -- Interior","Cool",888113.125,"Mid Slope",NA,2014,3,583,771,187,790,4.7244094488189,0.301270110735157,0.121736958800522,89,343,319,"Tan oak - Douglas-fir - Dry,Cool,Mid Slope",-123.67782687,42.43600707,NA,NA,NA,NA,NA,NA,NA,NA,NA,NA,NA,NA,NA,NA,NA,1940
"R05","44","R050065_new","Briggs Secret","BS05_044_01_new","1_new",1,70,"Hardwood","R","density",0.1,NA,"NO","LIDE",30.766769145751,3,"LIVE",1,NA,NA,NA,NA,NA,NA,"LIDE3-PSME-QUCH2/BENE2","Tan oak - Douglas-fir - Dry","Mediterranean California Mixed-Evergreen Forest -- Interior","Cool",888113.125,"Mid Slope",NA,2014,3,583,771,187,790,5,0.329876977693224,0.136353847812057,89,343,319,"Tan oak - Douglas-fir - Dry,Cool,Mid Slope",-123.67782687,42.43600707,NA,NA,NA,NA,NA,NA,NA,NA,NA,NA,NA,NA,NA,NA,NA,1940
"R05","46","R050070_new","Briggs Secret","BS05_046_01_new","1_new",1,52,"Hardwood","R","density",0.1,NA,"NO","LIDE",21.4866860369582,3,"LIVE",1,NA,NA,NA,NA,NA,NA,"LIDE3-PSME-QUCH2/BENE2","Tan oak - Douglas-fir - Dry","Mediterranean California Mixed-Evergreen Forest -- Interior","Cool",888113.125,"Mid Slope",NA,2014,3,583,771,187,790,5.98425196850394,0.439760071045044,0.19532018723106,89,343,319,"Tan oak - Douglas-fir - Dry,Cool,Mid Slope",-123.67782687,42.43600707,NA,NA,NA,NA,NA,NA,NA,NA,NA,NA,NA,NA,NA,NA,NA,1940
"R05","7","R050003_new","Briggs Secret","BS05_007_01_new","1_new",1,64,"Hardwood","R","density",0.1,"R0503","YES","LIDE",28.6696734492475,3,"LIVE",1,NA,NA,NA,NA,NA,NA,"LIDE3-PSME-QUCH2/BENE2","Tan oak - Douglas-fir - Dry","Mediterranean California Mixed-Evergreen Forest -- Interior","Cool",888113.125,"Mid Slope",NA,2014,3,583,771,187,790,4.17322834645669,0.247033264668595,0.0949886436862962,89,343,319,"Tan oak - Douglas-fir - Dry,Cool,Mid Slope",-123.67782687,42.43600707,NA,NA,NA,NA,NA,NA,NA,NA,NA,NA,NA,NA,NA,NA,NA,1940
"R06","102","R060165_004_new","Briggs Secret","BS06_102_01_004_new","1_new",1,58,"Hardwood","R","density",0.1,NA,"NO","LIDE",25.6719178714155,3,"LIVE",1,NA,NA,NA,NA,NA,NA,"LIDE3-PSME-QUCH2/BENE2","Tan oak - Douglas-fir - Dry","Mediterranean California Mixed-Evergreen Forest -- Interior","Warm",1194814.375,"Ridge Top",NA,2014,3,586,785,200,954,2.77603297244094,0.128670619599257,0.0420316684403414,227,400,305,"Tan oak - Douglas-fir - Dry,Warm,Ridge Top",-123.67020171,42.43610805,NA,NA,NA,NA,NA,NA,NA,NA,NA,NA,NA,NA,NA,NA,NA,1935
"R06","46","R060010_new","Briggs Secret","BS06_046_01_new","1_new",1,159,"Hardwood","R","density",0.1,"R0610","YES","ARME",56.9868058115372,2,"LIVE",1,NA,NA,NA,NA,NA,NA,"LIDE3-PSME-QUCH2/BENE2","Tan oak - Douglas-fir - Dry","Mediterranean California Mixed-Evergreen Forest -- Interior","Warm",1194814.375,"Ridge Top",NA,2014,6,586,785,200,954,12.6771653543307,1.46162326821372,0.876539919185648,227,400,305,"Tan oak - Douglas-fir - Dry,Warm,Ridge Top",-123.67020171,42.43610805,NA,NA,NA,NA,NA,NA,NA,NA,NA,NA,NA,NA,NA,NA,NA,1922
"R06","59","R060102_007_new","Briggs Secret","BS06_059_01_007_new","1_new",1,68,"Hardwood","R","density",0.1,NA,"NO","LIDE",30.6661116427312,3,"LIVE",1,NA,NA,NA,NA,NA,NA,"LIDE3-PSME-QUCH2/BENE2","Tan oak - Douglas-fir - Dry","Mediterranean California Mixed-Evergreen Forest -- Interior","Warm",1194814.375,"Ridge Top",NA,2014,3,586,785,200,954,1.39675831146107,0.0428740019057733,0.0106406931126473,227,400,305,"Tan oak - Douglas-fir - Dry,Warm,Ridge Top",-123.67020171,42.43610805,NA,NA,NA,NA,NA,NA,NA,NA,NA,NA,NA,NA,NA,NA,NA,1931
"R06","69","R060117_new","Briggs Secret","BS06_069_01_new","1_new",1,32,"Hardwood","R","density",0.1,NA,"NO","LIDE",15.1358815111496,3,"LIVE",1,NA,NA,NA,NA,NA,NA,"LIDE3-PSME-QUCH2/BENE2","Tan oak - Douglas-fir - Dry","Mediterranean California Mixed-Evergreen Forest -- Interior","Warm",1194814.375,"Ridge Top",NA,2014,3,586,785,200,954,4.09448818897638,0.239617976457642,0.0914379823879477,227,400,305,"Tan oak - Douglas-fir - Dry,Warm,Ridge Top",-123.67020171,42.43610805,NA,NA,NA,NA,NA,NA,NA,NA,NA,NA,NA,NA,NA,NA,NA,1931
"R06","70","R060119_new","Briggs Secret","BS06_070_01_new","1_new",1,81,"Hardwood","R","density",0.1,NA,"NO","ARME",25.1257419383227,2,"LIVE",1,NA,NA,NA,NA,NA,NA,"LIDE3-PSME-QUCH2/BENE2","Tan oak - Douglas-fir - Dry","Mediterranean California Mixed-Evergreen Forest -- Interior","Warm",1194814.375,"Ridge Top",NA,2014,6,586,785,200,954,10.2755905511811,1.04445772207784,0.57589190072572,227,400,305,"Tan oak - Douglas-fir - Dry,Warm,Ridge Top",-123.67020171,42.43610805,NA,NA,NA,NA,NA,NA,NA,NA,NA,NA,NA,NA,NA,NA,NA,1926
"R06","78","R060128_new","Briggs Secret","BS06_078_03_new","3_new",1,NA,"Hardwood","R","density",0.1,NA,"NO","ARME",40.471493073004,0,"CLEAN SNAG",5,NA,NA,NA,NA,NA,NA,"LIDE3-PSME-QUCH2/BENE2","Tan oak - Douglas-fir - Dry","Mediterranean California Mixed-Evergreen Forest -- Interior","Warm",1194814.375,"Ridge Top",NA,2014,6,586,785,200,954,4.68597755905512,0.297358479312827,0.11976441519001,227,400,305,"Tan oak - Douglas-fir - Dry,Warm,Ridge Top",-123.67020171,42.43610805,"Pacific madrone","Ridgetop","Small",0.0497322111706197,0.143888888888889,-17.5225369431286,-8.76126847156432,-3.63625495694863,-17.5225369431286,-8.76126847156432,-3.63625495694863,2005,2005,2005,2005,1926
"R06","90","R060144_new","Briggs Secret","BS06_090_01_new","1_new",1,72,"Hardwood","R","density",0.1,NA,"NO","CHCH",26.6320603545804,3,"LIVE",1,NA,NA,NA,NA,NA,NA,"LIDE3-PSME-QUCH2/BENE2","Tan oak - Douglas-fir - Dry","Mediterranean California Mixed-Evergreen Forest -- Interior","Warm",1194814.375,"Ridge Top",NA,2014,7,586,785,200,954,7.83464566929134,0.676754224839765,0.334785090656908,227,400,305,"Tan oak - Douglas-fir - Dry,Warm,Ridge Top",-123.67020171,42.43610805,NA,NA,NA,NA,NA,NA,NA,NA,NA,NA,NA,NA,NA,NA,NA,1935
"S01","11","S010008_new","Star Gulch","ST01_011_01_new","1_new",1,69,"Hardwood","S","density",0.1,"S0108","YES","QUCH",16.5195068573063,2,"LIVE",1,NA,NA,NA,NA,NA,NA,"PSME-QUCH2/RHDI6","Douglas-fir - Dry","Mediterranean California Dry-Mesic Mixed Conifer Forest and Woodland","Warm",1401615.875,"Mid Slope",NA,2014,3,530,723,193,974,8.26771653543307,0.737593235249194,0.372819436326599,109,117,72,"Douglas-fir - Dry,Warm,Mid Slope",-123.10878881,42.14265002,NA,NA,NA,NA,NA,NA,NA,NA,NA,NA,NA,NA,NA,NA,NA,1941
"S01","12","S010073_new","Star Gulch","ST01_012_05_new","5_new",1,NA,"Hardwood","S","density",0.1,NA,"NO","QUCH",36.8675205304321,2,"LIVE",1,NA,NA,NA,NA,NA,NA,"PSME-QUCH2/RHDI6","Douglas-fir - Dry","Mediterranean California Dry-Mesic Mixed Conifer Forest and Woodland","Warm",1401615.875,"Mid Slope",NA,2014,3,530,723,193,974,6.33858267716535,0.482155866244433,0.219134979796412,109,117,72,"Douglas-fir - Dry,Warm,Mid Slope",-123.10878881,42.14265002,NA,NA,NA,NA,NA,NA,NA,NA,NA,NA,NA,NA,NA,NA,NA,1942
"S01","26","S010106_new","Star Gulch","ST01_026_02_new","2_new",1,NA,"Hardwood","S","density",0.1,NA,"NO","QUKE",23.3945045959501,3,"LIVE",1,NA,NA,NA,NA,NA,NA,"PSME-QUCH2/RHDI6","Douglas-fir - Dry","Mediterranean California Dry-Mesic Mixed Conifer Forest and Woodland","Warm",1401615.875,"Mid Slope",NA,2014,3,530,723,193,974,6.69291338582677,0.525998284346066,0.24431931314827,109,117,72,"Douglas-fir - Dry,Warm,Mid Slope",-123.10878881,42.14265002,NA,NA,NA,NA,NA,NA,NA,NA,NA,NA,NA,NA,NA,NA,NA,1944
"S01","28","S010114_001_new","Star Gulch","ST01_028_06_001_new","6_new",1,NA,"Hardwood","S","density",0.1,NA,"NO","ARME",75.6575036128639,0,"CLEAN SNAG",5,NA,NA,NA,NA,NA,NA,"PSME-QUCH2/RHDI6","Douglas-fir - Dry","Mediterranean California Dry-Mesic Mixed Conifer Forest and Woodland","Warm",1401615.875,"Mid Slope",NA,2014,6,530,723,193,974,2.95275590551181,0.14202476352394,0.0475534995314539,109,117,72,"Douglas-fir - Dry,Warm,Mid Slope",-123.10878881,42.14265002,"Pacific madrone","Other","Small",0.0497322111706197,0.0850555555555556,-17.5225369431286,-8.76126847156432,-3.63625495694863,-17.5225369431286,-8.76126847156432,-3.63625495694863,2005,2005,2005,2005,1933
"S01","3","S010060_new","Star Gulch","ST01_003_02_new","2_new",1,NA,"Hardwood","S","density",0.1,NA,"NO","ARME",29.5108353285923,0,"CLEAN SNAG",5,NA,NA,NA,NA,NA,NA,"PSME-QUCH2/RHDI6","Douglas-fir - Dry","Mediterranean California Dry-Mesic Mixed Conifer Forest and Woodland","Warm",1401615.875,"Mid Slope",NA,2014,6,530,723,193,974,2.95275590551181,0.14202476352394,0.0475534995314539,109,117,72,"Douglas-fir - Dry,Warm,Mid Slope",-123.10878881,42.14265002,"Pacific madrone","Other","Small",0.0497322111706197,0.0850555555555556,-17.5225369431286,-8.76126847156432,-3.63625495694863,-17.5225369431286,-8.76126847156432,-3.63625495694863,2005,2005,2005,2005,1933
"S01","34","S010134_new","Star Gulch","ST01_034_01_new","1_new",1,148,"Hardwood","S","density",0.1,NA,"NO","ARME",48.0459187884867,2,"LIVE",1,NA,NA,NA,NA,NA,NA,"PSME-QUCH2/RHDI6","Douglas-fir - Dry","Mediterranean California Dry-Mesic Mixed Conifer Forest and Woodland","Warm",1401615.875,"Mid Slope",NA,2014,6,530,723,193,974,8.26771653543307,0.737593235249194,0.372819436326599,109,117,72,"Douglas-fir - Dry,Warm,Mid Slope",-123.10878881,42.14265002,NA,NA,NA,NA,NA,NA,NA,NA,NA,NA,NA,NA,NA,NA,NA,1928
"S01","52","S010199_new","Star Gulch","ST01_052_01_new","1_new",1,134,"Hardwood","S","density",0.1,NA,"NO","ARME",46.5355132533651,3,"LIVE",1,NA,NA,NA,NA,NA,NA,"PSME-QUCH2/RHDI6","Douglas-fir - Dry","Mediterranean California Dry-Mesic Mixed Conifer Forest and Woodland","Warm",1401615.875,"Mid Slope",NA,2014,6,530,723,193,974,8.81889763779527,0.817829708588468,0.424185669776041,109,117,72,"Douglas-fir - Dry,Warm,Mid Slope",-123.10878881,42.14265002,NA,NA,NA,NA,NA,NA,NA,NA,NA,NA,NA,NA,NA,NA,NA,1925
"S01","55","S010214_002_new","Star Gulch","ST01_055_06_002_new","6_new",1,NA,"Hardwood","S","density",0.1,NA,"NO","QUCH",57.5845521024964,4,"LIVE",1,NA,NA,NA,NA,NA,NA,"PSME-QUCH2/RHDI6","Douglas-fir - Dry","Mediterranean California Dry-Mesic Mixed Conifer Forest and Woodland","Warm",1401615.875,"Mid Slope",NA,2014,3,530,723,193,974,2.95275590551181,0.14202476352394,0.0475534995314539,109,117,72,"Douglas-fir - Dry,Warm,Mid Slope",-123.10878881,42.14265002,NA,NA,NA,NA,NA,NA,NA,NA,NA,NA,NA,NA,NA,NA,NA,1933
"S01","56","S010216_002_new","Star Gulch","ST01_056_01_002_new","1_new",1,153,"Hardwood","S","density",0.1,NA,"NO","QUCH",62.7872342628331,3,"LIVE",1,NA,NA,NA,NA,NA,NA,"PSME-QUCH2/RHDI6","Douglas-fir - Dry","Mediterranean California Dry-Mesic Mixed Conifer Forest and Woodland","Warm",1401615.875,"Mid Slope",NA,2014,3,530,723,193,974,4.17295242782152,0.247007132485608,0.0949760834962848,109,117,72,"Douglas-fir - Dry,Warm,Mid Slope",-123.10878881,42.14265002,NA,NA,NA,NA,NA,NA,NA,NA,NA,NA,NA,NA,NA,NA,NA,1942
"S01","60","S010040_new","Star Gulch","ST01_060_01_new","1_new",1,44,"Hardwood","S","density",0.1,"S0140","YES","QUCH",18.2090573672288,3,"LIVE",1,NA,NA,NA,NA,NA,NA,"PSME-QUCH2/RHDI6","Douglas-fir - Dry","Mediterranean California Dry-Mesic Mixed Conifer Forest and Woodland","Warm",1401615.875,"Mid Slope",NA,2014,3,530,723,193,974,4.92125984251969,0.321604468383684,0.132093054254039,109,117,72,"Douglas-fir - Dry,Warm,Mid Slope",-123.10878881,42.14265002,NA,NA,NA,NA,NA,NA,NA,NA,NA,NA,NA,NA,NA,NA,NA,1942
"S01","62","S010230_001_new","Star Gulch","ST01_062_02_001_new","2_new",1,NA,"Hardwood","S","density",0.1,NA,"NO","QUCH",29.4096896129235,2,"LIVE",1,NA,NA,NA,NA,NA,NA,"PSME-QUCH2/RHDI6","Douglas-fir - Dry","Mediterranean California Dry-Mesic Mixed Conifer Forest and Woodland","Warm",1401615.875,"Mid Slope",NA,2014,3,530,723,193,974,2.95275590551181,0.14202476352394,0.0475534995314539,109,117,72,"Douglas-fir - Dry,Warm,Mid Slope",-123.10878881,42.14265002,NA,NA,NA,NA,NA,NA,NA,NA,NA,NA,NA,NA,NA,NA,NA,1942
"S01","68","S010254_new","Star Gulch","ST01_068_04_new","4_new",1,NA,"Hardwood","S","density",0.1,NA,"NO","ARME",36.1144130498581,0,"CLEAN SNAG",5,NA,NA,NA,NA,NA,NA,"PSME-QUCH2/RHDI6","Douglas-fir - Dry","Mediterranean California Dry-Mesic Mixed Conifer Forest and Woodland","Warm",1401615.875,"Mid Slope",NA,2014,6,530,723,193,974,2.95275590551181,0.14202476352394,0.0475534995314539,109,117,72,"Douglas-fir - Dry,Warm,Mid Slope",-123.10878881,42.14265002,"Pacific madrone","Other","Small",0.0497322111706197,0.0850555555555556,-17.5225369431286,-8.76126847156432,-3.63625495694863,-17.5225369431286,-8.76126847156432,-3.63625495694863,2005,2005,2005,2005,1925
"S01","73","S010265_001_new","Star Gulch","ST01_073_03_001_new","3_new",1,NA,"Hardwood","S","density",0.1,NA,"NO","ARME",60.4548556872765,0,"BROKEN TOPPED SNAG",6,NA,NA,NA,NA,NA,NA,"PSME-QUCH2/RHDI6","Douglas-fir - Dry","Mediterranean California Dry-Mesic Mixed Conifer Forest and Woodland","Warm",1401615.875,"Mid Slope",NA,2014,6,530,723,193,974,2.95275590551181,0.14202476352394,0.0475534995314539,109,117,72,"Douglas-fir - Dry,Warm,Mid Slope",-123.10878881,42.14265002,"Pacific madrone","Other","Small",0.0497322111706197,0.0850555555555556,-46.0852578110958,-23.0426289055479,-9.56355507776901,-34.504947450749,-17.2524737253745,-7.16042355135339,1991,1997,1991,1997,1925
"S01","75","S010048_new","Star Gulch","ST01_075_01_new","1_new",1,46,"Hardwood","S","density",0.1,"S0148","YES","QUCH",17.6515632089698,3,"LIVE",1,NA,NA,NA,NA,NA,NA,"PSME-QUCH2/RHDI6","Douglas-fir - Dry","Mediterranean California Dry-Mesic Mixed Conifer Forest and Woodland","Warm",1401615.875,"Mid Slope",NA,2014,3,530,723,193,974,5.66929133858268,0.403316547413707,0.175301220672752,109,117,72,"Douglas-fir - Dry,Warm,Mid Slope",-123.10878881,42.14265002,NA,NA,NA,NA,NA,NA,NA,NA,NA,NA,NA,NA,NA,NA,NA,1922
"S02","39","S020059_new","Star Gulch","ST02_039_03_new","3_new",1,NA,"Hardwood","S","density",0.1,NA,"NO","QUKE",23.5079270353859,0,"CLEAN SNAG",5,NA,NA,NA,NA,NA,NA,"PSME-QUCH2/RHDI6","Douglas-fir - Dry","Mediterranean California Dry-Mesic Mixed Conifer Forest and Woodland","Warm",1372036.75,"Mid Slope",NA,2014,3,523,706,183,937,7.44094488188976,0.623167707417467,0.301983743424545,348,231,121,"Douglas-fir - Dry,Warm,Mid Slope",-123.10676606,42.14275898,"Misc hardwoods","Other","Small",0.0716364450414148,0.133833333333333,-17.5225369431286,-8.76126847156432,-3.63625495694863,-17.5225369431286,-8.76126847156432,-3.63625495694863,2005,2005,2005,2005,1940
"S02","75","S020019_new","Star Gulch","ST02_075_01_new","1_new",1,38,"Hardwood","S","density",0.1,"S0219","YES","QUKE",16.6572997422807,3,"LIVE",1,NA,NA,NA,NA,NA,NA,"PSME-QUCH2/RHDI6","Douglas-fir - Dry","Mediterranean California Dry-Mesic Mixed Conifer Forest and Woodland","Warm",1372036.75,"Mid Slope",NA,2014,3,523,706,183,937,4.01574803149606,0.232287761185964,0.0879549527333772,348,231,121,"Douglas-fir - Dry,Warm,Mid Slope",-123.10676606,42.14275898,NA,NA,NA,NA,NA,NA,NA,NA,NA,NA,NA,NA,NA,NA,NA,1929
"S03","14","S030027_002_new","Star Gulch","ST03_014_02_002_new","2_new",1,NA,"Hardwood","S","density",0.1,NA,"NO","ARME",20.9466767738162,0,"CLEAN SNAG",5,NA,NA,NA,NA,NA,NA,"PSME-QUCH2/RHDI6","Douglas-fir - Dry","Mediterranean California Dry-Mesic Mixed Conifer Forest and Woodland","Warm",1442915,"Mid Slope",NA,2014,6,536,722,186,1128,0.984251968503937,0.024488944517889,0.00528372217016155,429,273,146,"Douglas-fir - Dry,Warm,Mid Slope",-123.11455529,42.1441014,"Pacific madrone","Other","Small",0.0497322111706197,0.0850555555555556,-17.5225369431286,-8.76126847156432,-3.63625495694863,-17.5225369431286,-8.76126847156432,-3.63625495694863,2005,2005,2005,2005,1959
"S03","65","S030085_002_new","Star Gulch","ST03_065_04_002_new","4_new",1,NA,"Hardwood","S","density",0.1,NA,"NO","ARME",30.5229457467875,0,"OLDER DEAD",4,NA,NA,NA,NA,NA,NA,"PSME-QUCH2/RHDI6","Douglas-fir - Dry","Mediterranean California Dry-Mesic Mixed Conifer Forest and Woodland","Warm",1442915,"Mid Slope",NA,2014,6,536,722,186,1128,0.984251968503937,0.024488944517889,0.00528372217016155,429,273,146,"Douglas-fir - Dry,Warm,Mid Slope",-123.11455529,42.1441014,"Pacific madrone","Other","Small",0.0497322111706197,0.0850555555555556,-7.60356803384786,-3.80178401692393,-1.57788293118239,-7.60356803384786,-3.80178401692393,-1.57788293118239,2010,2010,2010,2010,1963
"S03","74","S030100_new","Star Gulch","ST03_074_04_new","4_new",1,NA,"Hardwood","S","density",0.1,NA,"NO","ARME",17.8787342324204,0,"DOWN DEAD",8,NA,NA,NA,NA,NA,NA,"PSME-QUCH2/RHDI6","Douglas-fir - Dry","Mediterranean California Dry-Mesic Mixed Conifer Forest and Woodland","Warm",1442915,"Mid Slope",NA,2014,6,536,722,186,1128,0.984251968503937,0.024488944517889,0.00528372217016155,429,273,146,"Douglas-fir - Dry,Warm,Mid Slope",-123.11455529,42.1441014,"Pacific madrone","Other","Small",0.0497322111706197,0.0850555555555556,-103.21069954703,-51.6053497735151,-21.4181553194097,-68.4697684659897,-34.2348842329948,-14.2087607401629,1962,1980,1962,1980,1934
"S03","75","S030101_new","Star Gulch","ST03_075_01_new","1_new",1,113,"Hardwood","S","density",0.1,NA,"NO","ARME",29.5983754241501,2,"LIVE",1,NA,NA,NA,NA,NA,NA,"PSME-QUCH2/RHDI6","Douglas-fir - Dry","Mediterranean California Dry-Mesic Mixed Conifer Forest and Woodland","Warm",1442915,"Mid Slope",NA,2014,6,536,722,186,1128,10.3149606299213,1.05086788382938,0.580313319437711,429,273,146,"Douglas-fir - Dry,Warm,Mid Slope",-123.11455529,42.1441014,NA,NA,NA,NA,NA,NA,NA,NA,NA,NA,NA,NA,NA,NA,NA,1963
"S04","36","S040040_new","Star Gulch","ST04_036_03_new","3_new",1,NA,"Hardwood","S","density",0.1,NA,"NO","ARME",19.5455222540857,0,"BROKEN BUTT SNAG",7,NA,NA,NA,NA,NA,NA,"PSME-QUCH2/RHDI6","Douglas-fir - Dry","Mediterranean California Dry-Mesic Mixed Conifer Forest and Woodland","Cool",958876.375,"Ridge Top",NA,2014,6,563,810,247,1150,9.29133858267717,0.889048100005717,0.470851503982908,186,387,266,"Douglas-fir - Dry,Cool,Ridge Top",-123.1138971,42.14644643,"Pacific madrone","Ridgetop","Medium",0.0497322111706197,0.140333333333333,-74.647978679063,-37.3239893395315,-15.4908551985894,-38.6356628076548,-19.3178314038274,-8.01762443733484,1977,1995,1977,1995,1953
"S05","12","S050022_002_new","Star Gulch","ST05_012_03_002_new","3_new",1,NA,"Hardwood","S","density",0.1,NA,"NO","ARME",52.5976474539375,4,"LIVE",1,NA,NA,NA,NA,NA,NA,"PSME-QUCH2/RHDI6","Douglas-fir - Dry","Mediterranean California Dry-Mesic Mixed Conifer Forest and Woodland","Cool",1024067.25,"Mid Slope",NA,2014,6,561,788,226,1062,0.984251968503937,0.024488944517889,0.00528372217016155,77,167,130,"Douglas-fir - Dry,Cool,Mid Slope",-123.11737493,42.14680545,NA,NA,NA,NA,NA,NA,NA,NA,NA,NA,NA,NA,NA,NA,NA,1930
"S05","22","S050042_new","Star Gulch","ST05_022_01_new","1_new",1,46,"Hardwood","S","density",0.1,NA,"NO","QUCH",15.4697842701108,0,"CUT STUMP",2,NA,NA,NA,NA,NA,2011,"PSME-QUCH2/RHDI6","Douglas-fir - Dry","Mediterranean California Dry-Mesic Mixed Conifer Forest and Woodland","Cool",1024067.25,"Mid Slope",NA,2014,3,561,788,226,1062,7.04165787401575,0.570531822437146,0.270443925124572,77,167,130,"Douglas-fir - Dry,Cool,Mid Slope",-123.11737493,42.14680545,"Misc hardwoods","Other","Small",0.0716364450414148,0.133833333333333,NA,NA,NA,NA,NA,NA,NA,NA,2011,2011,1925
"S05","23","S050044_new","Star Gulch","ST05_023_01_new","1_new",1,92,"Hardwood","S","density",0.1,NA,"NO","ARME",33.2606609263349,3,"LIVE",1,NA,NA,NA,NA,NA,NA,"PSME-QUCH2/RHDI6","Douglas-fir - Dry","Mediterranean California Dry-Mesic Mixed Conifer Forest and Woodland","Cool",1024067.25,"Mid Slope",NA,2014,6,561,788,226,1062,9.68503937007874,0.950084482173407,0.511599569359194,77,167,130,"Douglas-fir - Dry,Cool,Mid Slope",-123.11737493,42.14680545,NA,NA,NA,NA,NA,NA,NA,NA,NA,NA,NA,NA,NA,NA,NA,1921
"S05","25","S050054_051_new","Star Gulch","ST05_025_01_051_new","1_new",1,78,"Hardwood","S","density",0.1,NA,"NO","QUCH",36.9585150752429,3,"LIVE",1,NA,NA,NA,NA,NA,NA,"PSME-QUCH2/RHDI6","Douglas-fir - Dry","Mediterranean California Dry-Mesic Mixed Conifer Forest and Woodland","Cool",1024067.25,"Mid Slope",NA,2014,3,561,788,226,1062,0.246272240640972,0.00266848483310169,0.000330794524841904,77,167,130,"Douglas-fir - Dry,Cool,Mid Slope",-123.11737493,42.14680545,NA,NA,NA,NA,NA,NA,NA,NA,NA,NA,NA,NA,NA,NA,NA,1930
"S05","26","S050055_043_new","Star Gulch","ST05_026_01_043_new","1_new",1,84,"Hardwood","S","density",0.1,NA,"NO","QUCH",39.1663641065634,3,"LIVE",1,NA,NA,NA,NA,NA,NA,"PSME-QUCH2/RHDI6","Douglas-fir - Dry","Mediterranean California Dry-Mesic Mixed Conifer Forest and Woodland","Cool",1024067.25,"Mid Slope",NA,2014,3,561,788,226,1062,0.179729318850204,0.00161209371728897,0.000176183505186138,77,167,130,"Douglas-fir - Dry,Cool,Mid Slope",-123.11737493,42.14680545,NA,NA,NA,NA,NA,NA,NA,NA,NA,NA,NA,NA,NA,NA,NA,1927
"S05","32","S050073_new","Star Gulch","ST05_032_04_new","4_new",1,NA,"Hardwood","S","density",0.1,NA,"NO","ARME",57.0180026229223,3,"LIVE",1,NA,NA,NA,NA,NA,NA,"PSME-QUCH2/RHDI6","Douglas-fir - Dry","Mediterranean California Dry-Mesic Mixed Conifer Forest and Woodland","Cool",1024067.25,"Mid Slope",NA,2014,6,561,788,226,1062,5.62992125984252,0.398844597139188,0.172874935452214,77,167,130,"Douglas-fir - Dry,Cool,Mid Slope",-123.11737493,42.14680545,NA,NA,NA,NA,NA,NA,NA,NA,NA,NA,NA,NA,NA,NA,NA,1928
"S05","34","S050077_new","Star Gulch","ST05_034_02_new","2_new",1,NA,"Hardwood","S","density",0.1,NA,"NO","QUCH",17.15477791633,0,"CUT STUMP",2,NA,NA,NA,NA,NA,2011,"PSME-QUCH2/RHDI6","Douglas-fir - Dry","Mediterranean California Dry-Mesic Mixed Conifer Forest and Woodland","Cool",1024067.25,"Mid Slope",NA,2014,3,561,788,226,1062,2.95275590551181,0.14202476352394,0.0475534995314539,77,167,130,"Douglas-fir - Dry,Cool,Mid Slope",-123.11737493,42.14680545,"Misc hardwoods","Other","Small",0.0716364450414148,0.133833333333333,NA,NA,NA,NA,NA,NA,NA,NA,2011,2011,1927
"S05","37","S050083_004_new","Star Gulch","ST05_037_01_004_new","1_new",1,128,"Hardwood","S","density",0.1,NA,"NO","QUCH",53.917135358373,0,"CUT STUMP",2,NA,NA,NA,NA,NA,2011,"PSME-QUCH2/RHDI6","Douglas-fir - Dry","Mediterranean California Dry-Mesic Mixed Conifer Forest and Woodland","Cool",1024067.25,"Mid Slope",NA,2014,3,561,788,226,1062,3.05299746906637,0.149817418964852,0.0508370425870407,77,167,130,"Douglas-fir - Dry,Cool,Mid Slope",-123.11737493,42.14680545,"Misc hardwoods","Other","Small",0.0716364450414148,0.133833333333333,NA,NA,NA,NA,NA,NA,NA,NA,2011,2011,1927
"S05","51","S050100_new","Star Gulch","ST05_051_02_new","2_new",1,NA,"Hardwood","S","density",0.1,NA,"NO","ARME",49.7934765345944,4,"LIVE",1,NA,NA,NA,NA,NA,NA,"PSME-QUCH2/RHDI6","Douglas-fir - Dry","Mediterranean California Dry-Mesic Mixed Conifer Forest and Woodland","Cool",1024067.25,"Mid Slope",NA,2014,6,561,788,226,1062,12.1653543307087,1.36835763729807,0.807192122446712,77,167,130,"Douglas-fir - Dry,Cool,Mid Slope",-123.11737493,42.14680545,NA,NA,NA,NA,NA,NA,NA,NA,NA,NA,NA,NA,NA,NA,NA,1917
"S05","55","S050110_001_new","Star Gulch","ST05_055_03_001_new","3_new",1,NA,"Hardwood","S","density",0.1,NA,"NO","ARME",52.5582032716136,0,"OLDER DEAD",4,NA,NA,NA,NA,NA,NA,"PSME-QUCH2/RHDI6","Douglas-fir - Dry","Mediterranean California Dry-Mesic Mixed Conifer Forest and Woodland","Cool",1024067.25,"Mid Slope",NA,2014,6,561,788,226,1062,0.984251968503937,0.024488944517889,0.00528372217016155,77,167,130,"Douglas-fir - Dry,Cool,Mid Slope",-123.11737493,42.14680545,"Pacific madrone","Other","Small",0.0497322111706197,0.0850555555555556,-7.60356803384786,-3.80178401692393,-1.57788293118239,-7.60356803384786,-3.80178401692393,-1.57788293118239,2010,2010,2010,2010,1924
"S05","61","S050129_new","Star Gulch","ST05_061_02_new","2_new",1,NA,"Hardwood","S","density",0.1,NA,"NO","QUCH",34.3332009347807,0,"CUT STUMP",2,NA,NA,NA,NA,NA,2011,"PSME-QUCH2/RHDI6","Douglas-fir - Dry","Mediterranean California Dry-Mesic Mixed Conifer Forest and Woodland","Cool",1024067.25,"Mid Slope",NA,2014,3,561,788,226,1062,0.984251968503937,0.024488944517889,0.00528372217016155,77,167,130,"Douglas-fir - Dry,Cool,Mid Slope",-123.11737493,42.14680545,"Misc hardwoods","Other","Small",0.0716364450414148,0.133833333333333,NA,NA,NA,NA,NA,NA,NA,NA,2011,2011,1927
"S05","69","S050146_new","Star Gulch","ST05_069_03_new","3_new",1,NA,"Hardwood","S","density",0.1,NA,"NO","QUCH",48.1972689292821,0,"CLEAN SNAG",5,NA,NA,NA,NA,NA,NA,"PSME-QUCH2/RHDI6","Douglas-fir - Dry","Mediterranean California Dry-Mesic Mixed Conifer Forest and Woodland","Cool",1024067.25,"Mid Slope",NA,2014,3,561,788,226,1062,2.97275551181102,0.143567027581203,0.0481998598331805,77,167,130,"Douglas-fir - Dry,Cool,Mid Slope",-123.11737493,42.14680545,"Misc hardwoods","Other","Small",0.0716364450414148,0.133833333333333,-17.5225369431286,-8.76126847156432,-3.63625495694863,-17.5225369431286,-8.76126847156432,-3.63625495694863,2005,2005,2005,2005,1921
"S06","100","S060127_005_new","Star Gulch","ST06_100_03_005_new","3_new",1,NA,"Hardwood","S","density",0.1,NA,"NO","ARME",36.5733609188658,0,"CUT STUMP",2,NA,NA,NA,NA,NA,2011,"PSME-QUCH2/RHDI6","Douglas-fir - Dry","Mediterranean California Dry-Mesic Mixed Conifer Forest and Woodland","Warm",1209539,"Mid Slope",NA,2014,6,557,798,242,1105,0.984251968503937,0.024488944517889,0.00528372217016155,247,266,157,"Douglas-fir - Dry,Warm,Mid Slope",-123.11453483,42.14765769,"Pacific madrone","Other","Small",0.0497322111706197,0.0850555555555556,NA,NA,NA,NA,NA,NA,NA,NA,2011,2011,1958
"S06","33","S060045_new","Star Gulch","ST06_033_03_new","3_new",1,NA,"Hardwood","S","density",0.1,NA,"NO","ARME",61.9940495169682,0,"RECENT DEAD",3,NA,NA,NA,NA,NA,NA,"PSME-QUCH2/RHDI6","Douglas-fir - Dry","Mediterranean California Dry-Mesic Mixed Conifer Forest and Woodland","Warm",1209539,"Mid Slope",NA,2014,6,557,798,242,1105,5.78740157480315,0.416844224892489,0.182681523800033,247,266,157,"Douglas-fir - Dry,Warm,Mid Slope",-123.11453483,42.14765769,"Pacific madrone","Other","Small",0.0497322111706197,0.0850555555555556,NA,NA,NA,NA,NA,NA,NA,NA,2014,2014,1961
"S06","76","S060094_002_new","Star Gulch","ST06_076_02_002_new","2_new",1,NA,"Hardwood","S","density",0.1,NA,"NO","ARME",19.7249941831898,0,"RECENT DEAD",3,NA,NA,NA,NA,NA,NA,"PSME-QUCH2/RHDI6","Douglas-fir - Dry","Mediterranean California Dry-Mesic Mixed Conifer Forest and Woodland","Warm",1209539,"Mid Slope",NA,2014,6,557,798,242,1105,2.95275590551181,0.14202476352394,0.0475534995314539,247,266,157,"Douglas-fir - Dry,Warm,Mid Slope",-123.11453483,42.14765769,"Pacific madrone","Other","Small",0.0497322111706197,0.0850555555555556,NA,NA,NA,NA,NA,NA,NA,NA,2014,2014,1961
"S06","83","S060102_new","Star Gulch","ST06_083_02_new","2_new",1,NA,"Hardwood","S","density",0.1,NA,"NO","QUCH",18.0770764762408,0,"CUT STUMP",2,NA,NA,NA,NA,NA,2011,"PSME-QUCH2/RHDI6","Douglas-fir - Dry","Mediterranean California Dry-Mesic Mixed Conifer Forest and Woodland","Warm",1209539,"Mid Slope",NA,2014,3,557,798,242,1105,2.58014212598425,0.114453692194165,0.0363090301265041,247,266,157,"Douglas-fir - Dry,Warm,Mid Slope",-123.11453483,42.14765769,"Misc hardwoods","Other","Small",0.0716364450414148,0.133833333333333,NA,NA,NA,NA,NA,NA,NA,NA,2011,2011,1958
"S06","93","S060118_003_new","Star Gulch","ST06_093_05_003_new","5_new",1,NA,"Hardwood","S","density",0.1,NA,"NO","ARME",29.6674964789052,0,"RECENT DEAD",3,NA,NA,NA,NA,NA,NA,"PSME-QUCH2/RHDI6","Douglas-fir - Dry","Mediterranean California Dry-Mesic Mixed Conifer Forest and Woodland","Warm",1209539,"Mid Slope",NA,2014,6,557,798,242,1105,2.95275590551181,0.14202476352394,0.0475534995314539,247,266,157,"Douglas-fir - Dry,Warm,Mid Slope",-123.11453483,42.14765769,"Pacific madrone","Other","Small",0.0497322111706197,0.0850555555555556,NA,NA,NA,NA,NA,NA,NA,NA,2014,2014,1961
"S07","53","S070062_new","Star Gulch","ST07_053_01_new","1_new",1,30,"Hardwood","S","density",0.1,NA,"NO","ARME",15.6501109542363,3,"LIVE",1,NA,NA,NA,NA,NA,NA,"PSME-QUCH2/RHDI6","Douglas-fir - Dry","Mediterranean California Dry-Mesic Mixed Conifer Forest and Woodland","Warm",1144357.75,"Ridge Top",NA,2014,6,557,801,244,1101,0.78740157480315,0.0171361812267271,0.00338158218890339,142,135,79,"Douglas-fir - Dry,Warm,Ridge Top",-123.11442373,42.14894847,NA,NA,NA,NA,NA,NA,NA,NA,NA,NA,NA,NA,NA,NA,NA,1959
"S07","77","S070095_new","Star Gulch","ST07_077_04_new","4_new",1,NA,"Hardwood","S","density",0.1,NA,"NO","ARME",42.1745643219205,4,"LIVE",1,NA,NA,NA,NA,NA,NA,"PSME-QUCH2/RHDI6","Douglas-fir - Dry","Mediterranean California Dry-Mesic Mixed Conifer Forest and Woodland","Warm",1144357.75,"Ridge Top",NA,2014,6,557,801,244,1101,3.93700787401575,0.225043282266502,0.0845395547225848,142,135,79,"Douglas-fir - Dry,Warm,Ridge Top",-123.11442373,42.14894847,NA,NA,NA,NA,NA,NA,NA,NA,NA,NA,NA,NA,NA,NA,NA,1938
"S08","50","S080012_new","Star Gulch","ST08_050_02_new","1_new",1,40,"Hardwood","S","density",0.1,"S0812","YES","ARME",12.5062988919661,3,"LIVE",1,NA,NA,NA,NA,47,NA,"PSME-QUCH2/RHDI6","Douglas-fir - Dry","Mediterranean California Dry-Mesic Mixed Conifer Forest and Woodland","Warm",1434627.5,"Ridge Top",NA,2011,6,556,792,236,1164,6.2992125984252,0.477373191029495,0.216421260089817,198,196,131,"Douglas-fir - Dry,Warm,Ridge Top",-123.11292811,42.14544176,NA,NA,NA,NA,NA,NA,NA,NA,NA,NA,NA,NA,NA,NA,NA,1964
"S09","11","S090023_new","Star Gulch","ST09_011_04_new","3_new",1,NA,"Hardwood","S","density",0.1,NA,"NO","ARME",17.475058543429,0,"CLEAN SNAG",5,NA,NA,NA,NA,NA,NA,"PSME-QUCH2/RHDI6","Douglas-fir - Dry","Mediterranean California Dry-Mesic Mixed Conifer Forest and Woodland","Warm",1446691.75,"Ridge Top",NA,2011,6,534,735,201,1108,2.95275590551181,0.14202476352394,0.0475534995314539,255,221,126,"Douglas-fir - Dry,Warm,Ridge Top",-123.11109709,42.14472791,"Pacific madrone","Ridgetop","Small",0.0497322111706197,0.143888888888889,-17.5225369431286,-8.76126847156432,-3.63625495694863,-17.5225369431286,-8.76126847156432,-3.63625495694863,2002,2002,2002,2002,1932
"S09","13","S090025_new","Star Gulch","ST09_013_03_new","2_new",1,NA,"Hardwood","S","density",0.1,NA,"NO","ARME",18.1607585433882,3,"LIVE",1,NA,NA,NA,NA,NA,NA,"PSME-QUCH2/RHDI6","Douglas-fir - Dry","Mediterranean California Dry-Mesic Mixed Conifer Forest and Woodland","Warm",1446691.75,"Ridge Top",NA,2011,6,534,735,201,1108,7.55905511811024,0.639069394451587,0.311646614529337,255,221,126,"Douglas-fir - Dry,Warm,Ridge Top",-123.11109709,42.14472791,NA,NA,NA,NA,NA,NA,NA,NA,NA,NA,NA,NA,NA,NA,NA,1932
"S09","3","S090012_new","Star Gulch","ST09_003_03_new","2_new",1,NA,"Hardwood","S","density",0.1,NA,"NO","ARME",21.8930906246654,3,"LIVE",1,NA,NA,NA,NA,NA,NA,"PSME-QUCH2/RHDI6","Douglas-fir - Dry","Mediterranean California Dry-Mesic Mixed Conifer Forest and Woodland","Warm",1446691.75,"Ridge Top",NA,2011,6,534,735,201,1108,5.43307086614173,0.376766769703107,0.16099712801369,255,221,126,"Douglas-fir - Dry,Warm,Ridge Top",-123.11109709,42.14472791,NA,NA,NA,NA,NA,NA,NA,NA,NA,NA,NA,NA,NA,NA,NA,1964
"S09","6","S090016_new","Star Gulch","ST09_006_02_new","1_new",1,50,"Hardwood","S","density",0.1,NA,"NO","ARME",16.9032412752214,3,"LIVE",1,NA,NA,NA,NA,NA,NA,"PSME-QUCH2/RHDI6","Douglas-fir - Dry","Mediterranean California Dry-Mesic Mixed Conifer Forest and Woodland","Warm",1446691.75,"Ridge Top",NA,2011,6,534,735,201,1108,5.39370078740157,0.372407964855183,0.158672290258819,255,221,126,"Douglas-fir - Dry,Warm,Ridge Top",-123.11109709,42.14472791,NA,NA,NA,NA,NA,NA,NA,NA,NA,NA,NA,NA,NA,NA,NA,1964
"S09","7","S090018_new","Star Gulch","ST09_007_02_new","1_new",1,40,"Hardwood","S","density",0.1,NA,"NO","ARME",14.4345589223117,3,"LIVE",1,NA,NA,NA,NA,NA,NA,"PSME-QUCH2/RHDI6","Douglas-fir - Dry","Mediterranean California Dry-Mesic Mixed Conifer Forest and Woodland","Warm",1446691.75,"Ridge Top",NA,2011,6,534,735,201,1108,4.92125984251969,0.321604468383684,0.132093054254039,255,221,126,"Douglas-fir - Dry,Warm,Ridge Top",-123.11109709,42.14472791,NA,NA,NA,NA,NA,NA,NA,NA,NA,NA,NA,NA,NA,NA,NA,1961
"S09","88","S090112_new","Star Gulch","ST09_088_03_new","2_new",1,NA,"Hardwood","S","density",0.1,NA,"NO","ARME",24.0274817647615,0,"BROKEN TOPPED SNAG",6,NA,NA,NA,NA,NA,NA,"PSME-QUCH2/RHDI6","Douglas-fir - Dry","Mediterranean California Dry-Mesic Mixed Conifer Forest and Woodland","Warm",1446691.75,"Ridge Top",NA,2011,6,534,735,201,1108,2.95275590551181,0.14202476352394,0.0475534995314539,255,221,126,"Douglas-fir - Dry,Warm,Ridge Top",-123.11109709,42.14472791,"Pacific madrone","Ridgetop","Small",0.0497322111706197,0.143888888888889,-46.0852578110958,-23.0426289055479,-9.56355507776901,-27.8346365876187,-13.9173182938093,-5.77620898133034,1988,1997,1988,1997,1945
"S09","92","S090121_new","Star Gulch","ST09_092_03_new","2_new",1,NA,"Hardwood","S","density",0.1,NA,"NO","ARME",37.3563912819939,0,"CLEAN SNAG",5,NA,NA,NA,NA,NA,NA,"PSME-QUCH2/RHDI6","Douglas-fir - Dry","Mediterranean California Dry-Mesic Mixed Conifer Forest and Woodland","Warm",1446691.75,"Ridge Top",NA,2011,6,534,735,201,1108,4.48818897637795,0.27753247938981,0.109867605317471,255,221,126,"Douglas-fir - Dry,Warm,Ridge Top",-123.11109709,42.14472791,"Pacific madrone","Ridgetop","Small",0.0497322111706197,0.143888888888889,-17.5225369431286,-8.76126847156432,-3.63625495694863,-17.5225369431286,-8.76126847156432,-3.63625495694863,2002,2002,2002,2002,1951
"S09","93","S090126_new","Star Gulch","ST09_093_05_new","4_new",1,NA,"Hardwood","S","density",0.1,NA,"NO","ARME",42.5921085338922,0,"CLEAN SNAG",5,NA,NA,NA,NA,NA,NA,"PSME-QUCH2/RHDI6","Douglas-fir - Dry","Mediterranean California Dry-Mesic Mixed Conifer Forest and Woodland","Warm",1446691.75,"Ridge Top",NA,2011,6,534,735,201,1108,2.95275590551181,0.14202476352394,0.0475534995314539,255,221,126,"Douglas-fir - Dry,Warm,Ridge Top",-123.11109709,42.14472791,"Pacific madrone","Ridgetop","Small",0.0497322111706197,0.143888888888889,-17.5225369431286,-8.76126847156432,-3.63625495694863,-17.5225369431286,-8.76126847156432,-3.63625495694863,2002,2002,2002,2002,1956
"S10","42","S100050_new","Star Gulch","ST10_042_03_new","2_new",1,NA,"Hardwood","S","density",0.1,NA,"NO","ARME",21.3562401785346,3,"LIVE",1,NA,NA,NA,NA,NA,NA,"PSME-QUCH2/RHDI6","Douglas-fir - Dry","Mediterranean California Dry-Mesic Mixed Conifer Forest and Woodland","Warm",1403850.625,"Ridge Top",NA,2011,6,533,732,199,1060,6.49606299212598,0.501464696942232,0.230158937732237,312,265,142,"Douglas-fir - Dry,Warm,Ridge Top",-123.10954988,42.14417873,NA,NA,NA,NA,NA,NA,NA,NA,NA,NA,NA,NA,NA,NA,NA,1930
"S10","45","S100059_new","Star Gulch","ST10_045_04_new","3_new",1,NA,"Hardwood","S","density",0.1,NA,"NO","ARME",23.2158575166809,0,"BROKEN TOPPED SNAG",6,NA,NA,NA,NA,NA,NA,"PSME-QUCH2/RHDI6","Douglas-fir - Dry","Mediterranean California Dry-Mesic Mixed Conifer Forest and Woodland","Warm",1403850.625,"Ridge Top",NA,2011,6,533,732,199,1060,2.95275590551181,0.14202476352394,0.0475534995314539,312,265,142,"Douglas-fir - Dry,Warm,Ridge Top",-123.10954988,42.14417873,"Pacific madrone","Ridgetop","Small",0.0497322111706197,0.143888888888889,-46.0852578110958,-23.0426289055479,-9.56355507776901,-27.8346365876187,-13.9173182938093,-5.77620898133034,1988,1997,1988,1997,1929
"S10","55","S100076_new","Star Gulch","ST10_055_04_new","3_new",1,NA,"Hardwood","S","density",0.1,NA,"NO","ARME",28.5900490670533,0,"CUT STUMP",2,NA,NA,NA,NA,NA,1983,"PSME-QUCH2/RHDI6","Douglas-fir - Dry","Mediterranean California Dry-Mesic Mixed Conifer Forest and Woodland","Warm",1403850.625,"Ridge Top",NA,2011,6,533,732,199,1060,3.34645669291339,0.173514724311901,0.0610798282870675,312,265,142,"Douglas-fir - Dry,Warm,Ridge Top",-123.10954988,42.14417873,"Pacific madrone","Ridgetop","Small",0.0497322111706197,0.143888888888889,NA,NA,NA,NA,NA,NA,NA,NA,1983,1983,1920
"S10","60","S100085_new","Star Gulch","ST10_060_02_new","1_new",1,60,"Hardwood","S","density",0.1,NA,"NO","ARME",24.1476241888184,3,"LIVE",1,NA,NA,NA,NA,NA,NA,"PSME-QUCH2/RHDI6","Douglas-fir - Dry","Mediterranean California Dry-Mesic Mixed Conifer Forest and Woodland","Warm",1403850.625,"Ridge Top",NA,2011,6,533,732,199,1060,5.90551181102362,0.430538573855914,0.190213998125816,312,265,142,"Douglas-fir - Dry,Warm,Ridge Top",-123.10954988,42.14417873,NA,NA,NA,NA,NA,NA,NA,NA,NA,NA,NA,NA,NA,NA,NA,1948
"S10","61","S100089_new","Star Gulch","ST10_061_04_new","3_new",1,NA,"Hardwood","S","density",0.1,NA,"NO","ARME",45.7545819275845,3,"LIVE",1,NA,NA,NA,NA,NA,NA,"PSME-QUCH2/RHDI6","Douglas-fir - Dry","Mediterranean California Dry-Mesic Mixed Conifer Forest and Woodland","Warm",1403850.625,"Ridge Top",NA,2011,6,533,732,199,1060,7.00787401574803,0.566158532771247,0.267855125183038,312,265,142,"Douglas-fir - Dry,Warm,Ridge Top",-123.10954988,42.14417873,NA,NA,NA,NA,NA,NA,NA,NA,NA,NA,NA,NA,NA,NA,NA,1929
"T04","13","T040046_new","Taylor Ridge","TY04_013_02_new","2_new",1,NA,"Hardwood","T","density",0.1,NA,"NO","ARME",41.4576930435827,0,"CUT STUMP",2,NA,NA,NA,NA,NA,2007,"LIDE3-PSME-QUCH2/RHDI6","Tan oak - Douglas-fir - Dry","Mediterranean California Mixed-Evergreen Forest -- Interior","Cool",728634.25,"Mid Slope",NA,2014,6,487,658,172,324,4.86443818897638,0.315683805228984,0.129060329003863,73,190,148,"Tan oak - Douglas-fir - Dry,Cool,Mid Slope",-123.59941112,42.55766391,"Pacific madrone","Other","Small",0.0497322111706197,0.0850555555555556,NA,NA,NA,NA,NA,NA,NA,NA,2007,2007,1917
"T04","40","T040075_new","Taylor Ridge","TY04_040_02_new","2_new",1,NA,"Hardwood","T","density",0.1,NA,"NO","LIDE",13.0706465341072,3,"LIVE",1,NA,NA,NA,NA,NA,NA,"LIDE3-PSME-QUCH2/RHDI6","Tan oak - Douglas-fir - Dry","Mediterranean California Mixed-Evergreen Forest -- Interior","Cool",728634.25,"Mid Slope",NA,2014,3,487,658,172,324,0.984251968503937,0.024488944517889,0.00528372217016155,73,190,148,"Tan oak - Douglas-fir - Dry,Cool,Mid Slope",-123.59941112,42.55766391,NA,NA,NA,NA,NA,NA,NA,NA,NA,NA,NA,NA,NA,NA,NA,1924
"T04","41","T040009_new","Taylor Ridge","TY04_041_01_new","1_new",1,90,"Hardwood","T","density",0.1,"T0409","YES","LIDE",39.2763238918868,3,"LIVE",1,NA,NA,NA,NA,NA,NA,"LIDE3-PSME-QUCH2/RHDI6","Tan oak - Douglas-fir - Dry","Mediterranean California Mixed-Evergreen Forest -- Interior","Cool",728634.25,"Mid Slope",NA,2014,3,487,658,172,324,6.25984251968504,0.472608417341853,0.213724448294167,73,190,148,"Tan oak - Douglas-fir - Dry,Cool,Mid Slope",-123.59941112,42.55766391,NA,NA,NA,NA,NA,NA,NA,NA,NA,NA,NA,NA,NA,NA,NA,1926
"T04","42","T040030_new","Taylor Ridge","TY04_042_01_new","1_new",1,48,"Hardwood","T","density",0.1,"T0430","YES","UMCA",22.7817950144639,4,"LIVE",1,NA,NA,NA,NA,NA,NA,"LIDE3-PSME-QUCH2/RHDI6","Tan oak - Douglas-fir - Dry","Mediterranean California Mixed-Evergreen Forest -- Interior","Cool",728634.25,"Mid Slope",NA,2014,3,487,658,172,324,4.17322834645669,0.247033264668595,0.0949886436862962,73,190,148,"Tan oak - Douglas-fir - Dry,Cool,Mid Slope",-123.59941112,42.55766391,NA,NA,NA,NA,NA,NA,NA,NA,NA,NA,NA,NA,NA,NA,NA,1915
"T04","51","T040018_new","Taylor Ridge","TY04_051_01_new","1_new",1,82,"Hardwood","T","density",0.1,"T0418","YES","UMCA",14.319280810771,3,"LIVE",1,NA,NA,NA,NA,96,NA,"LIDE3-PSME-QUCH2/RHDI6","Tan oak - Douglas-fir - Dry","Mediterranean California Mixed-Evergreen Forest -- Interior","Cool",728634.25,"Mid Slope",NA,2014,3,487,658,172,324,8.03149606299213,0.704164815654353,0.351819810933509,73,190,148,"Tan oak - Douglas-fir - Dry,Cool,Mid Slope",-123.59941112,42.55766391,NA,NA,NA,NA,NA,NA,NA,NA,NA,NA,NA,NA,NA,NA,NA,1924
"T04","55","T040109_new","Taylor Ridge","TY04_055_04_new","4_new",1,NA,"Hardwood","T","density",0.1,NA,"NO","LIDE",40.5262709577646,4,"LIVE",1,NA,NA,NA,NA,NA,NA,"LIDE3-PSME-QUCH2/RHDI6","Tan oak - Douglas-fir - Dry","Mediterranean California Mixed-Evergreen Forest -- Interior","Cool",728634.25,"Mid Slope",NA,2014,3,487,658,172,324,0.984251968503937,0.024488944517889,0.00528372217016155,73,190,148,"Tan oak - Douglas-fir - Dry,Cool,Mid Slope",-123.59941112,42.55766391,NA,NA,NA,NA,NA,NA,NA,NA,NA,NA,NA,NA,NA,NA,NA,1917
"T04","62","T040124_002_new","Taylor Ridge","TY04_062_03_002_new","3_new",1,NA,"Hardwood","T","density",0.1,NA,"NO","LIDE",25.8299136805301,4,"LIVE",1,NA,NA,NA,NA,NA,NA,"LIDE3-PSME-QUCH2/RHDI6","Tan oak - Douglas-fir - Dry","Mediterranean California Mixed-Evergreen Forest -- Interior","Cool",728634.25,"Mid Slope",NA,2014,3,487,658,172,324,0.984251968503937,0.024488944517889,0.00528372217016155,73,190,148,"Tan oak - Douglas-fir - Dry,Cool,Mid Slope",-123.59941112,42.55766391,NA,NA,NA,NA,NA,NA,NA,NA,NA,NA,NA,NA,NA,NA,NA,1924
"T06","30","T060054_new","Taylor Ridge","TY06_030_01_new","1_new",1,50,"Hardwood","T","density",0.1,NA,"NO","ARME",18.6161434855503,3,"LIVE",1,NA,NA,NA,NA,NA,NA,"LIDE3-PSME-QUCH2/RHDI6","Tan oak - Douglas-fir - Dry","Mediterranean California Mixed-Evergreen Forest -- Interior","Cool",927144.375,"Ridge Top",NA,2014,6,540,794,254,381,5.11811023622047,0.342432847395884,0.142871847481168,267,367,279,"Tan oak - Douglas-fir - Dry,Cool,Ridge Top",-123.60442212,42.56015719,NA,NA,NA,NA,NA,NA,NA,NA,NA,NA,NA,NA,NA,NA,NA,1934
"T06","52","T060078_new","Taylor Ridge","TY06_052_02_new","2_new",1,NA,"Hardwood","T","density",0.1,NA,"NO","LIDE",23.9100694831465,3,"LIVE",1,NA,NA,NA,NA,NA,NA,"LIDE3-PSME-QUCH2/RHDI6","Tan oak - Douglas-fir - Dry","Mediterranean California Mixed-Evergreen Forest -- Interior","Cool",927144.375,"Ridge Top",NA,2014,3,540,794,254,381,6.22047244094488,0.467861590132522,0.211044544409461,267,367,279,"Tan oak - Douglas-fir - Dry,Cool,Ridge Top",-123.60442212,42.56015719,NA,NA,NA,NA,NA,NA,NA,NA,NA,NA,NA,NA,NA,NA,NA,1932
"T06","63","T060024_new","Taylor Ridge","TY06_063_01_new","1_new",1,44,"Hardwood","T","density",0.1,"T0624","YES","LIDE",15.6587145902072,2,"LIVE",1,NA,NA,NA,NA,NA,NA,"LIDE3-PSME-QUCH2/RHDI6","Tan oak - Douglas-fir - Dry","Mediterranean California Mixed-Evergreen Forest -- Interior","Cool",927144.375,"Ridge Top",NA,2014,3,540,794,254,381,5.11811023622047,0.342432847395884,0.142871847481168,267,367,279,"Tan oak - Douglas-fir - Dry,Cool,Ridge Top",-123.60442212,42.56015719,NA,NA,NA,NA,NA,NA,NA,NA,NA,NA,NA,NA,NA,NA,NA,1933
"T06","70","T060025_new","Taylor Ridge","TY06_070_01_new","1_new",1,102,"Hardwood","T","density",0.1,"T0625","YES","LIDE",32.1708470658391,2,"LIVE",1,NA,NA,NA,NA,NA,NA,"LIDE3-PSME-QUCH2/RHDI6","Tan oak - Douglas-fir - Dry","Mediterranean California Mixed-Evergreen Forest -- Interior","Cool",927144.375,"Ridge Top",NA,2014,3,540,794,254,381,9.64566929133858,0.94391261086494,0.507448677222315,267,367,279,"Tan oak - Douglas-fir - Dry,Cool,Ridge Top",-123.60442212,42.56015719,NA,NA,NA,NA,NA,NA,NA,NA,NA,NA,NA,NA,NA,NA,NA,1917
"V01","15","V010007_new","Evans Creek","EV01_015_01_new","1_new",1,50,"Hardwood","V","density",0.1,"V0107","YES","ARME",12.0909237301802,3,"LIVE",1,NA,NA,NA,NA,75,NA,"PSME-CADE27/BEPI2","Douglas-fir - Dry","Mediterranean California Dry-Mesic Mixed Conifer Forest and Woodland","Cool",1048722.75,"Ridge Top",NA,2012,6,535,708,174,942,7.67716535433071,0.655120865081644,0.321461656832629,194,335,276,"Douglas-fir - Dry,Cool,Ridge Top",-122.97484428,42.65074664,NA,NA,NA,NA,NA,NA,NA,NA,NA,NA,NA,NA,NA,NA,NA,1929
"V02","25","V020025_new","Evans Creek","EV02_025_02_new","2_new",1,NA,"Hardwood","V","density",0.1,NA,"NO","ARME",16.1919763855023,0,"OLDER DEAD",4,NA,NA,NA,NA,NA,NA,"PSME-CADE27/BEPI2","Douglas-fir - Dry","Mediterranean California Dry-Mesic Mixed Conifer Forest and Woodland","Warm",1188335.875,"Ridge Top",NA,2012,6,518,665,147,916,9.44881889763779,0.9132801956714,0.486947835202088,239,218,126,"Douglas-fir - Dry,Warm,Ridge Top",-122.97382432,42.65065078,"Pacific madrone","Ridgetop","Medium",0.0497322111706197,0.140333333333333,-7.60356803384786,-3.80178401692393,-1.57788293118239,-7.60356803384786,-3.80178401692393,-1.57788293118239,2008,2008,2008,2008,1931
"V02","55","V020054_new","Evans Creek","EV02_055_02_new","2_new",1,NA,"Hardwood","V","density",0.1,NA,"NO","ARME",40.2477176681293,3,"LIVE",1,NA,NA,NA,NA,NA,NA,"PSME-CADE27/BEPI2","Douglas-fir - Dry","Mediterranean California Dry-Mesic Mixed Conifer Forest and Woodland","Warm",1188335.875,"Ridge Top",NA,2012,6,518,665,147,916,8.62204724409449,0.788817682073436,0.405460158404989,239,218,126,"Douglas-fir - Dry,Warm,Ridge Top",-122.97382432,42.65065078,NA,NA,NA,NA,NA,NA,NA,NA,NA,NA,NA,NA,NA,NA,NA,1924
"V03","66","V030060_new","Evans Creek","EV03_066_02_new","2_new",1,NA,"Hardwood","V","density",0.1,NA,"NO","ARME",14.6271732487183,3,"LIVE",1,NA,NA,NA,NA,NA,NA,"PSME-CADE27/BEPI2","Douglas-fir - Dry","Mediterranean California Dry-Mesic Mixed Conifer Forest and Woodland","Warm",1212809.125,"Mid Slope",NA,2012,6,506,638,132,829,6.49606299212598,0.501464696942232,0.230158937732237,206,294,211,"Douglas-fir - Dry,Warm,Mid Slope",-122.97191981,42.65046553,NA,NA,NA,NA,NA,NA,NA,NA,NA,NA,NA,NA,NA,NA,NA,1944
"V03","67","V030061_new","Evans Creek","EV03_067_01_new","1_new",1,52,"Hardwood","V","density",0.1,NA,"NO","ARME",14.9023384457355,3,"LIVE",1,NA,NA,NA,NA,NA,NA,"PSME-CADE27/BEPI2","Douglas-fir - Dry","Mediterranean California Dry-Mesic Mixed Conifer Forest and Woodland","Warm",1212809.125,"Mid Slope",NA,2012,6,506,638,132,829,7.28346456692913,0.602200093840932,0.289336626038046,206,294,211,"Douglas-fir - Dry,Warm,Mid Slope",-122.97191981,42.65046553,NA,NA,NA,NA,NA,NA,NA,NA,NA,NA,NA,NA,NA,NA,NA,1927
"V08","15","V080018_new","Evans Creek","EV08_015_01_new","1_new",1,80,"Hardwood","V","density",0.1,NA,"NO","ARME",11.3038350466584,3,"LIVE",1,NA,NA,NA,NA,NA,NA,"PSME-ABCO","Douglas-fir - Dry","Mediterranean California Dry-Mesic Mixed Conifer Forest and Woodland","Warm",1407036.25,"Mid Slope",NA,2012,6,538,704,166,949,11.8503937007874,1.31211664965614,0.76593681974209,352,415,267,"Douglas-fir - Dry,Warm,Mid Slope",-122.97476226,42.64525043,NA,NA,NA,NA,NA,NA,NA,NA,NA,NA,NA,NA,NA,NA,NA,1921
"V10","13","V100021_new","Evans Creek","EV10_013_04_new","4_new",1,NA,"Hardwood","V","density",0.1,NA,"NO","ARME",20.8188781741049,3,"LIVE",1,NA,NA,NA,NA,NA,NA,"PSME-CADE27/BEPI2","Douglas-fir - Dry","Mediterranean California Dry-Mesic Mixed Conifer Forest and Woodland","Warm",1338952.5,"Mid Slope",NA,2012,6,528,675,147,900,7.28346456692913,0.602200093840932,0.289336626038046,279,416,295,"Douglas-fir - Dry,Warm,Mid Slope",-122.97473011,42.64361516,NA,NA,NA,NA,NA,NA,NA,NA,NA,NA,NA,NA,NA,NA,NA,1921
"VA","352","V0A0440_new","Evans Creek","MEV3532_new","2_new",1,NA,"Hardwood","V","stem",3,NA,"NO","QUKE",26.1513466044574,4,"LIVE",1,NA,NA,NA,NA,NA,NA,"PSME-CADE27/BEPI2","Douglas-fir - Dry","Mediterranean California Dry-Mesic Mixed Conifer Forest and Woodland","Warm",1266381.625,"Ridge Top",NA,2012,3,530,692,163,950,2.55905511811024,0.112960712761839,0.0357179618702921,102,330,269,"Douglas-fir - Dry,Warm,Ridge Top",-122.9726802,42.64678735,NA,NA,NA,NA,NA,NA,NA,NA,NA,NA,NA,NA,NA,NA,NA,1926
"VA","510","V0A0595_new","Evans Creek","MEV5101_new","1_new",1,58,"Hardwood","V","stem",3,NA,"NO","ARME",21.171768018264,4,"LIVE",1,NA,NA,NA,NA,NA,NA,"PSME-CADE27/BEPI2","Douglas-fir - Dry","Mediterranean California Dry-Mesic Mixed Conifer Forest and Woodland","Warm",1266381.625,"Ridge Top",NA,2012,6,530,692,163,950,6.2992125984252,0.477373191029495,0.216421260089817,102,330,269,"Douglas-fir - Dry,Warm,Ridge Top",-122.9733019,42.64611547,NA,NA,NA,NA,NA,NA,NA,NA,NA,NA,NA,NA,NA,NA,NA,1930
"VA","784","V0A0856_new","Evans Creek","MEV7841_new","1_new",1,100,"Hardwood","V","stem",3,NA,"NO","ARME",39.9422728581873,4,"LIVE",1,NA,NA,NA,NA,NA,NA,"PSME-CADE27/BEPI2","Douglas-fir - Dry","Mediterranean California Dry-Mesic Mixed Conifer Forest and Woodland","Warm",1266381.625,"Ridge Top",NA,2012,6,530,692,163,950,7.28346456692913,0.602200093840932,0.289336626038046,102,330,269,"Douglas-fir - Dry,Warm,Ridge Top",-122.9737042,42.6464392,NA,NA,NA,NA,NA,NA,NA,NA,NA,NA,NA,NA,NA,NA,NA,1931
