"spcd_mod","avg_dbh","snaglife","snagfall"
1,58.4647058823529,30.2323529411765,0.0330771475824497
2,59.7150943396226,30.8575471698113,0.032406982787612
3,25.91875,13.959375,0.0716364450414148
4,61.367032967033,31.6835164835165,0.031562153163152
5,45.61,23.805,0.0420079815164881
6,38.2153846153846,20.1076923076923,0.0497322111706197
7,52.9952380952381,27.497619047619,0.0363667850030306
